method,simnum,listnum,hit,miss,fa,cr,cost,startseed
rw,0,1,53,340,45,12282,385.0,0
goni,0,1,4,389,1,12326,390.0,0
chan,0,1,50,343,44,12283,387.0,0
kenett,0,1,14,379,244,12083,623.0,0
fe,0,1,3,390,0,12327,390.0,0
rw,0,2,100,293,86,12241,379.0,0
goni,0,2,22,371,8,12319,379.0,0
chan,0,2,80,313,67,12260,380.0,0
kenett,0,2,17,376,352,11975,728.0,0
fe,0,2,6,387,0,12327,387.0,0
rw,0,3,146,247,121,12206,368.0,0
goni,0,3,48,345,21,12306,366.0,0
chan,0,3,87,306,83,12244,389.0,0
kenett,0,3,19,374,386,11941,760.0,0
fe,0,3,9,384,0,12327,384.0,0
rw,0,4,184,209,157,12170,366.0,0
goni,0,4,73,320,30,12297,350.0,0
chan,0,4,100,293,91,12236,384.0,0
kenett,0,4,24,369,408,11919,777.0,0
fe,0,4,12,381,0,12327,381.0,0
rw,0,5,212,181,189,12138,370.0,0
goni,0,5,107,286,36,12291,322.0,0
chan,0,5,109,284,91,12236,375.0,0
kenett,0,5,14,379,430,11897,809.0,0
fe,0,5,15,378,0,12327,378.0,0
rw,0,6,245,148,222,12105,370.0,0
goni,0,6,121,272,45,12282,317.0,0
chan,0,6,109,284,99,12228,383.0,0
kenett,0,6,17,376,433,11894,809.0,0
fe,0,6,18,375,0,12327,375.0,0
rw,0,7,265,128,245,12082,373.0,0
goni,0,7,160,233,68,12259,301.0,0
chan,0,7,120,273,84,12243,357.0,0
kenett,0,7,21,372,441,11886,813.0,0
fe,0,7,21,372,0,12327,372.0,0
rw,0,8,289,104,273,12054,377.0,0
goni,0,8,181,212,83,12244,295.0,0
chan,0,8,122,271,65,12262,336.0,0
kenett,0,8,20,373,448,11879,821.0,0
fe,0,8,24,369,0,12327,369.0,0
rw,0,9,304,89,299,12028,388.0,0
goni,0,9,198,195,106,12221,301.0,0
chan,0,9,121,272,58,12269,330.0,0
kenett,0,9,20,373,448,11879,821.0,0
fe,0,9,27,366,0,12327,366.0,0
rw,0,10,319,74,325,12002,399.0,0
goni,0,10,226,167,114,12213,281.0,0
chan,0,10,123,270,50,12277,320.0,0
kenett,0,10,27,366,441,11886,807.0,0
fe,0,10,30,363,0,12327,363.0,0
rw,0,11,329,64,356,11971,420.0,0
goni,0,11,238,155,130,12197,285.0,0
chan,0,11,122,271,44,12283,315.0,0
kenett,0,11,25,368,443,11884,811.0,0
fe,0,11,33,360,0,12327,360.0,0
rw,0,12,340,53,377,11950,430.0,0
goni,0,12,252,141,139,12188,280.0,0
chan,0,12,127,266,42,12285,308.0,0
kenett,0,12,35,358,436,11891,794.0,0
fe,0,12,36,357,0,12327,357.0,0
rw,0,13,344,49,409,11918,458.0,0
goni,0,13,263,130,150,12177,280.0,0
chan,0,13,129,264,36,12291,300.0,0
kenett,0,13,38,355,433,11894,788.0,0
fe,0,13,39,354,0,12327,354.0,0
rw,0,14,349,44,435,11892,479.0,0
goni,0,14,277,116,157,12170,273.0,0
chan,0,14,139,254,27,12300,281.0,0
kenett,0,14,27,366,444,11883,810.0,0
fe,0,14,42,351,0,12327,351.0,0
rw,0,15,359,34,468,11859,502.0,0
goni,0,15,285,108,166,12161,274.0,0
chan,0,15,138,255,23,12304,278.0,0
kenett,0,15,202,191,272,12055,463.0,0
fe,0,15,45,348,0,12327,348.0,0
rw,0,16,363,30,491,11836,521.0,0
goni,0,16,293,100,172,12155,272.0,0
chan,0,16,137,256,24,12303,280.0,0
kenett,0,16,216,177,258,12069,435.0,0
fe,0,16,48,345,0,12327,345.0,0
rw,0,17,366,27,515,11812,542.0,0
goni,0,17,299,94,176,12151,270.0,0
chan,0,17,140,253,25,12302,278.0,0
kenett,0,17,221,172,253,12074,425.0,0
fe,0,17,51,342,0,12327,342.0,0
rw,0,18,367,26,539,11788,565.0,0
goni,0,18,305,88,181,12146,269.0,0
chan,0,18,141,252,22,12305,274.0,0
kenett,0,18,209,184,265,12062,449.0,0
fe,0,18,53,340,0,12327,340.0,0
rw,0,19,371,22,552,11775,574.0,0
goni,0,19,313,80,194,12133,274.0,0
chan,0,19,142,251,22,12305,273.0,0
kenett,0,19,217,176,257,12070,433.0,0
fe,0,19,54,339,0,12327,339.0,0
rw,0,20,371,22,567,11760,589.0,0
goni,0,20,324,69,201,12126,270.0,0
chan,0,20,145,248,19,12308,267.0,0
kenett,0,20,219,174,255,12072,429.0,0
fe,0,20,57,336,0,12327,336.0,0
rw,0,21,374,19,590,11737,609.0,0
goni,0,21,330,63,219,12108,282.0,0
chan,0,21,143,250,18,12309,268.0,0
kenett,0,21,228,165,246,12081,411.0,0
fe,0,21,59,334,0,12327,334.0,0
rw,0,22,375,18,612,11715,630.0,0
goni,0,22,336,57,225,12102,282.0,0
chan,0,22,143,250,17,12310,267.0,0
kenett,0,22,228,165,246,12081,411.0,0
fe,0,22,62,331,0,12327,331.0,0
rw,0,23,376,17,630,11697,647.0,0
goni,0,23,340,53,240,12087,293.0,0
chan,0,23,144,249,16,12311,265.0,0
kenett,0,23,227,166,247,12080,413.0,0
fe,0,23,63,330,0,12327,330.0,0
rw,0,24,379,14,656,11671,670.0,0
goni,0,24,346,47,246,12081,293.0,0
chan,0,24,142,251,18,12309,269.0,0
kenett,0,24,235,158,239,12088,397.0,0
fe,0,24,66,327,0,12327,327.0,0
rw,0,25,381,12,678,11649,690.0,0
goni,0,25,347,46,259,12068,305.0,0
chan,0,25,142,251,19,12308,270.0,0
kenett,0,25,223,170,251,12076,421.0,0
fe,0,25,69,324,0,12327,324.0,0
rw,0,26,382,11,696,11631,707.0,0
goni,0,26,344,49,270,12057,319.0,0
chan,0,26,144,249,16,12311,265.0,0
kenett,0,26,235,158,239,12088,397.0,0
fe,0,26,72,321,0,12327,321.0,0
rw,0,27,382,11,719,11608,730.0,0
goni,0,27,351,42,274,12053,316.0,0
chan,0,27,148,245,12,12315,257.0,0
kenett,0,27,236,157,238,12089,395.0,0
fe,0,27,74,319,0,12327,319.0,0
rw,0,28,384,9,735,11592,744.0,0
goni,0,28,358,35,280,12047,315.0,0
chan,0,28,147,246,13,12314,259.0,0
kenett,0,28,244,149,230,12097,379.0,0
fe,0,28,75,318,0,12327,318.0,0
rw,0,29,384,9,759,11568,768.0,0
goni,0,29,359,34,280,12047,314.0,0
chan,0,29,149,244,11,12316,255.0,0
kenett,0,29,243,150,231,12096,381.0,0
fe,0,29,78,315,0,12327,315.0,0
rw,0,30,384,9,778,11549,787.0,0
goni,0,30,359,34,293,12034,327.0,0
chan,0,30,148,245,11,12316,256.0,0
kenett,0,30,246,147,228,12099,375.0,0
fe,0,30,81,312,0,12327,312.0,0
rw,0,31,385,8,793,11534,801.0,0
goni,0,31,362,31,303,12024,334.0,0
chan,0,31,148,245,11,12316,256.0,0
kenett,0,31,256,137,218,12109,355.0,0
fe,0,31,82,311,0,12327,311.0,0
rw,0,32,387,6,807,11520,813.0,0
goni,0,32,365,28,313,12014,341.0,0
chan,0,32,149,244,10,12317,254.0,0
kenett,0,32,252,141,222,12105,363.0,0
fe,0,32,82,311,0,12327,311.0,0
rw,0,33,387,6,823,11504,829.0,0
goni,0,33,366,27,326,12001,353.0,0
chan,0,33,150,243,9,12318,252.0,0
kenett,0,33,252,141,222,12105,363.0,0
fe,0,33,84,309,0,12327,309.0,0
rw,0,34,388,5,838,11489,843.0,0
goni,0,34,365,28,327,12000,355.0,0
chan,0,34,150,243,9,12318,252.0,0
kenett,0,34,257,136,217,12110,353.0,0
fe,0,34,87,306,0,12327,306.0,0
rw,0,35,388,5,861,11466,866.0,0
goni,0,35,368,25,327,12000,352.0,0
chan,0,35,150,243,9,12318,252.0,0
kenett,0,35,256,137,218,12109,355.0,0
fe,0,35,90,303,0,12327,303.0,0
rw,0,36,389,4,882,11445,886.0,0
goni,0,36,371,22,333,11994,355.0,0
chan,0,36,150,243,9,12318,252.0,0
kenett,0,36,264,129,210,12117,339.0,0
fe,0,36,91,302,0,12327,302.0,0
rw,0,37,389,4,899,11428,903.0,0
goni,0,37,370,23,335,11992,358.0,0
chan,0,37,150,243,9,12318,252.0,0
kenett,0,37,265,128,209,12118,337.0,0
fe,0,37,94,299,0,12327,299.0,0
rw,0,38,389,4,913,11414,917.0,0
goni,0,38,373,20,346,11981,366.0,0
chan,0,38,149,244,10,12317,254.0,0
kenett,0,38,266,127,208,12119,335.0,0
fe,0,38,96,297,0,12327,297.0,0
rw,0,39,390,3,936,11391,939.0,0
goni,0,39,373,20,351,11976,371.0,0
chan,0,39,150,243,9,12318,252.0,0
kenett,0,39,269,124,205,12122,329.0,0
fe,0,39,97,296,0,12327,296.0,0
rw,0,40,390,3,946,11381,949.0,0
goni,0,40,376,17,357,11970,374.0,0
chan,0,40,150,243,9,12318,252.0,0
kenett,0,40,267,126,207,12120,333.0,0
fe,0,40,100,293,0,12327,293.0,0
rw,0,41,391,2,966,11361,968.0,0
goni,0,41,375,18,371,11956,389.0,0
chan,0,41,150,243,9,12318,252.0,0
kenett,0,41,269,124,205,12122,329.0,0
fe,0,41,100,293,0,12327,293.0,0
rw,0,42,391,2,976,11351,978.0,0
goni,0,42,376,17,376,11951,393.0,0
chan,0,42,151,242,8,12319,250.0,0
kenett,0,42,266,127,208,12119,335.0,0
fe,0,42,102,291,0,12327,291.0,0
rw,0,43,391,2,999,11328,1001.0,0
goni,0,43,377,16,385,11942,401.0,0
chan,0,43,150,243,9,12318,252.0,0
kenett,0,43,265,128,209,12118,337.0,0
fe,0,43,105,288,0,12327,288.0,0
rw,0,44,391,2,1021,11306,1023.0,0
goni,0,44,377,16,389,11938,405.0,0
chan,0,44,153,240,6,12321,246.0,0
kenett,0,44,260,133,214,12113,347.0,0
fe,0,44,106,287,0,12327,287.0,0
rw,0,45,391,2,1034,11293,1036.0,0
goni,0,45,377,16,390,11937,406.0,0
chan,0,45,153,240,6,12321,246.0,0
kenett,0,45,272,121,202,12125,323.0,0
fe,0,45,109,284,0,12327,284.0,0
rw,0,46,391,2,1052,11275,1054.0,0
goni,0,46,379,14,389,11938,403.0,0
chan,0,46,153,240,6,12321,246.0,0
kenett,0,46,269,124,205,12122,329.0,0
fe,0,46,111,282,0,12327,282.0,0
rw,0,47,391,2,1065,11262,1067.0,0
goni,0,47,382,11,393,11934,404.0,0
chan,0,47,153,240,6,12321,246.0,0
kenett,0,47,268,125,206,12121,331.0,0
fe,0,47,114,279,0,12327,279.0,0
rw,0,48,391,2,1081,11246,1083.0,0
goni,0,48,381,12,404,11923,416.0,0
chan,0,48,152,241,7,12320,248.0,0
kenett,0,48,267,126,207,12120,333.0,0
fe,0,48,117,276,0,12327,276.0,0
rw,0,49,391,2,1095,11232,1097.0,0
goni,0,49,382,11,413,11914,424.0,0
chan,0,49,152,241,7,12320,248.0,0
kenett,0,49,265,128,209,12118,337.0,0
fe,0,49,120,273,0,12327,273.0,0
rw,0,50,392,1,1112,11215,1113.0,0
goni,0,50,382,11,424,11903,435.0,0
chan,0,50,152,241,7,12320,248.0,0
kenett,0,50,272,121,202,12125,323.0,0
fe,0,50,123,270,0,12327,270.0,0
rw,1,1,66,327,29,12298,356.0,150
goni,1,1,10,383,4,12323,387.0,150
chan,1,1,57,336,24,12303,360.0,150
kenett,1,1,15,378,204,12123,582.0,150
fe,1,1,3,390,0,12327,390.0,150
rw,1,2,127,266,54,12273,320.0,150
goni,1,2,38,355,11,12316,366.0,150
chan,1,2,92,301,28,12299,329.0,150
kenett,1,2,17,376,289,12038,665.0,150
fe,1,2,6,387,0,12327,387.0,150
rw,1,3,167,226,82,12245,308.0,150
goni,1,3,72,321,25,12302,346.0,150
chan,1,3,103,290,40,12287,330.0,150
kenett,1,3,19,374,329,11998,703.0,150
fe,1,3,9,384,0,12327,384.0,150
rw,1,4,207,186,101,12226,287.0,150
goni,1,4,96,297,30,12297,327.0,150
chan,1,4,120,273,41,12286,314.0,150
kenett,1,4,26,367,364,11963,731.0,150
fe,1,4,11,382,0,12327,382.0,150
rw,1,5,234,159,130,12197,289.0,150
goni,1,5,120,273,43,12284,316.0,150
chan,1,5,122,271,49,12278,320.0,150
kenett,1,5,18,375,402,11925,777.0,150
fe,1,5,14,379,0,12327,379.0,150
rw,1,6,259,134,156,12171,290.0,150
goni,1,6,145,248,55,12272,303.0,150
chan,1,6,122,271,55,12272,326.0,150
kenett,1,6,19,374,416,11911,790.0,150
fe,1,6,17,376,0,12327,376.0,150
rw,1,7,275,118,194,12133,312.0,150
goni,1,7,168,225,79,12248,304.0,150
chan,1,7,118,275,60,12267,335.0,150
kenett,1,7,22,371,425,11902,796.0,150
fe,1,7,20,373,0,12327,373.0,150
rw,1,8,295,98,226,12101,324.0,150
goni,1,8,189,204,95,12232,299.0,150
chan,1,8,123,270,61,12266,331.0,150
kenett,1,8,20,373,436,11891,809.0,150
fe,1,8,23,370,0,12327,370.0,150
rw,1,9,311,82,244,12083,326.0,150
goni,1,9,207,186,99,12228,285.0,150
chan,1,9,124,269,60,12267,329.0,150
kenett,1,9,22,371,437,11890,808.0,150
fe,1,9,26,367,0,12327,367.0,150
rw,1,10,323,70,279,12048,349.0,150
goni,1,10,226,167,111,12216,278.0,150
chan,1,10,130,263,59,12268,322.0,150
kenett,1,10,34,359,434,11893,793.0,150
fe,1,10,29,364,0,12327,364.0,150
rw,1,11,333,60,306,12021,366.0,150
goni,1,11,244,149,120,12207,269.0,150
chan,1,11,132,261,59,12268,320.0,150
kenett,1,11,50,343,421,11906,764.0,150
fe,1,11,31,362,0,12327,362.0,150
rw,1,12,346,47,332,11995,379.0,150
goni,1,12,253,140,125,12202,265.0,150
chan,1,12,132,261,54,12273,315.0,150
kenett,1,12,186,207,288,12039,495.0,150
fe,1,12,34,359,0,12327,359.0,150
rw,1,13,352,41,366,11961,407.0,150
goni,1,13,264,129,136,12191,265.0,150
chan,1,13,132,261,48,12279,309.0,150
kenett,1,13,190,203,284,12043,487.0,150
fe,1,13,37,356,0,12327,356.0,150
rw,1,14,363,30,398,11929,428.0,150
goni,1,14,281,112,149,12178,261.0,150
chan,1,14,134,259,39,12288,298.0,150
kenett,1,14,191,202,283,12044,485.0,150
fe,1,14,39,354,0,12327,354.0,150
rw,1,15,369,24,424,11903,448.0,150
goni,1,15,292,101,158,12169,259.0,150
chan,1,15,131,262,34,12293,296.0,150
kenett,1,15,206,187,268,12059,455.0,150
fe,1,15,42,351,0,12327,351.0,150
rw,1,16,373,20,444,11883,464.0,150
goni,1,16,301,92,164,12163,256.0,150
chan,1,16,135,258,30,12297,288.0,150
kenett,1,16,207,186,267,12060,453.0,150
fe,1,16,45,348,0,12327,348.0,150
rw,1,17,377,16,471,11856,487.0,150
goni,1,17,308,85,173,12154,258.0,150
chan,1,17,140,253,27,12300,280.0,150
kenett,1,17,210,183,264,12063,447.0,150
fe,1,17,48,345,0,12327,345.0,150
rw,1,18,381,12,488,11839,500.0,150
goni,1,18,316,77,173,12154,250.0,150
chan,1,18,140,253,26,12301,279.0,150
kenett,1,18,204,189,270,12057,459.0,150
fe,1,18,49,344,0,12327,344.0,150
rw,1,19,382,11,517,11810,528.0,150
goni,1,19,321,72,181,12146,253.0,150
chan,1,19,142,251,22,12305,273.0,150
kenett,1,19,216,177,258,12069,435.0,150
fe,1,19,52,341,0,12327,341.0,150
rw,1,20,384,9,537,11790,546.0,150
goni,1,20,330,63,193,12134,256.0,150
chan,1,20,139,254,25,12302,279.0,150
kenett,1,20,220,173,254,12073,427.0,150
fe,1,20,55,338,0,12327,338.0,150
rw,1,21,384,9,559,11768,568.0,150
goni,1,21,333,60,196,12131,256.0,150
chan,1,21,144,249,20,12307,269.0,150
kenett,1,21,223,170,251,12076,421.0,150
fe,1,21,57,336,0,12327,336.0,150
rw,1,22,387,6,573,11754,579.0,150
goni,1,22,339,54,204,12123,258.0,150
chan,1,22,146,247,16,12311,263.0,150
kenett,1,22,229,164,245,12082,409.0,150
fe,1,22,60,333,0,12327,333.0,150
rw,1,23,389,4,595,11732,599.0,150
goni,1,23,343,50,215,12112,265.0,150
chan,1,23,144,249,18,12309,267.0,150
kenett,1,23,236,157,238,12089,395.0,150
fe,1,23,63,330,0,12327,330.0,150
rw,1,24,389,4,617,11710,621.0,150
goni,1,24,347,46,231,12096,277.0,150
chan,1,24,144,249,16,12311,265.0,150
kenett,1,24,234,159,240,12087,399.0,150
fe,1,24,65,328,0,12327,328.0,150
rw,1,25,389,4,637,11690,641.0,150
goni,1,25,349,44,244,12083,288.0,150
chan,1,25,144,249,17,12310,266.0,150
kenett,1,25,235,158,239,12088,397.0,150
fe,1,25,68,325,0,12327,325.0,150
rw,1,26,390,3,666,11661,669.0,150
goni,1,26,355,38,255,12072,293.0,150
chan,1,26,145,248,14,12313,262.0,150
kenett,1,26,240,153,234,12093,387.0,150
fe,1,26,70,323,0,12327,323.0,150
rw,1,27,390,3,684,11643,687.0,150
goni,1,27,358,35,266,12061,301.0,150
chan,1,27,145,248,14,12313,262.0,150
kenett,1,27,247,146,227,12100,373.0,150
fe,1,27,73,320,0,12327,320.0,150
rw,1,28,392,1,701,11626,702.0,150
goni,1,28,358,35,268,12059,303.0,150
chan,1,28,144,249,15,12312,264.0,150
kenett,1,28,245,148,229,12098,377.0,150
fe,1,28,76,317,0,12327,317.0,150
rw,1,29,392,1,714,11613,715.0,150
goni,1,29,362,31,275,12052,306.0,150
chan,1,29,147,246,12,12315,258.0,150
kenett,1,29,238,155,236,12091,391.0,150
fe,1,29,78,315,0,12327,315.0,150
rw,1,30,392,1,733,11594,734.0,150
goni,1,30,363,30,284,12043,314.0,150
chan,1,30,148,245,11,12316,256.0,150
kenett,1,30,249,144,225,12102,369.0,150
fe,1,30,78,315,0,12327,315.0,150
rw,1,31,392,1,752,11575,753.0,150
goni,1,31,362,31,293,12034,324.0,150
chan,1,31,148,245,11,12316,256.0,150
kenett,1,31,251,142,223,12104,365.0,150
fe,1,31,81,312,0,12327,312.0,150
rw,1,32,392,1,774,11553,775.0,150
goni,1,32,363,30,303,12024,333.0,150
chan,1,32,150,243,9,12318,252.0,150
kenett,1,32,256,137,218,12109,355.0,150
fe,1,32,84,309,0,12327,309.0,150
rw,1,33,392,1,792,11535,793.0,150
goni,1,33,363,30,310,12017,340.0,150
chan,1,33,152,241,7,12320,248.0,150
kenett,1,33,259,134,215,12112,349.0,150
fe,1,33,87,306,0,12327,306.0,150
rw,1,34,392,1,816,11511,817.0,150
goni,1,34,363,30,314,12013,344.0,150
chan,1,34,152,241,7,12320,248.0,150
kenett,1,34,254,139,220,12107,359.0,150
fe,1,34,88,305,0,12327,305.0,150
rw,1,35,393,0,835,11492,835.0,150
goni,1,35,366,27,320,12007,347.0,150
chan,1,35,152,241,7,12320,248.0,150
kenett,1,35,254,139,220,12107,359.0,150
fe,1,35,91,302,0,12327,302.0,150
rw,1,36,393,0,859,11468,859.0,150
goni,1,36,367,26,316,12011,342.0,150
chan,1,36,152,241,8,12319,249.0,150
kenett,1,36,253,140,221,12106,361.0,150
fe,1,36,94,299,0,12327,299.0,150
rw,1,37,393,0,873,11454,873.0,150
goni,1,37,367,26,320,12007,346.0,150
chan,1,37,151,242,9,12318,251.0,150
kenett,1,37,258,135,216,12111,351.0,150
fe,1,37,96,297,0,12327,297.0,150
rw,1,38,393,0,892,11435,892.0,150
goni,1,38,368,25,327,12000,352.0,150
chan,1,38,151,242,9,12318,251.0,150
kenett,1,38,252,141,222,12105,363.0,150
fe,1,38,97,296,0,12327,296.0,150
rw,1,39,393,0,910,11417,910.0,150
goni,1,39,371,22,334,11993,356.0,150
chan,1,39,151,242,8,12319,250.0,150
kenett,1,39,249,144,225,12102,369.0,150
fe,1,39,98,295,0,12327,295.0,150
rw,1,40,393,0,928,11399,928.0,150
goni,1,40,371,22,338,11989,360.0,150
chan,1,40,150,243,9,12318,252.0,150
kenett,1,40,253,140,221,12106,361.0,150
fe,1,40,101,292,0,12327,292.0,150
rw,1,41,393,0,939,11388,939.0,150
goni,1,41,372,21,353,11974,374.0,150
chan,1,41,151,242,8,12319,250.0,150
kenett,1,41,251,142,223,12104,365.0,150
fe,1,41,101,292,0,12327,292.0,150
rw,1,42,393,0,958,11369,958.0,150
goni,1,42,373,20,352,11975,372.0,150
chan,1,42,150,243,9,12318,252.0,150
kenett,1,42,259,134,215,12112,349.0,150
fe,1,42,102,291,0,12327,291.0,150
rw,1,43,393,0,973,11354,973.0,150
goni,1,43,375,18,353,11974,371.0,150
chan,1,43,151,242,8,12319,250.0,150
kenett,1,43,257,136,217,12110,353.0,150
fe,1,43,104,289,0,12327,289.0,150
rw,1,44,393,0,989,11338,989.0,150
goni,1,44,379,14,365,11962,379.0,150
chan,1,44,152,241,7,12320,248.0,150
kenett,1,44,265,128,209,12118,337.0,150
fe,1,44,107,286,0,12327,286.0,150
rw,1,45,393,0,1007,11320,1007.0,150
goni,1,45,379,14,370,11957,384.0,150
chan,1,45,151,242,8,12319,250.0,150
kenett,1,45,263,130,211,12116,341.0,150
fe,1,45,110,283,0,12327,283.0,150
rw,1,46,393,0,1025,11302,1025.0,150
goni,1,46,380,13,376,11951,389.0,150
chan,1,46,153,240,7,12320,247.0,150
kenett,1,46,268,125,206,12121,331.0,150
fe,1,46,112,281,0,12327,281.0,150
rw,1,47,393,0,1042,11285,1042.0,150
goni,1,47,380,13,378,11949,391.0,150
chan,1,47,152,241,7,12320,248.0,150
kenett,1,47,261,132,213,12114,345.0,150
fe,1,47,114,279,0,12327,279.0,150
rw,1,48,393,0,1056,11271,1056.0,150
goni,1,48,383,10,387,11940,397.0,150
chan,1,48,151,242,8,12319,250.0,150
kenett,1,48,263,130,211,12116,341.0,150
fe,1,48,116,277,0,12327,277.0,150
rw,1,49,393,0,1067,11260,1067.0,150
goni,1,49,385,8,396,11931,404.0,150
chan,1,49,151,242,8,12319,250.0,150
kenett,1,49,265,128,209,12118,337.0,150
fe,1,49,118,275,0,12327,275.0,150
rw,1,50,393,0,1081,11246,1081.0,150
goni,1,50,385,8,406,11921,414.0,150
chan,1,50,151,242,8,12319,250.0,150
kenett,1,50,262,131,212,12115,343.0,150
fe,1,50,119,274,0,12327,274.0,150
rw,2,1,59,334,42,12285,376.0,300
goni,2,1,6,387,2,12325,389.0,300
chan,2,1,53,340,38,12289,378.0,300
kenett,2,1,14,379,208,12119,587.0,300
fe,2,1,3,390,0,12327,390.0,300
rw,2,2,118,275,79,12248,354.0,300
goni,2,2,18,375,13,12314,388.0,300
chan,2,2,82,311,65,12262,376.0,300
kenett,2,2,16,377,329,11998,706.0,300
fe,2,2,6,387,0,12327,387.0,300
rw,2,3,165,228,107,12220,335.0,300
goni,2,3,51,342,22,12305,364.0,300
chan,2,3,106,287,67,12260,354.0,300
kenett,2,3,18,375,381,11946,756.0,300
fe,2,3,9,384,0,12327,384.0,300
rw,2,4,201,192,141,12186,333.0,300
goni,2,4,75,318,31,12296,349.0,300
chan,2,4,114,279,71,12256,350.0,300
kenett,2,4,18,375,405,11922,780.0,300
fe,2,4,12,381,0,12327,381.0,300
rw,2,5,234,159,166,12161,325.0,300
goni,2,5,100,293,42,12285,335.0,300
chan,2,5,117,276,71,12256,347.0,300
kenett,2,5,22,371,422,11905,793.0,300
fe,2,5,15,378,0,12327,378.0,300
rw,2,6,265,128,183,12144,311.0,300
goni,2,6,133,260,55,12272,315.0,300
chan,2,6,124,269,70,12257,339.0,300
kenett,2,6,24,369,423,11904,792.0,300
fe,2,6,18,375,0,12327,375.0,300
rw,2,7,284,109,205,12122,314.0,300
goni,2,7,166,227,77,12250,304.0,300
chan,2,7,118,275,57,12270,332.0,300
kenett,2,7,22,371,428,11899,799.0,300
fe,2,7,20,373,0,12327,373.0,300
rw,2,8,302,91,240,12087,331.0,300
goni,2,8,179,214,77,12250,291.0,300
chan,2,8,121,272,59,12268,331.0,300
kenett,2,8,22,371,431,11896,802.0,300
fe,2,8,23,370,0,12327,370.0,300
rw,2,9,316,77,264,12063,341.0,300
goni,2,9,199,194,98,12229,292.0,300
chan,2,9,123,270,60,12267,330.0,300
kenett,2,9,27,366,432,11895,798.0,300
fe,2,9,25,368,0,12327,368.0,300
rw,2,10,327,66,299,12028,365.0,300
goni,2,10,215,178,104,12223,282.0,300
chan,2,10,125,268,54,12273,322.0,300
kenett,2,10,23,370,439,11888,809.0,300
fe,2,10,28,365,0,12327,365.0,300
rw,2,11,339,54,328,11999,382.0,300
goni,2,11,233,160,118,12209,278.0,300
chan,2,11,122,271,50,12277,321.0,300
kenett,2,11,24,369,438,11889,807.0,300
fe,2,11,30,363,0,12327,363.0,300
rw,2,12,348,45,353,11974,398.0,300
goni,2,12,252,141,137,12190,278.0,300
chan,2,12,128,265,46,12281,311.0,300
kenett,2,12,26,367,436,11891,803.0,300
fe,2,12,33,360,0,12327,360.0,300
rw,2,13,351,42,379,11948,421.0,300
goni,2,13,271,122,144,12183,266.0,300
chan,2,13,130,263,40,12287,303.0,300
kenett,2,13,28,365,434,11893,799.0,300
fe,2,13,35,358,0,12327,358.0,300
rw,2,14,363,30,398,11929,428.0,300
goni,2,14,283,110,150,12177,260.0,300
chan,2,14,133,260,35,12292,295.0,300
kenett,2,14,24,369,438,11889,807.0,300
fe,2,14,38,355,0,12327,355.0,300
rw,2,15,365,28,416,11911,444.0,300
goni,2,15,297,96,148,12179,244.0,300
chan,2,15,133,260,33,12294,293.0,300
kenett,2,15,27,366,435,11892,801.0,300
fe,2,15,40,353,0,12327,353.0,300
rw,2,16,368,25,437,11890,462.0,300
goni,2,16,311,82,160,12167,242.0,300
chan,2,16,130,263,35,12292,298.0,300
kenett,2,16,23,370,442,11885,812.0,300
fe,2,16,43,350,0,12327,350.0,300
rw,2,17,374,19,462,11865,481.0,300
goni,2,17,312,81,164,12163,245.0,300
chan,2,17,131,262,33,12294,295.0,300
kenett,2,17,24,369,441,11886,810.0,300
fe,2,17,45,348,0,12327,348.0,300
rw,2,18,377,16,484,11843,500.0,300
goni,2,18,314,79,170,12157,249.0,300
chan,2,18,131,262,29,12298,291.0,300
kenett,2,18,28,365,437,11890,802.0,300
fe,2,18,48,345,0,12327,345.0,300
rw,2,19,377,16,510,11817,526.0,300
goni,2,19,321,72,188,12139,260.0,300
chan,2,19,131,262,28,12299,290.0,300
kenett,2,19,34,359,431,11896,790.0,300
fe,2,19,51,342,0,12327,342.0,300
rw,2,20,380,13,531,11796,544.0,300
goni,2,20,333,60,193,12134,253.0,300
chan,2,20,136,257,29,12298,286.0,300
kenett,2,20,32,361,439,11888,800.0,300
fe,2,20,52,341,0,12327,341.0,300
rw,2,21,381,12,555,11772,567.0,300
goni,2,21,339,54,199,12128,253.0,300
chan,2,21,136,257,30,12297,287.0,300
kenett,2,21,38,355,433,11894,788.0,300
fe,2,21,55,338,0,12327,338.0,300
rw,2,22,381,12,576,11751,588.0,300
goni,2,22,341,52,210,12117,262.0,300
chan,2,22,140,253,28,12299,281.0,300
kenett,2,22,49,344,422,11905,766.0,300
fe,2,22,58,335,0,12327,335.0,300
rw,2,23,383,10,600,11727,610.0,300
goni,2,23,343,50,219,12108,269.0,300
chan,2,23,137,256,28,12299,284.0,300
kenett,2,23,37,356,434,11893,790.0,300
fe,2,23,59,334,0,12327,334.0,300
rw,2,24,385,8,617,11710,625.0,300
goni,2,24,346,47,235,12092,282.0,300
chan,2,24,139,254,26,12301,280.0,300
kenett,2,24,37,356,434,11893,790.0,300
fe,2,24,62,331,0,12327,331.0,300
rw,2,25,386,7,636,11691,643.0,300
goni,2,25,349,44,246,12081,290.0,300
chan,2,25,142,251,20,12307,271.0,300
kenett,2,25,30,363,441,11886,804.0,300
fe,2,25,63,330,0,12327,330.0,300
rw,2,26,386,7,660,11667,667.0,300
goni,2,26,354,39,249,12078,288.0,300
chan,2,26,144,249,20,12307,269.0,300
kenett,2,26,44,349,427,11900,776.0,300
fe,2,26,64,329,0,12327,329.0,300
rw,2,27,386,7,686,11641,693.0,300
goni,2,27,355,38,258,12069,296.0,300
chan,2,27,144,249,17,12310,266.0,300
kenett,2,27,34,359,437,11890,796.0,300
fe,2,27,66,327,0,12327,327.0,300
rw,2,28,387,6,706,11621,712.0,300
goni,2,28,357,36,267,12060,303.0,300
chan,2,28,143,250,17,12310,267.0,300
kenett,2,28,41,352,430,11897,782.0,300
fe,2,28,68,325,0,12327,325.0,300
rw,2,29,388,5,727,11600,732.0,300
goni,2,29,358,35,272,12055,307.0,300
chan,2,29,145,248,14,12313,262.0,300
kenett,2,29,32,361,439,11888,800.0,300
fe,2,29,70,323,0,12327,323.0,300
rw,2,30,389,4,748,11579,752.0,300
goni,2,30,361,32,280,12047,312.0,300
chan,2,30,146,247,13,12314,260.0,300
kenett,2,30,30,363,441,11886,804.0,300
fe,2,30,73,320,0,12327,320.0,300
rw,2,31,389,4,763,11564,767.0,300
goni,2,31,363,30,291,12036,321.0,300
chan,2,31,147,246,14,12313,260.0,300
kenett,2,31,42,351,429,11898,780.0,300
fe,2,31,75,318,0,12327,318.0,300
rw,2,32,389,4,782,11545,786.0,300
goni,2,32,366,27,295,12032,322.0,300
chan,2,32,152,241,9,12318,250.0,300
kenett,2,32,34,359,437,11890,796.0,300
fe,2,32,78,315,0,12327,315.0,300
rw,2,33,389,4,798,11529,802.0,300
goni,2,33,366,27,300,12027,327.0,300
chan,2,33,151,242,10,12317,252.0,300
kenett,2,33,41,352,430,11897,782.0,300
fe,2,33,81,312,0,12327,312.0,300
rw,2,34,390,3,817,11510,820.0,300
goni,2,34,369,24,310,12017,334.0,300
chan,2,34,151,242,12,12315,254.0,300
kenett,2,34,254,139,220,12107,359.0,300
fe,2,34,84,309,0,12327,309.0,300
rw,2,35,390,3,835,11492,838.0,300
goni,2,35,370,23,316,12011,339.0,300
chan,2,35,150,243,11,12316,254.0,300
kenett,2,35,256,137,218,12109,355.0,300
fe,2,35,87,306,0,12327,306.0,300
rw,2,36,390,3,851,11476,854.0,300
goni,2,36,374,19,321,12006,340.0,300
chan,2,36,151,242,9,12318,251.0,300
kenett,2,36,265,128,209,12118,337.0,300
fe,2,36,90,303,0,12327,303.0,300
rw,2,37,390,3,863,11464,866.0,300
goni,2,37,375,18,326,12001,344.0,300
chan,2,37,151,242,10,12317,252.0,300
kenett,2,37,260,133,214,12113,347.0,300
fe,2,37,93,300,0,12327,300.0,300
rw,2,38,390,3,881,11446,884.0,300
goni,2,38,377,16,337,11990,353.0,300
chan,2,38,150,243,11,12316,254.0,300
kenett,2,38,257,136,217,12110,353.0,300
fe,2,38,95,298,0,12327,298.0,300
rw,2,39,391,2,897,11430,899.0,300
goni,2,39,377,16,349,11978,365.0,300
chan,2,39,151,242,9,12318,251.0,300
kenett,2,39,267,126,207,12120,333.0,300
fe,2,39,97,296,0,12327,296.0,300
rw,2,40,391,2,919,11408,921.0,300
goni,2,40,377,16,356,11971,372.0,300
chan,2,40,152,241,8,12319,249.0,300
kenett,2,40,267,126,207,12120,333.0,300
fe,2,40,99,294,0,12327,294.0,300
rw,2,41,391,2,940,11387,942.0,300
goni,2,41,378,15,356,11971,371.0,300
chan,2,41,152,241,7,12320,248.0,300
kenett,2,41,273,120,201,12126,321.0,300
fe,2,41,101,292,0,12327,292.0,300
rw,2,42,391,2,964,11363,966.0,300
goni,2,42,379,14,363,11964,377.0,300
chan,2,42,151,242,8,12319,250.0,300
kenett,2,42,272,121,202,12125,323.0,300
fe,2,42,103,290,0,12327,290.0,300
rw,2,43,391,2,979,11348,981.0,300
goni,2,43,379,14,377,11950,391.0,300
chan,2,43,151,242,8,12319,250.0,300
kenett,2,43,274,119,200,12127,319.0,300
fe,2,43,104,289,0,12327,289.0,300
rw,2,44,391,2,994,11333,996.0,300
goni,2,44,380,13,386,11941,399.0,300
chan,2,44,156,237,6,12321,243.0,300
kenett,2,44,273,120,201,12126,321.0,300
fe,2,44,107,286,0,12327,286.0,300
rw,2,45,391,2,1010,11317,1012.0,300
goni,2,45,380,13,388,11939,401.0,300
chan,2,45,155,238,6,12321,244.0,300
kenett,2,45,276,117,198,12129,315.0,300
fe,2,45,108,285,0,12327,285.0,300
rw,2,46,391,2,1027,11300,1029.0,300
goni,2,46,380,13,390,11937,403.0,300
chan,2,46,156,237,5,12322,242.0,300
kenett,2,46,278,115,196,12131,311.0,300
fe,2,46,111,282,0,12327,282.0,300
rw,2,47,391,2,1038,11289,1040.0,300
goni,2,47,380,13,393,11934,406.0,300
chan,2,47,156,237,5,12322,242.0,300
kenett,2,47,279,114,195,12132,309.0,300
fe,2,47,114,279,0,12327,279.0,300
rw,2,48,391,2,1055,11272,1057.0,300
goni,2,48,381,12,399,11928,411.0,300
chan,2,48,155,238,5,12322,243.0,300
kenett,2,48,285,108,189,12138,297.0,300
fe,2,48,115,278,0,12327,278.0,300
rw,2,49,391,2,1066,11261,1068.0,300
goni,2,49,381,12,402,11925,414.0,300
chan,2,49,155,238,4,12323,242.0,300
kenett,2,49,281,112,193,12134,305.0,300
fe,2,49,118,275,0,12327,275.0,300
rw,2,50,392,1,1081,11246,1082.0,300
goni,2,50,385,8,407,11920,415.0,300
chan,2,50,155,238,4,12323,242.0,300
kenett,2,50,286,107,188,12139,295.0,300
fe,2,50,120,273,0,12327,273.0,300
rw,3,1,68,325,32,12295,357.0,450
goni,3,1,2,391,2,12325,393.0,450
chan,3,1,66,327,31,12296,358.0,450
kenett,3,1,20,373,244,12083,617.0,450
fe,3,1,3,390,0,12327,390.0,450
rw,3,2,131,262,59,12268,321.0,450
goni,3,2,31,362,4,12323,366.0,450
chan,3,2,95,298,39,12288,337.0,450
kenett,3,2,22,371,320,12007,691.0,450
fe,3,2,6,387,0,12327,387.0,450
rw,3,3,164,229,85,12242,314.0,450
goni,3,3,64,329,12,12315,341.0,450
chan,3,3,106,287,43,12284,330.0,450
kenett,3,3,17,376,352,11975,728.0,450
fe,3,3,9,384,0,12327,384.0,450
rw,3,4,205,188,107,12220,295.0,450
goni,3,4,84,309,21,12306,330.0,450
chan,3,4,118,275,48,12279,323.0,450
kenett,3,4,15,378,396,11931,774.0,450
fe,3,4,11,382,0,12327,382.0,450
rw,3,5,239,154,140,12187,294.0,450
goni,3,5,110,283,29,12298,312.0,450
chan,3,5,128,265,69,12258,334.0,450
kenett,3,5,27,366,426,11901,792.0,450
fe,3,5,14,379,0,12327,379.0,450
rw,3,6,265,128,171,12156,299.0,450
goni,3,6,131,262,44,12283,306.0,450
chan,3,6,126,267,74,12253,341.0,450
kenett,3,6,14,379,445,11882,824.0,450
fe,3,6,17,376,0,12327,376.0,450
rw,3,7,285,108,192,12135,300.0,450
goni,3,7,167,226,49,12278,275.0,450
chan,3,7,132,261,62,12265,323.0,450
kenett,3,7,24,369,444,11883,813.0,450
fe,3,7,20,373,0,12327,373.0,450
rw,3,8,306,87,220,12107,307.0,450
goni,3,8,190,203,66,12261,269.0,450
chan,3,8,133,260,56,12271,316.0,450
kenett,3,8,32,361,436,11891,797.0,450
fe,3,8,23,370,0,12327,370.0,450
rw,3,9,321,72,249,12078,321.0,450
goni,3,9,205,188,71,12256,259.0,450
chan,3,9,130,263,57,12270,320.0,450
kenett,3,9,29,364,439,11888,803.0,450
fe,3,9,26,367,0,12327,367.0,450
rw,3,10,334,59,274,12053,333.0,450
goni,3,10,232,161,86,12241,247.0,450
chan,3,10,136,257,53,12274,310.0,450
kenett,3,10,30,363,438,11889,801.0,450
fe,3,10,29,364,0,12327,364.0,450
rw,3,11,340,53,299,12028,352.0,450
goni,3,11,245,148,100,12227,248.0,450
chan,3,11,130,263,56,12271,319.0,450
kenett,3,11,29,364,439,11888,803.0,450
fe,3,11,32,361,0,12327,361.0,450
rw,3,12,349,44,316,12011,360.0,450
goni,3,12,261,132,113,12214,245.0,450
chan,3,12,134,259,53,12274,312.0,450
kenett,3,12,33,360,438,11889,798.0,450
fe,3,12,35,358,0,12327,358.0,450
rw,3,13,356,37,341,11986,378.0,450
goni,3,13,271,122,130,12197,252.0,450
chan,3,13,134,259,39,12288,298.0,450
kenett,3,13,48,345,423,11904,768.0,450
fe,3,13,38,355,0,12327,355.0,450
rw,3,14,361,32,368,11959,400.0,450
goni,3,14,289,104,142,12185,246.0,450
chan,3,14,133,260,39,12288,299.0,450
kenett,3,14,33,360,438,11889,798.0,450
fe,3,14,41,352,0,12327,352.0,450
rw,3,15,369,24,395,11932,419.0,450
goni,3,15,299,94,149,12178,243.0,450
chan,3,15,133,260,35,12292,295.0,450
kenett,3,15,47,346,424,11903,770.0,450
fe,3,15,41,352,0,12327,352.0,450
rw,3,16,372,21,421,11906,442.0,450
goni,3,16,307,86,156,12171,242.0,450
chan,3,16,134,259,32,12295,291.0,450
kenett,3,16,39,354,432,11895,786.0,450
fe,3,16,44,349,0,12327,349.0,450
rw,3,17,377,16,443,11884,459.0,450
goni,3,17,313,80,160,12167,240.0,450
chan,3,17,133,260,32,12295,292.0,450
kenett,3,17,36,357,435,11892,792.0,450
fe,3,17,47,346,0,12327,346.0,450
rw,3,18,380,13,472,11855,485.0,450
goni,3,18,331,62,168,12159,230.0,450
chan,3,18,138,255,27,12300,282.0,450
kenett,3,18,46,347,425,11902,772.0,450
fe,3,18,50,343,0,12327,343.0,450
rw,3,19,382,11,497,11830,508.0,450
goni,3,19,335,58,185,12142,243.0,450
chan,3,19,139,254,23,12304,277.0,450
kenett,3,19,51,342,420,11907,762.0,450
fe,3,19,53,340,0,12327,340.0,450
rw,3,20,383,10,521,11806,531.0,450
goni,3,20,335,58,186,12141,244.0,450
chan,3,20,139,254,22,12305,276.0,450
kenett,3,20,52,341,419,11908,760.0,450
fe,3,20,55,338,0,12327,338.0,450
rw,3,21,384,9,546,11781,555.0,450
goni,3,21,337,56,199,12128,255.0,450
chan,3,21,140,253,21,12306,274.0,450
kenett,3,21,29,364,442,11885,806.0,450
fe,3,21,58,335,0,12327,335.0,450
rw,3,22,385,8,572,11755,580.0,450
goni,3,22,336,57,204,12123,261.0,450
chan,3,22,140,253,21,12306,274.0,450
kenett,3,22,53,340,418,11909,758.0,450
fe,3,22,61,332,0,12327,332.0,450
rw,3,23,386,7,602,11725,609.0,450
goni,3,23,337,56,220,12107,276.0,450
chan,3,23,142,251,19,12308,270.0,450
kenett,3,23,39,354,432,11895,786.0,450
fe,3,23,64,329,0,12327,329.0,450
rw,3,24,386,7,631,11696,638.0,450
goni,3,24,344,49,230,12097,279.0,450
chan,3,24,143,250,18,12309,268.0,450
kenett,3,24,41,352,430,11897,782.0,450
fe,3,24,67,326,0,12327,326.0,450
rw,3,25,387,6,654,11673,660.0,450
goni,3,25,353,40,237,12090,277.0,450
chan,3,25,144,249,17,12310,266.0,450
kenett,3,25,43,350,428,11899,778.0,450
fe,3,25,70,323,0,12327,323.0,450
rw,3,26,388,5,679,11648,684.0,450
goni,3,26,353,40,249,12078,289.0,450
chan,3,26,143,250,18,12309,268.0,450
kenett,3,26,34,359,437,11890,796.0,450
fe,3,26,73,320,0,12327,320.0,450
rw,3,27,388,5,705,11622,710.0,450
goni,3,27,359,34,257,12070,291.0,450
chan,3,27,144,249,18,12309,267.0,450
kenett,3,27,54,339,417,11910,756.0,450
fe,3,27,76,317,0,12327,317.0,450
rw,3,28,389,4,720,11607,724.0,450
goni,3,28,359,34,262,12065,296.0,450
chan,3,28,146,247,16,12311,263.0,450
kenett,3,28,48,345,423,11904,768.0,450
fe,3,28,79,314,0,12327,314.0,450
rw,3,29,390,3,743,11584,746.0,450
goni,3,29,361,32,270,12057,302.0,450
chan,3,29,149,244,13,12314,257.0,450
kenett,3,29,39,354,432,11895,786.0,450
fe,3,29,81,312,0,12327,312.0,450
rw,3,30,390,3,761,11566,764.0,450
goni,3,30,364,29,276,12051,305.0,450
chan,3,30,149,244,15,12312,259.0,450
kenett,3,30,50,343,421,11906,764.0,450
fe,3,30,82,311,0,12327,311.0,450
rw,3,31,390,3,785,11542,788.0,450
goni,3,31,363,30,287,12040,317.0,450
chan,3,31,147,246,16,12311,262.0,450
kenett,3,31,48,345,423,11904,768.0,450
fe,3,31,85,308,0,12327,308.0,450
rw,3,32,390,3,803,11524,806.0,450
goni,3,32,364,29,284,12043,313.0,450
chan,3,32,149,244,14,12313,258.0,450
kenett,3,32,46,347,425,11902,772.0,450
fe,3,32,88,305,0,12327,305.0,450
rw,3,33,390,3,819,11508,822.0,450
goni,3,33,365,28,289,12038,317.0,450
chan,3,33,149,244,15,12312,259.0,450
kenett,3,33,36,357,435,11892,792.0,450
fe,3,33,91,302,0,12327,302.0,450
rw,3,34,390,3,843,11484,846.0,450
goni,3,34,365,28,295,12032,323.0,450
chan,3,34,151,242,12,12315,254.0,450
kenett,3,34,45,348,426,11901,774.0,450
fe,3,34,93,300,0,12327,300.0,450
rw,3,35,390,3,863,11464,866.0,450
goni,3,35,366,27,313,12014,340.0,450
chan,3,35,150,243,12,12315,255.0,450
kenett,3,35,33,360,438,11889,798.0,450
fe,3,35,96,297,0,12327,297.0,450
rw,3,36,390,3,884,11443,887.0,450
goni,3,36,368,25,315,12012,340.0,450
chan,3,36,151,242,11,12316,253.0,450
kenett,3,36,33,360,438,11889,798.0,450
fe,3,36,99,294,0,12327,294.0,450
rw,3,37,390,3,900,11427,903.0,450
goni,3,37,369,24,316,12011,340.0,450
chan,3,37,152,241,11,12316,252.0,450
kenett,3,37,33,360,438,11889,798.0,450
fe,3,37,100,293,0,12327,293.0,450
rw,3,38,391,2,926,11401,928.0,450
goni,3,38,368,25,327,12000,352.0,450
chan,3,38,151,242,12,12315,254.0,450
kenett,3,38,30,363,441,11886,804.0,450
fe,3,38,103,290,0,12327,290.0,450
rw,3,39,391,2,940,11387,942.0,450
goni,3,39,370,23,335,11992,358.0,450
chan,3,39,152,241,12,12315,253.0,450
kenett,3,39,37,356,434,11893,790.0,450
fe,3,39,104,289,0,12327,289.0,450
rw,3,40,392,1,955,11372,956.0,450
goni,3,40,373,20,341,11986,361.0,450
chan,3,40,152,241,11,12316,252.0,450
kenett,3,40,41,352,430,11897,782.0,450
fe,3,40,107,286,0,12327,286.0,450
rw,3,41,392,1,978,11349,979.0,450
goni,3,41,374,19,350,11977,369.0,450
chan,3,41,153,240,10,12317,250.0,450
kenett,3,41,38,355,433,11894,788.0,450
fe,3,41,108,285,0,12327,285.0,450
rw,3,42,392,1,998,11329,999.0,450
goni,3,42,374,19,354,11973,373.0,450
chan,3,42,154,239,9,12318,248.0,450
kenett,3,42,39,354,432,11895,786.0,450
fe,3,42,109,284,0,12327,284.0,450
rw,3,43,392,1,1023,11304,1024.0,450
goni,3,43,374,19,358,11969,377.0,450
chan,3,43,155,238,8,12319,246.0,450
kenett,3,43,48,345,423,11904,768.0,450
fe,3,43,112,281,0,12327,281.0,450
rw,3,44,393,0,1038,11289,1038.0,450
goni,3,44,375,18,371,11956,389.0,450
chan,3,44,156,237,7,12320,244.0,450
kenett,3,44,284,109,190,12137,299.0,450
fe,3,44,114,279,0,12327,279.0,450
rw,3,45,393,0,1055,11272,1055.0,450
goni,3,45,377,16,382,11945,398.0,450
chan,3,45,156,237,7,12320,244.0,450
kenett,3,45,281,112,193,12134,305.0,450
fe,3,45,117,276,0,12327,276.0,450
rw,3,46,393,0,1074,11253,1074.0,450
goni,3,46,381,12,389,11938,401.0,450
chan,3,46,156,237,7,12320,244.0,450
kenett,3,46,276,117,198,12129,315.0,450
fe,3,46,119,274,0,12327,274.0,450
rw,3,47,393,0,1087,11240,1087.0,450
goni,3,47,381,12,390,11937,402.0,450
chan,3,47,156,237,7,12320,244.0,450
kenett,3,47,279,114,195,12132,309.0,450
fe,3,47,122,271,0,12327,271.0,450
rw,3,48,393,0,1108,11219,1108.0,450
goni,3,48,382,11,399,11928,410.0,450
chan,3,48,156,237,4,12323,241.0,450
kenett,3,48,274,119,200,12127,319.0,450
fe,3,48,125,268,0,12327,268.0,450
rw,3,49,393,0,1128,11199,1128.0,450
goni,3,49,382,11,408,11919,419.0,450
chan,3,49,155,238,4,12323,242.0,450
kenett,3,49,271,122,203,12124,325.0,450
fe,3,49,128,265,0,12327,265.0,450
rw,3,50,393,0,1144,11183,1144.0,450
goni,3,50,383,10,416,11911,426.0,450
chan,3,50,155,238,4,12323,242.0,450
kenett,3,50,276,117,198,12129,315.0,450
fe,3,50,131,262,0,12327,262.0,450
rw,4,1,57,336,40,12287,376.0,600
goni,4,1,5,388,2,12325,390.0,600
chan,4,1,48,345,35,12292,380.0,600
kenett,4,1,14,379,214,12113,593.0,600
fe,4,1,3,390,0,12327,390.0,600
rw,4,2,110,283,74,12253,357.0,600
goni,4,2,28,365,8,12319,373.0,600
chan,4,2,78,315,58,12269,373.0,600
kenett,4,2,15,378,333,11994,711.0,600
fe,4,2,6,387,0,12327,387.0,600
rw,4,3,156,237,96,12231,333.0,600
goni,4,3,58,335,14,12313,349.0,600
chan,4,3,95,298,70,12257,368.0,600
kenett,4,3,15,378,384,11943,762.0,600
fe,4,3,9,384,0,12327,384.0,600
rw,4,4,184,209,131,12196,340.0,600
goni,4,4,80,313,21,12306,334.0,600
chan,4,4,103,290,69,12258,359.0,600
kenett,4,4,13,380,404,11923,784.0,600
fe,4,4,12,381,0,12327,381.0,600
rw,4,5,213,180,167,12160,347.0,600
goni,4,5,104,289,28,12299,317.0,600
chan,4,5,111,282,69,12258,351.0,600
kenett,4,5,15,378,417,11910,795.0,600
fe,4,5,15,378,0,12327,378.0,600
rw,4,6,242,151,188,12139,339.0,600
goni,4,6,131,262,45,12282,307.0,600
chan,4,6,120,273,55,12272,328.0,600
kenett,4,6,15,378,429,11898,807.0,600
fe,4,6,18,375,0,12327,375.0,600
rw,4,7,260,133,217,12110,350.0,600
goni,4,7,145,248,54,12273,302.0,600
chan,4,7,123,270,56,12271,326.0,600
kenett,4,7,18,375,438,11889,813.0,600
fe,4,7,20,373,0,12327,373.0,600
rw,4,8,281,112,245,12082,357.0,600
goni,4,8,166,227,67,12260,294.0,600
chan,4,8,134,259,55,12272,314.0,600
kenett,4,8,27,366,441,11886,807.0,600
fe,4,8,23,370,0,12327,370.0,600
rw,4,9,296,97,272,12055,369.0,600
goni,4,9,187,206,80,12247,286.0,600
chan,4,9,136,257,48,12279,305.0,600
kenett,4,9,21,372,447,11880,819.0,600
fe,4,9,26,367,0,12327,367.0,600
rw,4,10,305,88,304,12023,392.0,600
goni,4,10,207,186,94,12233,280.0,600
chan,4,10,136,257,44,12283,301.0,600
kenett,4,10,38,355,433,11894,788.0,600
fe,4,10,28,365,0,12327,365.0,600
rw,4,11,324,69,331,11996,400.0,600
goni,4,11,225,168,98,12229,266.0,600
chan,4,11,135,258,36,12291,294.0,600
kenett,4,11,167,226,307,12020,533.0,600
fe,4,11,31,362,0,12327,362.0,600
rw,4,12,336,57,355,11972,412.0,600
goni,4,12,248,145,109,12218,254.0,600
chan,4,12,139,254,32,12295,286.0,600
kenett,4,12,181,212,293,12034,505.0,600
fe,4,12,33,360,0,12327,360.0,600
rw,4,13,349,44,382,11945,426.0,600
goni,4,13,267,126,113,12214,239.0,600
chan,4,13,146,247,26,12301,273.0,600
kenett,4,13,194,199,280,12047,479.0,600
fe,4,13,36,357,0,12327,357.0,600
rw,4,14,359,34,408,11919,442.0,600
goni,4,14,273,120,123,12204,243.0,600
chan,4,14,146,247,22,12305,269.0,600
kenett,4,14,200,193,274,12053,467.0,600
fe,4,14,38,355,0,12327,355.0,600
rw,4,15,366,27,433,11894,460.0,600
goni,4,15,280,113,131,12196,244.0,600
chan,4,15,147,246,19,12308,265.0,600
kenett,4,15,200,193,274,12053,467.0,600
fe,4,15,41,352,0,12327,352.0,600
rw,4,16,371,22,460,11867,482.0,600
goni,4,16,292,101,139,12188,240.0,600
chan,4,16,148,245,14,12313,259.0,600
kenett,4,16,207,186,267,12060,453.0,600
fe,4,16,44,349,0,12327,349.0,600
rw,4,17,374,19,481,11846,500.0,600
goni,4,17,299,94,151,12176,245.0,600
chan,4,17,148,245,14,12313,259.0,600
kenett,4,17,222,171,252,12075,423.0,600
fe,4,17,47,346,0,12327,346.0,600
rw,4,18,375,18,513,11814,531.0,600
goni,4,18,306,87,149,12178,236.0,600
chan,4,18,150,243,12,12315,255.0,600
kenett,4,18,220,173,254,12073,427.0,600
fe,4,18,49,344,0,12327,344.0,600
rw,4,19,376,17,536,11791,553.0,600
goni,4,19,309,84,164,12163,248.0,600
chan,4,19,152,241,10,12317,251.0,600
kenett,4,19,223,170,251,12076,421.0,600
fe,4,19,51,342,0,12327,342.0,600
rw,4,20,381,12,562,11765,574.0,600
goni,4,20,314,79,179,12148,258.0,600
chan,4,20,149,244,12,12315,256.0,600
kenett,4,20,238,155,236,12091,391.0,600
fe,4,20,54,339,0,12327,339.0,600
rw,4,21,382,11,588,11739,599.0,600
goni,4,21,321,72,178,12149,250.0,600
chan,4,21,150,243,10,12317,253.0,600
kenett,4,21,237,156,237,12090,393.0,600
fe,4,21,57,336,0,12327,336.0,600
rw,4,22,385,8,608,11719,616.0,600
goni,4,22,326,67,183,12144,250.0,600
chan,4,22,148,245,13,12314,258.0,600
kenett,4,22,239,154,235,12092,389.0,600
fe,4,22,60,333,0,12327,333.0,600
rw,4,23,385,8,633,11694,641.0,600
goni,4,23,329,64,200,12127,264.0,600
chan,4,23,150,243,9,12318,252.0,600
kenett,4,23,247,146,227,12100,373.0,600
fe,4,23,63,330,0,12327,330.0,600
rw,4,24,386,7,659,11668,666.0,600
goni,4,24,336,57,205,12122,262.0,600
chan,4,24,150,243,9,12318,252.0,600
kenett,4,24,245,148,229,12098,377.0,600
fe,4,24,66,327,0,12327,327.0,600
rw,4,25,386,7,681,11646,688.0,600
goni,4,25,343,50,209,12118,259.0,600
chan,4,25,150,243,9,12318,252.0,600
kenett,4,25,240,153,234,12093,387.0,600
fe,4,25,67,326,0,12327,326.0,600
rw,4,26,388,5,702,11625,707.0,600
goni,4,26,346,47,215,12112,262.0,600
chan,4,26,152,241,7,12320,248.0,600
kenett,4,26,250,143,224,12103,367.0,600
fe,4,26,69,324,0,12327,324.0,600
rw,4,27,388,5,725,11602,730.0,600
goni,4,27,349,44,219,12108,263.0,600
chan,4,27,152,241,9,12318,250.0,600
kenett,4,27,256,137,218,12109,355.0,600
fe,4,27,72,321,0,12327,321.0,600
rw,4,28,388,5,740,11587,745.0,600
goni,4,28,352,41,226,12101,267.0,600
chan,4,28,149,244,12,12315,256.0,600
kenett,4,28,259,134,215,12112,349.0,600
fe,4,28,73,320,0,12327,320.0,600
rw,4,29,390,3,768,11559,771.0,600
goni,4,29,350,43,249,12078,292.0,600
chan,4,29,149,244,10,12317,254.0,600
kenett,4,29,267,126,207,12120,333.0,600
fe,4,29,76,317,0,12327,317.0,600
rw,4,30,390,3,790,11537,793.0,600
goni,4,30,353,40,261,12066,301.0,600
chan,4,30,149,244,12,12315,256.0,600
kenett,4,30,262,131,212,12115,343.0,600
fe,4,30,77,316,0,12327,316.0,600
rw,4,31,390,3,808,11519,811.0,600
goni,4,31,353,40,273,12054,313.0,600
chan,4,31,151,242,12,12315,254.0,600
kenett,4,31,266,127,208,12119,335.0,600
fe,4,31,79,314,0,12327,314.0,600
rw,4,32,391,2,831,11496,833.0,600
goni,4,32,357,36,286,12041,322.0,600
chan,4,32,150,243,10,12317,253.0,600
kenett,4,32,266,127,208,12119,335.0,600
fe,4,32,81,312,0,12327,312.0,600
rw,4,33,391,2,854,11473,856.0,600
goni,4,33,360,33,291,12036,324.0,600
chan,4,33,148,245,13,12314,258.0,600
kenett,4,33,271,122,203,12124,325.0,600
fe,4,33,84,309,0,12327,309.0,600
rw,4,34,391,2,876,11451,878.0,600
goni,4,34,360,33,289,12038,322.0,600
chan,4,34,150,243,11,12316,254.0,600
kenett,4,34,267,126,207,12120,333.0,600
fe,4,34,86,307,0,12327,307.0,600
rw,4,35,391,2,900,11427,902.0,600
goni,4,35,363,30,308,12019,338.0,600
chan,4,35,153,240,6,12321,246.0,600
kenett,4,35,267,126,207,12120,333.0,600
fe,4,35,88,305,0,12327,305.0,600
rw,4,36,392,1,922,11405,923.0,600
goni,4,36,364,29,311,12016,340.0,600
chan,4,36,154,239,7,12320,246.0,600
kenett,4,36,272,121,202,12125,323.0,600
fe,4,36,91,302,0,12327,302.0,600
rw,4,37,392,1,937,11390,938.0,600
goni,4,37,362,31,322,12005,353.0,600
chan,4,37,154,239,6,12321,245.0,600
kenett,4,37,275,118,199,12128,317.0,600
fe,4,37,94,299,0,12327,299.0,600
rw,4,38,392,1,954,11373,955.0,600
goni,4,38,367,26,329,11998,355.0,600
chan,4,38,155,238,6,12321,244.0,600
kenett,4,38,274,119,200,12127,319.0,600
fe,4,38,96,297,0,12327,297.0,600
rw,4,39,392,1,973,11354,974.0,600
goni,4,39,367,26,327,12000,353.0,600
chan,4,39,154,239,6,12321,245.0,600
kenett,4,39,278,115,196,12131,311.0,600
fe,4,39,98,295,0,12327,295.0,600
rw,4,40,392,1,986,11341,987.0,600
goni,4,40,369,24,336,11991,360.0,600
chan,4,40,154,239,5,12322,244.0,600
kenett,4,40,277,116,197,12130,313.0,600
fe,4,40,100,293,0,12327,293.0,600
rw,4,41,392,1,1002,11325,1003.0,600
goni,4,41,367,26,346,11981,372.0,600
chan,4,41,154,239,5,12322,244.0,600
kenett,4,41,278,115,196,12131,311.0,600
fe,4,41,102,291,0,12327,291.0,600
rw,4,42,392,1,1015,11312,1016.0,600
goni,4,42,369,24,357,11970,381.0,600
chan,4,42,154,239,5,12322,244.0,600
kenett,4,42,270,123,204,12123,327.0,600
fe,4,42,105,288,0,12327,288.0,600
rw,4,43,392,1,1036,11291,1037.0,600
goni,4,43,372,21,365,11962,386.0,600
chan,4,43,153,240,6,12321,246.0,600
kenett,4,43,267,126,207,12120,333.0,600
fe,4,43,107,286,0,12327,286.0,600
rw,4,44,393,0,1053,11274,1053.0,600
goni,4,44,372,21,374,11953,395.0,600
chan,4,44,154,239,6,12321,245.0,600
kenett,4,44,271,122,203,12124,325.0,600
fe,4,44,109,284,0,12327,284.0,600
rw,4,45,393,0,1076,11251,1076.0,600
goni,4,45,373,20,375,11952,395.0,600
chan,4,45,153,240,6,12321,246.0,600
kenett,4,45,273,120,201,12126,321.0,600
fe,4,45,111,282,0,12327,282.0,600
rw,4,46,393,0,1092,11235,1092.0,600
goni,4,46,376,17,388,11939,405.0,600
chan,4,46,154,239,5,12322,244.0,600
kenett,4,46,279,114,195,12132,309.0,600
fe,4,46,112,281,0,12327,281.0,600
rw,4,47,393,0,1107,11220,1107.0,600
goni,4,47,375,18,390,11937,408.0,600
chan,4,47,154,239,5,12322,244.0,600
kenett,4,47,281,112,193,12134,305.0,600
fe,4,47,113,280,0,12327,280.0,600
rw,4,48,393,0,1124,11203,1124.0,600
goni,4,48,374,19,398,11929,417.0,600
chan,4,48,154,239,5,12322,244.0,600
kenett,4,48,282,111,192,12135,303.0,600
fe,4,48,114,279,0,12327,279.0,600
rw,4,49,393,0,1140,11187,1140.0,600
goni,4,49,376,17,404,11923,421.0,600
chan,4,49,154,239,5,12322,244.0,600
kenett,4,49,280,113,194,12133,307.0,600
fe,4,49,115,278,0,12327,278.0,600
rw,4,50,393,0,1153,11174,1153.0,600
goni,4,50,379,14,406,11921,420.0,600
chan,4,50,154,239,5,12322,244.0,600
kenett,4,50,281,112,193,12134,305.0,600
fe,4,50,116,277,0,12327,277.0,600
rw,5,1,68,325,28,12299,353.0,750
goni,5,1,10,383,3,12324,386.0,750
chan,5,1,65,328,27,12300,355.0,750
kenett,5,1,18,375,207,12120,582.0,750
fe,5,1,3,390,0,12327,390.0,750
rw,5,2,118,275,59,12268,334.0,750
goni,5,2,33,360,12,12315,372.0,750
chan,5,2,90,303,45,12282,348.0,750
kenett,5,2,20,373,310,12017,683.0,750
fe,5,2,6,387,0,12327,387.0,750
rw,5,3,167,226,84,12243,310.0,750
goni,5,3,65,328,16,12311,344.0,750
chan,5,3,114,279,59,12268,338.0,750
kenett,5,3,19,374,386,11941,760.0,750
fe,5,3,9,384,0,12327,384.0,750
rw,5,4,206,187,112,12215,299.0,750
goni,5,4,91,302,27,12300,329.0,750
chan,5,4,123,270,69,12258,339.0,750
kenett,5,4,18,375,417,11910,792.0,750
fe,5,4,12,381,0,12327,381.0,750
rw,5,5,231,162,149,12178,311.0,750
goni,5,5,124,269,35,12292,304.0,750
chan,5,5,122,271,82,12245,353.0,750
kenett,5,5,23,370,433,11894,803.0,750
fe,5,5,15,378,0,12327,378.0,750
rw,5,6,254,139,174,12153,313.0,750
goni,5,6,145,248,49,12278,297.0,750
chan,5,6,127,266,75,12252,341.0,750
kenett,5,6,31,362,428,11899,790.0,750
fe,5,6,17,376,0,12327,376.0,750
rw,5,7,268,125,210,12117,335.0,750
goni,5,7,174,219,58,12269,277.0,750
chan,5,7,123,270,70,12257,340.0,750
kenett,5,7,28,365,437,11890,802.0,750
fe,5,7,19,374,0,12327,374.0,750
rw,5,8,285,108,238,12089,346.0,750
goni,5,8,197,196,63,12264,259.0,750
chan,5,8,121,272,66,12261,338.0,750
kenett,5,8,28,365,437,11890,802.0,750
fe,5,8,22,371,0,12327,371.0,750
rw,5,9,313,80,268,12059,348.0,750
goni,5,9,210,183,77,12250,260.0,750
chan,5,9,123,270,62,12265,332.0,750
kenett,5,9,30,363,435,11892,798.0,750
fe,5,9,25,368,0,12327,368.0,750
rw,5,10,326,67,291,12036,358.0,750
goni,5,10,228,165,91,12236,256.0,750
chan,5,10,127,266,48,12279,314.0,750
kenett,5,10,29,364,436,11891,800.0,750
fe,5,10,28,365,0,12327,365.0,750
rw,5,11,333,60,313,12014,373.0,750
goni,5,11,242,151,105,12222,256.0,750
chan,5,11,130,263,41,12286,304.0,750
kenett,5,11,24,369,441,11886,810.0,750
fe,5,11,31,362,0,12327,362.0,750
rw,5,12,340,53,337,11990,390.0,750
goni,5,12,264,129,121,12206,250.0,750
chan,5,12,129,264,43,12284,307.0,750
kenett,5,12,31,362,434,11893,796.0,750
fe,5,12,34,359,0,12327,359.0,750
rw,5,13,345,48,363,11964,411.0,750
goni,5,13,274,119,126,12201,245.0,750
chan,5,13,132,261,41,12286,302.0,750
kenett,5,13,46,347,425,11902,772.0,750
fe,5,13,36,357,0,12327,357.0,750
rw,5,14,351,42,395,11932,437.0,750
goni,5,14,284,109,140,12187,249.0,750
chan,5,14,131,262,37,12290,299.0,750
kenett,5,14,48,345,423,11904,768.0,750
fe,5,14,39,354,0,12327,354.0,750
rw,5,15,356,37,417,11910,454.0,750
goni,5,15,292,101,150,12177,251.0,750
chan,5,15,134,259,33,12294,292.0,750
kenett,5,15,42,351,429,11898,780.0,750
fe,5,15,41,352,0,12327,352.0,750
rw,5,16,366,27,434,11893,461.0,750
goni,5,16,303,90,166,12161,256.0,750
chan,5,16,137,256,27,12300,283.0,750
kenett,5,16,43,350,428,11899,778.0,750
fe,5,16,44,349,0,12327,349.0,750
rw,5,17,372,21,459,11868,480.0,750
goni,5,17,313,80,190,12137,270.0,750
chan,5,17,136,257,26,12301,283.0,750
kenett,5,17,46,347,425,11902,772.0,750
fe,5,17,47,346,0,12327,346.0,750
rw,5,18,372,21,489,11838,510.0,750
goni,5,18,311,82,197,12130,279.0,750
chan,5,18,136,257,26,12301,283.0,750
kenett,5,18,45,348,426,11901,774.0,750
fe,5,18,49,344,0,12327,344.0,750
rw,5,19,374,19,502,11825,521.0,750
goni,5,19,315,78,213,12114,291.0,750
chan,5,19,140,253,23,12304,276.0,750
kenett,5,19,43,350,428,11899,778.0,750
fe,5,19,50,343,0,12327,343.0,750
rw,5,20,377,16,525,11802,541.0,750
goni,5,20,319,74,219,12108,293.0,750
chan,5,20,140,253,23,12304,276.0,750
kenett,5,20,37,356,434,11893,790.0,750
fe,5,20,53,340,0,12327,340.0,750
rw,5,21,379,14,550,11777,564.0,750
goni,5,21,327,66,221,12106,287.0,750
chan,5,21,139,254,27,12300,281.0,750
kenett,5,21,242,151,232,12095,383.0,750
fe,5,21,56,337,0,12327,337.0,750
rw,5,22,384,9,583,11744,592.0,750
goni,5,22,334,59,225,12102,284.0,750
chan,5,22,140,253,25,12302,278.0,750
kenett,5,22,239,154,235,12092,389.0,750
fe,5,22,59,334,0,12327,334.0,750
rw,5,23,384,9,608,11719,617.0,750
goni,5,23,336,57,241,12086,298.0,750
chan,5,23,141,252,23,12304,275.0,750
kenett,5,23,232,161,242,12085,403.0,750
fe,5,23,61,332,0,12327,332.0,750
rw,5,24,384,9,627,11700,636.0,750
goni,5,24,341,52,246,12081,298.0,750
chan,5,24,143,250,21,12306,271.0,750
kenett,5,24,231,162,243,12084,405.0,750
fe,5,24,64,329,0,12327,329.0,750
rw,5,25,386,7,653,11674,660.0,750
goni,5,25,345,48,253,12074,301.0,750
chan,5,25,144,249,20,12307,269.0,750
kenett,5,25,235,158,239,12088,397.0,750
fe,5,25,65,328,0,12327,328.0,750
rw,5,26,387,6,665,11662,671.0,750
goni,5,26,347,46,264,12063,310.0,750
chan,5,26,144,249,19,12308,268.0,750
kenett,5,26,245,148,229,12098,377.0,750
fe,5,26,68,325,0,12327,325.0,750
rw,5,27,388,5,687,11640,692.0,750
goni,5,27,347,46,271,12056,317.0,750
chan,5,27,145,248,17,12310,265.0,750
kenett,5,27,240,153,234,12093,387.0,750
fe,5,27,71,322,0,12327,322.0,750
rw,5,28,388,5,704,11623,709.0,750
goni,5,28,354,39,279,12048,318.0,750
chan,5,28,147,246,16,12311,262.0,750
kenett,5,28,245,148,229,12098,377.0,750
fe,5,28,73,320,0,12327,320.0,750
rw,5,29,388,5,716,11611,721.0,750
goni,5,29,357,36,288,12039,324.0,750
chan,5,29,147,246,13,12314,259.0,750
kenett,5,29,241,152,233,12094,385.0,750
fe,5,29,76,317,0,12327,317.0,750
rw,5,30,389,4,731,11596,735.0,750
goni,5,30,360,33,297,12030,330.0,750
chan,5,30,148,245,12,12315,257.0,750
kenett,5,30,244,149,230,12097,379.0,750
fe,5,30,79,314,0,12327,314.0,750
rw,5,31,390,3,757,11570,760.0,750
goni,5,31,359,34,307,12020,341.0,750
chan,5,31,148,245,11,12316,256.0,750
kenett,5,31,243,150,231,12096,381.0,750
fe,5,31,82,311,0,12327,311.0,750
rw,5,32,391,2,780,11547,782.0,750
goni,5,32,362,31,312,12015,343.0,750
chan,5,32,149,244,11,12316,255.0,750
kenett,5,32,254,139,220,12107,359.0,750
fe,5,32,85,308,0,12327,308.0,750
rw,5,33,391,2,800,11527,802.0,750
goni,5,33,363,30,325,12002,355.0,750
chan,5,33,149,244,11,12316,255.0,750
kenett,5,33,258,135,216,12111,351.0,750
fe,5,33,88,305,0,12327,305.0,750
rw,5,34,392,1,815,11512,816.0,750
goni,5,34,362,31,331,11996,362.0,750
chan,5,34,147,246,12,12315,258.0,750
kenett,5,34,259,134,215,12112,349.0,750
fe,5,34,91,302,0,12327,302.0,750
rw,5,35,392,1,839,11488,840.0,750
goni,5,35,364,29,340,11987,369.0,750
chan,5,35,147,246,12,12315,258.0,750
kenett,5,35,258,135,216,12111,351.0,750
fe,5,35,92,301,0,12327,301.0,750
rw,5,36,392,1,863,11464,864.0,750
goni,5,36,365,28,341,11986,369.0,750
chan,5,36,147,246,12,12315,258.0,750
kenett,5,36,262,131,212,12115,343.0,750
fe,5,36,95,298,0,12327,298.0,750
rw,5,37,392,1,877,11450,878.0,750
goni,5,37,364,29,345,11982,374.0,750
chan,5,37,149,244,10,12317,254.0,750
kenett,5,37,264,129,210,12117,339.0,750
fe,5,37,96,297,0,12327,297.0,750
rw,5,38,392,1,896,11431,897.0,750
goni,5,38,367,26,353,11974,379.0,750
chan,5,38,149,244,10,12317,254.0,750
kenett,5,38,260,133,214,12113,347.0,750
fe,5,38,96,297,0,12327,297.0,750
rw,5,39,392,1,913,11414,914.0,750
goni,5,39,365,28,360,11967,388.0,750
chan,5,39,150,243,9,12318,252.0,750
kenett,5,39,265,128,209,12118,337.0,750
fe,5,39,96,297,0,12327,297.0,750
rw,5,40,392,1,931,11396,932.0,750
goni,5,40,370,23,360,11967,383.0,750
chan,5,40,150,243,9,12318,252.0,750
kenett,5,40,259,134,215,12112,349.0,750
fe,5,40,98,295,0,12327,295.0,750
rw,5,41,393,0,948,11379,948.0,750
goni,5,41,369,24,371,11956,395.0,750
chan,5,41,152,241,7,12320,248.0,750
kenett,5,41,269,124,205,12122,329.0,750
fe,5,41,100,293,0,12327,293.0,750
rw,5,42,393,0,965,11362,965.0,750
goni,5,42,371,22,378,11949,400.0,750
chan,5,42,152,241,8,12319,249.0,750
kenett,5,42,271,122,203,12124,325.0,750
fe,5,42,102,291,0,12327,291.0,750
rw,5,43,393,0,983,11344,983.0,750
goni,5,43,375,18,388,11939,406.0,750
chan,5,43,151,242,9,12318,251.0,750
kenett,5,43,266,127,208,12119,335.0,750
fe,5,43,104,289,0,12327,289.0,750
rw,5,44,393,0,999,11328,999.0,750
goni,5,44,375,18,397,11930,415.0,750
chan,5,44,151,242,9,12318,251.0,750
kenett,5,44,267,126,207,12120,333.0,750
fe,5,44,106,287,0,12327,287.0,750
rw,5,45,393,0,1019,11308,1019.0,750
goni,5,45,376,17,401,11926,418.0,750
chan,5,45,151,242,9,12318,251.0,750
kenett,5,45,267,126,207,12120,333.0,750
fe,5,45,107,286,0,12327,286.0,750
rw,5,46,393,0,1041,11286,1041.0,750
goni,5,46,375,18,400,11927,418.0,750
chan,5,46,151,242,9,12318,251.0,750
kenett,5,46,268,125,206,12121,331.0,750
fe,5,46,110,283,0,12327,283.0,750
rw,5,47,393,0,1054,11273,1054.0,750
goni,5,47,378,15,398,11929,413.0,750
chan,5,47,151,242,9,12318,251.0,750
kenett,5,47,271,122,203,12124,325.0,750
fe,5,47,113,280,0,12327,280.0,750
rw,5,48,393,0,1070,11257,1070.0,750
goni,5,48,378,15,403,11924,418.0,750
chan,5,48,152,241,8,12319,249.0,750
kenett,5,48,270,123,204,12123,327.0,750
fe,5,48,116,277,0,12327,277.0,750
rw,5,49,393,0,1088,11239,1088.0,750
goni,5,49,378,15,400,11927,415.0,750
chan,5,49,154,239,7,12320,246.0,750
kenett,5,49,271,122,203,12124,325.0,750
fe,5,49,118,275,0,12327,275.0,750
rw,5,50,393,0,1104,11223,1104.0,750
goni,5,50,379,14,406,11921,420.0,750
chan,5,50,153,240,7,12320,247.0,750
kenett,5,50,264,129,210,12117,339.0,750
fe,5,50,120,273,0,12327,273.0,750
rw,6,1,65,328,33,12294,361.0,900
goni,6,1,7,386,0,12327,386.0,900
chan,6,1,59,334,28,12299,362.0,900
kenett,6,1,16,377,194,12133,571.0,900
fe,6,1,3,390,0,12327,390.0,900
rw,6,2,112,281,67,12260,348.0,900
goni,6,2,35,358,7,12320,365.0,900
chan,6,2,93,300,50,12277,350.0,900
kenett,6,2,18,375,330,11997,705.0,900
fe,6,2,6,387,0,12327,387.0,900
rw,6,3,163,230,88,12239,318.0,900
goni,6,3,65,328,19,12308,347.0,900
chan,6,3,105,288,58,12269,346.0,900
kenett,6,3,23,370,349,11978,719.0,900
fe,6,3,9,384,0,12327,384.0,900
rw,6,4,196,197,122,12205,319.0,900
goni,6,4,90,303,28,12299,331.0,900
chan,6,4,110,283,59,12268,342.0,900
kenett,6,4,25,368,371,11956,739.0,900
fe,6,4,12,381,0,12327,381.0,900
rw,6,5,225,168,156,12171,324.0,900
goni,6,5,122,271,30,12297,301.0,900
chan,6,5,113,280,62,12265,342.0,900
kenett,6,5,14,379,409,11918,788.0,900
fe,6,5,15,378,0,12327,378.0,900
rw,6,6,257,136,184,12143,320.0,900
goni,6,6,134,259,37,12290,296.0,900
chan,6,6,127,266,60,12267,326.0,900
kenett,6,6,23,370,418,11909,788.0,900
fe,6,6,18,375,0,12327,375.0,900
rw,6,7,278,115,213,12114,328.0,900
goni,6,7,162,231,45,12282,276.0,900
chan,6,7,128,265,54,12273,319.0,900
kenett,6,7,20,373,436,11891,809.0,900
fe,6,7,21,372,0,12327,372.0,900
rw,6,8,302,91,245,12082,336.0,900
goni,6,8,182,211,59,12268,270.0,900
chan,6,8,124,269,62,12265,331.0,900
kenett,6,8,25,368,440,11887,808.0,900
fe,6,8,24,369,0,12327,369.0,900
rw,6,9,320,73,269,12058,342.0,900
goni,6,9,214,179,74,12253,253.0,900
chan,6,9,130,263,56,12271,319.0,900
kenett,6,9,29,364,439,11888,803.0,900
fe,6,9,27,366,0,12327,366.0,900
rw,6,10,337,56,294,12033,350.0,900
goni,6,10,228,165,86,12241,251.0,900
chan,6,10,132,261,58,12269,319.0,900
kenett,6,10,54,339,417,11910,756.0,900
fe,6,10,30,363,0,12327,363.0,900
rw,6,11,347,46,320,12007,366.0,900
goni,6,11,241,152,100,12227,252.0,900
chan,6,11,129,264,54,12273,318.0,900
kenett,6,11,193,200,281,12046,481.0,900
fe,6,11,32,361,0,12327,361.0,900
rw,6,12,355,38,349,11978,387.0,900
goni,6,12,253,140,108,12219,248.0,900
chan,6,12,131,262,46,12281,308.0,900
kenett,6,12,197,196,277,12050,473.0,900
fe,6,12,35,358,0,12327,358.0,900
rw,6,13,365,28,377,11950,405.0,900
goni,6,13,272,121,120,12207,241.0,900
chan,6,13,133,260,43,12284,303.0,900
kenett,6,13,204,189,270,12057,459.0,900
fe,6,13,38,355,0,12327,355.0,900
rw,6,14,368,25,400,11927,425.0,900
goni,6,14,283,110,143,12184,253.0,900
chan,6,14,133,260,41,12286,301.0,900
kenett,6,14,208,185,266,12061,451.0,900
fe,6,14,41,352,0,12327,352.0,900
rw,6,15,372,21,421,11906,442.0,900
goni,6,15,288,105,155,12172,260.0,900
chan,6,15,133,260,40,12287,300.0,900
kenett,6,15,203,190,271,12056,461.0,900
fe,6,15,44,349,0,12327,349.0,900
rw,6,16,375,18,445,11882,463.0,900
goni,6,16,299,94,171,12156,265.0,900
chan,6,16,132,261,41,12286,302.0,900
kenett,6,16,215,178,259,12068,437.0,900
fe,6,16,47,346,0,12327,346.0,900
rw,6,17,377,16,469,11858,485.0,900
goni,6,17,303,90,181,12146,271.0,900
chan,6,17,132,261,39,12288,300.0,900
kenett,6,17,214,179,260,12067,439.0,900
fe,6,17,49,344,0,12327,344.0,900
rw,6,18,379,14,485,11842,499.0,900
goni,6,18,312,81,176,12151,257.0,900
chan,6,18,133,260,38,12289,298.0,900
kenett,6,18,226,167,248,12079,415.0,900
fe,6,18,52,341,0,12327,341.0,900
rw,6,19,382,11,509,11818,520.0,900
goni,6,19,313,80,181,12146,261.0,900
chan,6,19,137,256,34,12293,290.0,900
kenett,6,19,221,172,253,12074,425.0,900
fe,6,19,55,338,0,12327,338.0,900
rw,6,20,383,10,524,11803,534.0,900
goni,6,20,321,72,185,12142,257.0,900
chan,6,20,139,254,25,12302,279.0,900
kenett,6,20,226,167,248,12079,415.0,900
fe,6,20,56,337,0,12327,337.0,900
rw,6,21,383,10,548,11779,558.0,900
goni,6,21,328,65,202,12125,267.0,900
chan,6,21,139,254,25,12302,279.0,900
kenett,6,21,239,154,235,12092,389.0,900
fe,6,21,59,334,0,12327,334.0,900
rw,6,22,385,8,562,11765,570.0,900
goni,6,22,333,60,214,12113,274.0,900
chan,6,22,138,255,26,12301,281.0,900
kenett,6,22,238,155,236,12091,391.0,900
fe,6,22,62,331,0,12327,331.0,900
rw,6,23,385,8,577,11750,585.0,900
goni,6,23,341,52,230,12097,282.0,900
chan,6,23,140,253,21,12306,274.0,900
kenett,6,23,241,152,233,12094,385.0,900
fe,6,23,65,328,0,12327,328.0,900
rw,6,24,386,7,609,11718,616.0,900
goni,6,24,347,46,239,12088,285.0,900
chan,6,24,140,253,21,12306,274.0,900
kenett,6,24,244,149,230,12097,379.0,900
fe,6,24,68,325,0,12327,325.0,900
rw,6,25,386,7,625,11702,632.0,900
goni,6,25,348,45,244,12083,289.0,900
chan,6,25,141,252,20,12307,272.0,900
kenett,6,25,248,145,226,12101,371.0,900
fe,6,25,70,323,0,12327,323.0,900
rw,6,26,387,6,654,11673,660.0,900
goni,6,26,349,44,255,12072,299.0,900
chan,6,26,139,254,22,12305,276.0,900
kenett,6,26,242,151,232,12095,383.0,900
fe,6,26,72,321,0,12327,321.0,900
rw,6,27,388,5,667,11660,672.0,900
goni,6,27,350,43,254,12073,297.0,900
chan,6,27,141,252,21,12306,273.0,900
kenett,6,27,248,145,226,12101,371.0,900
fe,6,27,74,319,0,12327,319.0,900
rw,6,28,388,5,689,11638,694.0,900
goni,6,28,351,42,276,12051,318.0,900
chan,6,28,139,254,22,12305,276.0,900
kenett,6,28,256,137,218,12109,355.0,900
fe,6,28,76,317,0,12327,317.0,900
rw,6,29,388,5,707,11620,712.0,900
goni,6,29,353,40,283,12044,323.0,900
chan,6,29,141,252,22,12305,274.0,900
kenett,6,29,247,146,227,12100,373.0,900
fe,6,29,79,314,0,12327,314.0,900
rw,6,30,389,4,729,11598,733.0,900
goni,6,30,354,39,288,12039,327.0,900
chan,6,30,143,250,17,12310,267.0,900
kenett,6,30,246,147,228,12099,375.0,900
fe,6,30,81,312,0,12327,312.0,900
rw,6,31,389,4,753,11574,757.0,900
goni,6,31,358,35,290,12037,325.0,900
chan,6,31,144,249,16,12311,265.0,900
kenett,6,31,245,148,229,12098,377.0,900
fe,6,31,82,311,0,12327,311.0,900
rw,6,32,389,4,776,11551,780.0,900
goni,6,32,364,29,298,12029,327.0,900
chan,6,32,144,249,18,12309,267.0,900
kenett,6,32,244,149,230,12097,379.0,900
fe,6,32,82,311,0,12327,311.0,900
rw,6,33,389,4,800,11527,804.0,900
goni,6,33,361,32,306,12021,338.0,900
chan,6,33,144,249,17,12310,266.0,900
kenett,6,33,248,145,226,12101,371.0,900
fe,6,33,84,309,0,12327,309.0,900
rw,6,34,390,3,818,11509,821.0,900
goni,6,34,360,33,314,12013,347.0,900
chan,6,34,144,249,18,12309,267.0,900
kenett,6,34,246,147,228,12099,375.0,900
fe,6,34,86,307,0,12327,307.0,900
rw,6,35,390,3,841,11486,844.0,900
goni,6,35,364,29,321,12006,350.0,900
chan,6,35,142,251,21,12306,272.0,900
kenett,6,35,249,144,225,12102,369.0,900
fe,6,35,87,306,0,12327,306.0,900
rw,6,36,390,3,862,11465,865.0,900
goni,6,36,364,29,329,11998,358.0,900
chan,6,36,144,249,17,12310,266.0,900
kenett,6,36,245,148,229,12098,377.0,900
fe,6,36,88,305,0,12327,305.0,900
rw,6,37,390,3,881,11446,884.0,900
goni,6,37,365,28,327,12000,355.0,900
chan,6,37,145,248,16,12311,264.0,900
kenett,6,37,245,148,229,12098,377.0,900
fe,6,37,90,303,0,12327,303.0,900
rw,6,38,391,2,896,11431,898.0,900
goni,6,38,370,23,337,11990,360.0,900
chan,6,38,146,247,14,12313,261.0,900
kenett,6,38,253,140,221,12106,361.0,900
fe,6,38,92,301,0,12327,301.0,900
rw,6,39,391,2,914,11413,916.0,900
goni,6,39,371,22,342,11985,364.0,900
chan,6,39,146,247,14,12313,261.0,900
kenett,6,39,256,137,218,12109,355.0,900
fe,6,39,94,299,0,12327,299.0,900
rw,6,40,391,2,937,11390,939.0,900
goni,6,40,370,23,348,11979,371.0,900
chan,6,40,146,247,14,12313,261.0,900
kenett,6,40,251,142,223,12104,365.0,900
fe,6,40,97,296,0,12327,296.0,900
rw,6,41,391,2,954,11373,956.0,900
goni,6,41,373,20,352,11975,372.0,900
chan,6,41,147,246,14,12313,260.0,900
kenett,6,41,261,132,213,12114,345.0,900
fe,6,41,99,294,0,12327,294.0,900
rw,6,42,391,2,974,11353,976.0,900
goni,6,42,376,17,361,11966,378.0,900
chan,6,42,148,245,13,12314,258.0,900
kenett,6,42,268,125,206,12121,331.0,900
fe,6,42,102,291,0,12327,291.0,900
rw,6,43,391,2,988,11339,990.0,900
goni,6,43,374,19,369,11958,388.0,900
chan,6,43,147,246,13,12314,259.0,900
kenett,6,43,268,125,206,12121,331.0,900
fe,6,43,105,288,0,12327,288.0,900
rw,6,44,391,2,1006,11321,1008.0,900
goni,6,44,374,19,380,11947,399.0,900
chan,6,44,147,246,13,12314,259.0,900
kenett,6,44,270,123,204,12123,327.0,900
fe,6,44,107,286,0,12327,286.0,900
rw,6,45,391,2,1022,11305,1024.0,900
goni,6,45,374,19,377,11950,396.0,900
chan,6,45,148,245,12,12315,257.0,900
kenett,6,45,275,118,199,12128,317.0,900
fe,6,45,109,284,0,12327,284.0,900
rw,6,46,391,2,1040,11287,1042.0,900
goni,6,46,374,19,385,11942,404.0,900
chan,6,46,151,242,10,12317,252.0,900
kenett,6,46,271,122,203,12124,325.0,900
fe,6,46,110,283,0,12327,283.0,900
rw,6,47,391,2,1063,11264,1065.0,900
goni,6,47,374,19,393,11934,412.0,900
chan,6,47,150,243,10,12317,253.0,900
kenett,6,47,275,118,199,12128,317.0,900
fe,6,47,113,280,0,12327,280.0,900
rw,6,48,392,1,1083,11244,1084.0,900
goni,6,48,375,18,395,11932,413.0,900
chan,6,48,150,243,10,12317,253.0,900
kenett,6,48,272,121,202,12125,323.0,900
fe,6,48,115,278,0,12327,278.0,900
rw,6,49,392,1,1097,11230,1098.0,900
goni,6,49,374,19,396,11931,415.0,900
chan,6,49,148,245,11,12316,256.0,900
kenett,6,49,278,115,196,12131,311.0,900
fe,6,49,117,276,0,12327,276.0,900
rw,6,50,392,1,1115,11212,1116.0,900
goni,6,50,376,17,402,11925,419.0,900
chan,6,50,149,244,10,12317,254.0,900
kenett,6,50,276,117,198,12129,315.0,900
fe,6,50,120,273,0,12327,273.0,900
rw,7,1,71,322,28,12299,350.0,1050
goni,7,1,5,388,1,12326,389.0,1050
chan,7,1,59,334,28,12299,362.0,1050
kenett,7,1,15,378,198,12129,576.0,1050
fe,7,1,3,390,0,12327,390.0,1050
rw,7,2,127,266,58,12269,324.0,1050
goni,7,2,30,363,5,12322,368.0,1050
chan,7,2,92,301,51,12276,352.0,1050
kenett,7,2,14,379,328,11999,707.0,1050
fe,7,2,6,387,0,12327,387.0,1050
rw,7,3,173,220,86,12241,306.0,1050
goni,7,3,59,334,16,12311,350.0,1050
chan,7,3,109,284,67,12260,351.0,1050
kenett,7,3,21,372,384,11943,756.0,1050
fe,7,3,9,384,0,12327,384.0,1050
rw,7,4,210,183,112,12215,295.0,1050
goni,7,4,88,305,26,12301,331.0,1050
chan,7,4,120,273,75,12252,348.0,1050
kenett,7,4,19,374,413,11914,787.0,1050
fe,7,4,12,381,0,12327,381.0,1050
rw,7,5,238,155,144,12183,299.0,1050
goni,7,5,125,268,36,12291,304.0,1050
chan,7,5,119,274,73,12254,347.0,1050
kenett,7,5,20,373,430,11897,803.0,1050
fe,7,5,15,378,0,12327,378.0,1050
rw,7,6,256,137,168,12159,305.0,1050
goni,7,6,150,243,49,12278,292.0,1050
chan,7,6,117,276,72,12255,348.0,1050
kenett,7,6,20,373,433,11894,806.0,1050
fe,7,6,18,375,0,12327,375.0,1050
rw,7,7,272,121,197,12130,318.0,1050
goni,7,7,159,234,63,12264,297.0,1050
chan,7,7,122,271,71,12256,342.0,1050
kenett,7,7,18,375,444,11883,819.0,1050
fe,7,7,21,372,0,12327,372.0,1050
rw,7,8,292,101,230,12097,331.0,1050
goni,7,8,188,205,73,12254,278.0,1050
chan,7,8,131,262,59,12268,321.0,1050
kenett,7,8,39,354,432,11895,786.0,1050
fe,7,8,24,369,0,12327,369.0,1050
rw,7,9,307,86,257,12070,343.0,1050
goni,7,9,202,191,77,12250,268.0,1050
chan,7,9,131,262,61,12266,323.0,1050
kenett,7,9,32,361,439,11888,800.0,1050
fe,7,9,25,368,0,12327,368.0,1050
rw,7,10,322,71,282,12045,353.0,1050
goni,7,10,215,178,95,12232,273.0,1050
chan,7,10,134,259,52,12275,311.0,1050
kenett,7,10,34,359,437,11890,796.0,1050
fe,7,10,28,365,0,12327,365.0,1050
rw,7,11,338,55,313,12014,368.0,1050
goni,7,11,244,149,103,12224,252.0,1050
chan,7,11,136,257,42,12285,299.0,1050
kenett,7,11,25,368,446,11881,814.0,1050
fe,7,11,31,362,0,12327,362.0,1050
rw,7,12,349,44,336,11991,380.0,1050
goni,7,12,257,136,116,12211,252.0,1050
chan,7,12,138,255,34,12293,289.0,1050
kenett,7,12,31,362,440,11887,802.0,1050
fe,7,12,33,360,0,12327,360.0,1050
rw,7,13,354,39,365,11962,404.0,1050
goni,7,13,264,129,121,12206,250.0,1050
chan,7,13,136,257,35,12292,292.0,1050
kenett,7,13,28,365,443,11884,808.0,1050
fe,7,13,35,358,0,12327,358.0,1050
rw,7,14,359,34,384,11943,418.0,1050
goni,7,14,288,105,148,12179,253.0,1050
chan,7,14,142,251,25,12302,276.0,1050
kenett,7,14,31,362,440,11887,802.0,1050
fe,7,14,38,355,0,12327,355.0,1050
rw,7,15,363,30,412,11915,442.0,1050
goni,7,15,304,89,155,12172,244.0,1050
chan,7,15,143,250,22,12305,272.0,1050
kenett,7,15,32,361,439,11888,800.0,1050
fe,7,15,41,352,0,12327,352.0,1050
rw,7,16,369,24,434,11893,458.0,1050
goni,7,16,312,81,169,12158,250.0,1050
chan,7,16,144,249,21,12306,270.0,1050
kenett,7,16,37,356,434,11893,790.0,1050
fe,7,16,43,350,0,12327,350.0,1050
rw,7,17,372,21,460,11867,481.0,1050
goni,7,17,321,72,179,12148,251.0,1050
chan,7,17,144,249,18,12309,267.0,1050
kenett,7,17,42,351,429,11898,780.0,1050
fe,7,17,46,347,0,12327,347.0,1050
rw,7,18,375,18,482,11845,500.0,1050
goni,7,18,324,69,188,12139,257.0,1050
chan,7,18,144,249,16,12311,265.0,1050
kenett,7,18,59,334,412,11915,746.0,1050
fe,7,18,48,345,0,12327,345.0,1050
rw,7,19,378,15,501,11826,516.0,1050
goni,7,19,331,62,196,12131,258.0,1050
chan,7,19,147,246,14,12313,260.0,1050
kenett,7,19,42,351,429,11898,780.0,1050
fe,7,19,49,344,0,12327,344.0,1050
rw,7,20,380,13,528,11799,541.0,1050
goni,7,20,329,64,191,12136,255.0,1050
chan,7,20,148,245,14,12313,259.0,1050
kenett,7,20,55,338,416,11911,754.0,1050
fe,7,20,52,341,0,12327,341.0,1050
rw,7,21,382,11,550,11777,561.0,1050
goni,7,21,335,58,200,12127,258.0,1050
chan,7,21,146,247,14,12313,261.0,1050
kenett,7,21,32,361,439,11888,800.0,1050
fe,7,21,55,338,0,12327,338.0,1050
rw,7,22,383,10,557,11770,567.0,1050
goni,7,22,336,57,204,12123,261.0,1050
chan,7,22,147,246,12,12315,258.0,1050
kenett,7,22,52,341,419,11908,760.0,1050
fe,7,22,58,335,0,12327,335.0,1050
rw,7,23,385,8,590,11737,598.0,1050
goni,7,23,340,53,221,12106,274.0,1050
chan,7,23,144,249,18,12309,267.0,1050
kenett,7,23,241,152,233,12094,385.0,1050
fe,7,23,60,333,0,12327,333.0,1050
rw,7,24,387,6,607,11720,613.0,1050
goni,7,24,343,50,230,12097,280.0,1050
chan,7,24,146,247,15,12312,262.0,1050
kenett,7,24,249,144,225,12102,369.0,1050
fe,7,24,63,330,0,12327,330.0,1050
rw,7,25,387,6,623,11704,629.0,1050
goni,7,25,344,49,236,12091,285.0,1050
chan,7,25,147,246,15,12312,261.0,1050
kenett,7,25,249,144,225,12102,369.0,1050
fe,7,25,65,328,0,12327,328.0,1050
rw,7,26,387,6,649,11678,655.0,1050
goni,7,26,346,47,245,12082,292.0,1050
chan,7,26,150,243,11,12316,254.0,1050
kenett,7,26,248,145,226,12101,371.0,1050
fe,7,26,67,326,0,12327,326.0,1050
rw,7,27,388,5,674,11653,679.0,1050
goni,7,27,350,43,252,12075,295.0,1050
chan,7,27,149,244,10,12317,254.0,1050
kenett,7,27,247,146,227,12100,373.0,1050
fe,7,27,69,324,0,12327,324.0,1050
rw,7,28,388,5,696,11631,701.0,1050
goni,7,28,351,42,261,12066,303.0,1050
chan,7,28,150,243,10,12317,253.0,1050
kenett,7,28,244,149,230,12097,379.0,1050
fe,7,28,71,322,0,12327,322.0,1050
rw,7,29,388,5,724,11603,729.0,1050
goni,7,29,354,39,274,12053,313.0,1050
chan,7,29,151,242,9,12318,251.0,1050
kenett,7,29,245,148,229,12098,377.0,1050
fe,7,29,72,321,0,12327,321.0,1050
rw,7,30,388,5,744,11583,749.0,1050
goni,7,30,355,38,273,12054,311.0,1050
chan,7,30,152,241,8,12319,249.0,1050
kenett,7,30,247,146,227,12100,373.0,1050
fe,7,30,74,319,0,12327,319.0,1050
rw,7,31,388,5,765,11562,770.0,1050
goni,7,31,358,35,289,12038,324.0,1050
chan,7,31,151,242,9,12318,251.0,1050
kenett,7,31,259,134,215,12112,349.0,1050
fe,7,31,76,317,0,12327,317.0,1050
rw,7,32,388,5,785,11542,790.0,1050
goni,7,32,361,32,287,12040,319.0,1050
chan,7,32,151,242,10,12317,252.0,1050
kenett,7,32,252,141,222,12105,363.0,1050
fe,7,32,78,315,0,12327,315.0,1050
rw,7,33,389,4,801,11526,805.0,1050
goni,7,33,361,32,305,12022,337.0,1050
chan,7,33,152,241,8,12319,249.0,1050
kenett,7,33,253,140,221,12106,361.0,1050
fe,7,33,80,313,0,12327,313.0,1050
rw,7,34,390,3,823,11504,826.0,1050
goni,7,34,360,33,310,12017,343.0,1050
chan,7,34,152,241,8,12319,249.0,1050
kenett,7,34,253,140,221,12106,361.0,1050
fe,7,34,81,312,0,12327,312.0,1050
rw,7,35,390,3,840,11487,843.0,1050
goni,7,35,365,28,317,12010,345.0,1050
chan,7,35,152,241,9,12318,250.0,1050
kenett,7,35,258,135,216,12111,351.0,1050
fe,7,35,83,310,0,12327,310.0,1050
rw,7,36,391,2,857,11470,859.0,1050
goni,7,36,368,25,318,12009,343.0,1050
chan,7,36,152,241,9,12318,250.0,1050
kenett,7,36,263,130,211,12116,341.0,1050
fe,7,36,86,307,0,12327,307.0,1050
rw,7,37,391,2,875,11452,877.0,1050
goni,7,37,367,26,326,12001,352.0,1050
chan,7,37,151,242,8,12319,250.0,1050
kenett,7,37,265,128,209,12118,337.0,1050
fe,7,37,89,304,0,12327,304.0,1050
rw,7,38,391,2,896,11431,898.0,1050
goni,7,38,365,28,334,11993,362.0,1050
chan,7,38,152,241,7,12320,248.0,1050
kenett,7,38,266,127,208,12119,335.0,1050
fe,7,38,92,301,0,12327,301.0,1050
rw,7,39,391,2,915,11412,917.0,1050
goni,7,39,366,27,343,11984,370.0,1050
chan,7,39,152,241,7,12320,248.0,1050
kenett,7,39,272,121,202,12125,323.0,1050
fe,7,39,93,300,0,12327,300.0,1050
rw,7,40,391,2,938,11389,940.0,1050
goni,7,40,368,25,347,11980,372.0,1050
chan,7,40,152,241,7,12320,248.0,1050
kenett,7,40,267,126,207,12120,333.0,1050
fe,7,40,95,298,0,12327,298.0,1050
rw,7,41,391,2,955,11372,957.0,1050
goni,7,41,371,22,357,11970,379.0,1050
chan,7,41,152,241,7,12320,248.0,1050
kenett,7,41,273,120,201,12126,321.0,1050
fe,7,41,97,296,0,12327,296.0,1050
rw,7,42,391,2,976,11351,978.0,1050
goni,7,42,373,20,364,11963,384.0,1050
chan,7,42,153,240,6,12321,246.0,1050
kenett,7,42,273,120,201,12126,321.0,1050
fe,7,42,100,293,0,12327,293.0,1050
rw,7,43,391,2,992,11335,994.0,1050
goni,7,43,374,19,365,11962,384.0,1050
chan,7,43,152,241,7,12320,248.0,1050
kenett,7,43,278,115,196,12131,311.0,1050
fe,7,43,103,290,0,12327,290.0,1050
rw,7,44,392,1,1008,11319,1009.0,1050
goni,7,44,376,17,370,11957,387.0,1050
chan,7,44,152,241,7,12320,248.0,1050
kenett,7,44,272,121,202,12125,323.0,1050
fe,7,44,106,287,0,12327,287.0,1050
rw,7,45,392,1,1028,11299,1029.0,1050
goni,7,45,376,17,378,11949,395.0,1050
chan,7,45,152,241,7,12320,248.0,1050
kenett,7,45,275,118,199,12128,317.0,1050
fe,7,45,108,285,0,12327,285.0,1050
rw,7,46,392,1,1048,11279,1049.0,1050
goni,7,46,376,17,385,11942,402.0,1050
chan,7,46,152,241,7,12320,248.0,1050
kenett,7,46,267,126,207,12120,333.0,1050
fe,7,46,111,282,0,12327,282.0,1050
rw,7,47,393,0,1064,11263,1064.0,1050
goni,7,47,376,17,402,11925,419.0,1050
chan,7,47,153,240,6,12321,246.0,1050
kenett,7,47,279,114,195,12132,309.0,1050
fe,7,47,114,279,0,12327,279.0,1050
rw,7,48,393,0,1079,11248,1079.0,1050
goni,7,48,377,16,412,11915,428.0,1050
chan,7,48,154,239,5,12322,244.0,1050
kenett,7,48,280,113,194,12133,307.0,1050
fe,7,48,116,277,0,12327,277.0,1050
rw,7,49,393,0,1094,11233,1094.0,1050
goni,7,49,376,17,417,11910,434.0,1050
chan,7,49,154,239,5,12322,244.0,1050
kenett,7,49,272,121,202,12125,323.0,1050
fe,7,49,119,274,0,12327,274.0,1050
rw,7,50,393,0,1103,11224,1103.0,1050
goni,7,50,379,14,422,11905,436.0,1050
chan,7,50,154,239,5,12322,244.0,1050
kenett,7,50,272,121,202,12125,323.0,1050
fe,7,50,122,271,0,12327,271.0,1050
rw,8,1,65,328,32,12295,360.0,1200
goni,8,1,9,384,2,12325,386.0,1200
chan,8,1,52,341,31,12296,372.0,1200
kenett,8,1,14,379,214,12113,593.0,1200
fe,8,1,3,390,0,12327,390.0,1200
rw,8,2,122,271,63,12264,334.0,1200
goni,8,2,32,361,7,12320,368.0,1200
chan,8,2,86,307,50,12277,357.0,1200
kenett,8,2,13,380,326,12001,706.0,1200
fe,8,2,6,387,0,12327,387.0,1200
rw,8,3,167,226,91,12236,317.0,1200
goni,8,3,58,335,13,12314,348.0,1200
chan,8,3,105,288,60,12267,348.0,1200
kenett,8,3,15,378,366,11961,744.0,1200
fe,8,3,9,384,0,12327,384.0,1200
rw,8,4,209,184,122,12205,306.0,1200
goni,8,4,86,307,20,12307,327.0,1200
chan,8,4,112,281,76,12251,357.0,1200
kenett,8,4,16,377,404,11923,781.0,1200
fe,8,4,12,381,0,12327,381.0,1200
rw,8,5,239,154,146,12181,300.0,1200
goni,8,5,112,281,33,12294,314.0,1200
chan,8,5,132,261,72,12255,333.0,1200
kenett,8,5,15,378,423,11904,801.0,1200
fe,8,5,15,378,0,12327,378.0,1200
rw,8,6,260,133,178,12149,311.0,1200
goni,8,6,143,250,43,12284,293.0,1200
chan,8,6,137,256,62,12265,318.0,1200
kenett,8,6,18,375,423,11904,798.0,1200
fe,8,6,18,375,0,12327,375.0,1200
rw,8,7,282,111,204,12123,315.0,1200
goni,8,7,167,226,54,12273,280.0,1200
chan,8,7,134,259,54,12273,313.0,1200
kenett,8,7,27,366,429,11898,795.0,1200
fe,8,7,21,372,0,12327,372.0,1200
rw,8,8,301,92,229,12098,321.0,1200
goni,8,8,187,206,70,12257,276.0,1200
chan,8,8,135,258,48,12279,306.0,1200
kenett,8,8,31,362,428,11899,790.0,1200
fe,8,8,24,369,0,12327,369.0,1200
rw,8,9,315,78,261,12066,339.0,1200
goni,8,9,215,178,75,12252,253.0,1200
chan,8,9,136,257,48,12279,305.0,1200
kenett,8,9,19,374,446,11881,820.0,1200
fe,8,9,27,366,0,12327,366.0,1200
rw,8,10,329,64,288,12039,352.0,1200
goni,8,10,228,165,83,12244,248.0,1200
chan,8,10,137,256,43,12284,299.0,1200
kenett,8,10,21,372,444,11883,816.0,1200
fe,8,10,30,363,0,12327,363.0,1200
rw,8,11,332,61,314,12013,375.0,1200
goni,8,11,235,158,91,12236,249.0,1200
chan,8,11,139,254,42,12285,296.0,1200
kenett,8,11,26,367,439,11888,806.0,1200
fe,8,11,33,360,0,12327,360.0,1200
rw,8,12,341,52,347,11980,399.0,1200
goni,8,12,250,143,102,12225,245.0,1200
chan,8,12,143,250,33,12294,283.0,1200
kenett,8,12,22,371,446,11881,817.0,1200
fe,8,12,36,357,0,12327,357.0,1200
rw,8,13,349,44,375,11952,419.0,1200
goni,8,13,259,134,115,12212,249.0,1200
chan,8,13,141,252,28,12299,280.0,1200
kenett,8,13,23,370,445,11882,815.0,1200
fe,8,13,38,355,0,12327,355.0,1200
rw,8,14,354,39,405,11922,444.0,1200
goni,8,14,272,121,128,12199,249.0,1200
chan,8,14,136,257,30,12297,287.0,1200
kenett,8,14,23,370,445,11882,815.0,1200
fe,8,14,41,352,0,12327,352.0,1200
rw,8,15,355,38,427,11900,465.0,1200
goni,8,15,279,114,129,12198,243.0,1200
chan,8,15,138,255,29,12298,284.0,1200
kenett,8,15,28,365,440,11887,805.0,1200
fe,8,15,44,349,0,12327,349.0,1200
rw,8,16,366,27,454,11873,481.0,1200
goni,8,16,287,106,143,12184,249.0,1200
chan,8,16,141,252,27,12300,279.0,1200
kenett,8,16,224,169,250,12077,419.0,1200
fe,8,16,47,346,0,12327,346.0,1200
rw,8,17,368,25,475,11852,500.0,1200
goni,8,17,296,97,150,12177,247.0,1200
chan,8,17,143,250,22,12305,272.0,1200
kenett,8,17,209,184,265,12062,449.0,1200
fe,8,17,50,343,0,12327,343.0,1200
rw,8,18,373,20,503,11824,523.0,1200
goni,8,18,303,90,157,12170,247.0,1200
chan,8,18,142,251,22,12305,273.0,1200
kenett,8,18,231,162,243,12084,405.0,1200
fe,8,18,52,341,0,12327,341.0,1200
rw,8,19,376,17,528,11799,545.0,1200
goni,8,19,316,77,167,12160,244.0,1200
chan,8,19,142,251,20,12307,271.0,1200
kenett,8,19,225,168,249,12078,417.0,1200
fe,8,19,55,338,0,12327,338.0,1200
rw,8,20,378,15,556,11771,571.0,1200
goni,8,20,319,74,175,12152,249.0,1200
chan,8,20,142,251,20,12307,271.0,1200
kenett,8,20,239,154,235,12092,389.0,1200
fe,8,20,58,335,0,12327,335.0,1200
rw,8,21,381,12,583,11744,595.0,1200
goni,8,21,325,68,185,12142,253.0,1200
chan,8,21,144,249,18,12309,267.0,1200
kenett,8,21,231,162,243,12084,405.0,1200
fe,8,21,61,332,0,12327,332.0,1200
rw,8,22,382,11,599,11728,610.0,1200
goni,8,22,332,61,185,12142,246.0,1200
chan,8,22,147,246,15,12312,261.0,1200
kenett,8,22,232,161,242,12085,403.0,1200
fe,8,22,64,329,0,12327,329.0,1200
rw,8,23,384,9,627,11700,636.0,1200
goni,8,23,338,55,198,12129,253.0,1200
chan,8,23,147,246,15,12312,261.0,1200
kenett,8,23,243,150,231,12096,381.0,1200
fe,8,23,67,326,0,12327,326.0,1200
rw,8,24,386,7,649,11678,656.0,1200
goni,8,24,341,52,205,12122,257.0,1200
chan,8,24,151,242,12,12315,254.0,1200
kenett,8,24,248,145,226,12101,371.0,1200
fe,8,24,70,323,0,12327,323.0,1200
rw,8,25,389,4,667,11660,671.0,1200
goni,8,25,344,49,211,12116,260.0,1200
chan,8,25,150,243,10,12317,253.0,1200
kenett,8,25,257,136,217,12110,353.0,1200
fe,8,25,72,321,0,12327,321.0,1200
rw,8,26,389,4,684,11643,688.0,1200
goni,8,26,346,47,224,12103,271.0,1200
chan,8,26,150,243,10,12317,253.0,1200
kenett,8,26,238,155,236,12091,391.0,1200
fe,8,26,74,319,0,12327,319.0,1200
rw,8,27,389,4,709,11618,713.0,1200
goni,8,27,351,42,231,12096,273.0,1200
chan,8,27,151,242,8,12319,250.0,1200
kenett,8,27,239,154,235,12092,389.0,1200
fe,8,27,76,317,0,12327,317.0,1200
rw,8,28,389,4,728,11599,732.0,1200
goni,8,28,355,38,247,12080,285.0,1200
chan,8,28,151,242,8,12319,250.0,1200
kenett,8,28,242,151,232,12095,383.0,1200
fe,8,28,79,314,0,12327,314.0,1200
rw,8,29,389,4,747,11580,751.0,1200
goni,8,29,360,33,252,12075,285.0,1200
chan,8,29,152,241,11,12316,252.0,1200
kenett,8,29,248,145,226,12101,371.0,1200
fe,8,29,81,312,0,12327,312.0,1200
rw,8,30,389,4,765,11562,769.0,1200
goni,8,30,361,32,258,12069,290.0,1200
chan,8,30,153,240,10,12317,250.0,1200
kenett,8,30,248,145,226,12101,371.0,1200
fe,8,30,84,309,0,12327,309.0,1200
rw,8,31,389,4,782,11545,786.0,1200
goni,8,31,362,31,264,12063,295.0,1200
chan,8,31,153,240,10,12317,250.0,1200
kenett,8,31,249,144,225,12102,369.0,1200
fe,8,31,85,308,0,12327,308.0,1200
rw,8,32,390,3,801,11526,804.0,1200
goni,8,32,366,27,273,12054,300.0,1200
chan,8,32,152,241,10,12317,251.0,1200
kenett,8,32,253,140,221,12106,361.0,1200
fe,8,32,87,306,0,12327,306.0,1200
rw,8,33,390,3,824,11503,827.0,1200
goni,8,33,367,26,282,12045,308.0,1200
chan,8,33,154,239,9,12318,248.0,1200
kenett,8,33,245,148,229,12098,377.0,1200
fe,8,33,90,303,0,12327,303.0,1200
rw,8,34,390,3,840,11487,843.0,1200
goni,8,34,371,22,289,12038,311.0,1200
chan,8,34,153,240,10,12317,250.0,1200
kenett,8,34,257,136,217,12110,353.0,1200
fe,8,34,90,303,0,12327,303.0,1200
rw,8,35,390,3,858,11469,861.0,1200
goni,8,35,372,21,291,12036,312.0,1200
chan,8,35,154,239,9,12318,248.0,1200
kenett,8,35,255,138,219,12108,357.0,1200
fe,8,35,93,300,0,12327,300.0,1200
rw,8,36,391,2,882,11445,884.0,1200
goni,8,36,371,22,295,12032,317.0,1200
chan,8,36,153,240,9,12318,249.0,1200
kenett,8,36,253,140,221,12106,361.0,1200
fe,8,36,94,299,0,12327,299.0,1200
rw,8,37,391,2,900,11427,902.0,1200
goni,8,37,372,21,301,12026,322.0,1200
chan,8,37,153,240,9,12318,249.0,1200
kenett,8,37,253,140,221,12106,361.0,1200
fe,8,37,95,298,0,12327,298.0,1200
rw,8,38,391,2,912,11415,914.0,1200
goni,8,38,373,20,312,12015,332.0,1200
chan,8,38,153,240,9,12318,249.0,1200
kenett,8,38,259,134,215,12112,349.0,1200
fe,8,38,98,295,0,12327,295.0,1200
rw,8,39,391,2,934,11393,936.0,1200
goni,8,39,375,18,317,12010,335.0,1200
chan,8,39,153,240,9,12318,249.0,1200
kenett,8,39,261,132,213,12114,345.0,1200
fe,8,39,101,292,0,12327,292.0,1200
rw,8,40,391,2,955,11372,957.0,1200
goni,8,40,375,18,323,12004,341.0,1200
chan,8,40,153,240,9,12318,249.0,1200
kenett,8,40,264,129,210,12117,339.0,1200
fe,8,40,103,290,0,12327,290.0,1200
rw,8,41,391,2,976,11351,978.0,1200
goni,8,41,376,17,334,11993,351.0,1200
chan,8,41,154,239,8,12319,247.0,1200
kenett,8,41,266,127,208,12119,335.0,1200
fe,8,41,104,289,0,12327,289.0,1200
rw,8,42,391,2,996,11331,998.0,1200
goni,8,42,375,18,332,11995,350.0,1200
chan,8,42,154,239,8,12319,247.0,1200
kenett,8,42,269,124,205,12122,329.0,1200
fe,8,42,105,288,0,12327,288.0,1200
rw,8,43,391,2,1010,11317,1012.0,1200
goni,8,43,377,16,345,11982,361.0,1200
chan,8,43,154,239,8,12319,247.0,1200
kenett,8,43,265,128,209,12118,337.0,1200
fe,8,43,106,287,0,12327,287.0,1200
rw,8,44,392,1,1032,11295,1033.0,1200
goni,8,44,379,14,355,11972,369.0,1200
chan,8,44,154,239,7,12320,246.0,1200
kenett,8,44,264,129,210,12117,339.0,1200
fe,8,44,109,284,0,12327,284.0,1200
rw,8,45,392,1,1051,11276,1052.0,1200
goni,8,45,380,13,363,11964,376.0,1200
chan,8,45,154,239,6,12321,245.0,1200
kenett,8,45,270,123,204,12123,327.0,1200
fe,8,45,111,282,0,12327,282.0,1200
rw,8,46,392,1,1062,11265,1063.0,1200
goni,8,46,380,13,376,11951,389.0,1200
chan,8,46,153,240,7,12320,247.0,1200
kenett,8,46,267,126,207,12120,333.0,1200
fe,8,46,111,282,0,12327,282.0,1200
rw,8,47,392,1,1078,11249,1079.0,1200
goni,8,47,379,14,386,11941,400.0,1200
chan,8,47,153,240,7,12320,247.0,1200
kenett,8,47,275,118,199,12128,317.0,1200
fe,8,47,111,282,0,12327,282.0,1200
rw,8,48,392,1,1093,11234,1094.0,1200
goni,8,48,382,11,396,11931,407.0,1200
chan,8,48,153,240,7,12320,247.0,1200
kenett,8,48,271,122,203,12124,325.0,1200
fe,8,48,113,280,0,12327,280.0,1200
rw,8,49,392,1,1107,11220,1108.0,1200
goni,8,49,381,12,395,11932,407.0,1200
chan,8,49,153,240,7,12320,247.0,1200
kenett,8,49,272,121,202,12125,323.0,1200
fe,8,49,116,277,0,12327,277.0,1200
rw,8,50,392,1,1126,11201,1127.0,1200
goni,8,50,383,10,397,11930,407.0,1200
chan,8,50,153,240,7,12320,247.0,1200
kenett,8,50,271,122,203,12124,325.0,1200
fe,8,50,117,276,0,12327,276.0,1200
rw,9,1,71,322,25,12302,347.0,1350
goni,9,1,11,382,1,12326,383.0,1350
chan,9,1,58,335,23,12304,358.0,1350
kenett,9,1,17,376,196,12131,572.0,1350
fe,9,1,3,390,0,12327,390.0,1350
rw,9,2,125,268,49,12278,317.0,1350
goni,9,2,31,362,6,12321,368.0,1350
chan,9,2,89,304,36,12291,340.0,1350
kenett,9,2,15,378,294,12033,672.0,1350
fe,9,2,6,387,0,12327,387.0,1350
rw,9,3,171,222,72,12255,294.0,1350
goni,9,3,76,317,17,12310,334.0,1350
chan,9,3,114,279,46,12281,325.0,1350
kenett,9,3,24,369,366,11961,735.0,1350
fe,9,3,9,384,0,12327,384.0,1350
rw,9,4,204,189,100,12227,289.0,1350
goni,9,4,108,285,27,12300,312.0,1350
chan,9,4,120,273,57,12270,330.0,1350
kenett,9,4,17,376,403,11924,779.0,1350
fe,9,4,11,382,0,12327,382.0,1350
rw,9,5,233,160,124,12203,284.0,1350
goni,9,5,128,265,42,12285,307.0,1350
chan,9,5,123,270,63,12264,333.0,1350
kenett,9,5,23,370,406,11921,776.0,1350
fe,9,5,14,379,0,12327,379.0,1350
rw,9,6,256,137,156,12171,293.0,1350
goni,9,6,150,243,55,12272,298.0,1350
chan,9,6,118,275,69,12258,344.0,1350
kenett,9,6,20,373,418,11909,791.0,1350
fe,9,6,17,376,0,12327,376.0,1350
rw,9,7,273,120,176,12151,296.0,1350
goni,9,7,163,230,71,12256,301.0,1350
chan,9,7,119,274,62,12265,336.0,1350
kenett,9,7,20,373,427,11900,800.0,1350
fe,9,7,20,373,0,12327,373.0,1350
rw,9,8,281,112,203,12124,315.0,1350
goni,9,8,186,207,76,12251,283.0,1350
chan,9,8,125,268,56,12271,324.0,1350
kenett,9,8,20,373,430,11897,803.0,1350
fe,9,8,22,371,0,12327,371.0,1350
rw,9,9,298,95,229,12098,324.0,1350
goni,9,9,208,185,92,12235,277.0,1350
chan,9,9,131,262,48,12279,310.0,1350
kenett,9,9,19,374,434,11893,808.0,1350
fe,9,9,24,369,0,12327,369.0,1350
rw,9,10,306,87,264,12063,351.0,1350
goni,9,10,223,170,114,12213,284.0,1350
chan,9,10,121,272,51,12276,323.0,1350
kenett,9,10,20,373,433,11894,806.0,1350
fe,9,10,26,367,0,12327,367.0,1350
rw,9,11,314,79,291,12036,370.0,1350
goni,9,11,234,159,122,12205,281.0,1350
chan,9,11,125,268,50,12277,318.0,1350
kenett,9,11,19,374,443,11884,817.0,1350
fe,9,11,29,364,0,12327,364.0,1350
rw,9,12,324,69,319,12008,388.0,1350
goni,9,12,252,141,137,12190,278.0,1350
chan,9,12,129,264,49,12278,313.0,1350
kenett,9,12,25,368,440,11887,808.0,1350
fe,9,12,32,361,0,12327,361.0,1350
rw,9,13,333,60,346,11981,406.0,1350
goni,9,13,268,125,152,12175,277.0,1350
chan,9,13,129,264,41,12286,305.0,1350
kenett,9,13,21,372,447,11880,819.0,1350
fe,9,13,35,358,0,12327,358.0,1350
rw,9,14,345,48,364,11963,412.0,1350
goni,9,14,279,114,158,12169,272.0,1350
chan,9,14,128,265,39,12288,304.0,1350
kenett,9,14,20,373,448,11879,821.0,1350
fe,9,14,38,355,0,12327,355.0,1350
rw,9,15,352,41,389,11938,430.0,1350
goni,9,15,277,116,169,12158,285.0,1350
chan,9,15,129,264,42,12285,306.0,1350
kenett,9,15,36,357,435,11892,792.0,1350
fe,9,15,40,353,0,12327,353.0,1350
rw,9,16,358,35,413,11914,448.0,1350
goni,9,16,289,104,176,12151,280.0,1350
chan,9,16,131,262,37,12290,299.0,1350
kenett,9,16,41,352,430,11897,782.0,1350
fe,9,16,42,351,0,12327,351.0,1350
rw,9,17,358,35,437,11890,472.0,1350
goni,9,17,297,96,187,12140,283.0,1350
chan,9,17,137,256,31,12296,287.0,1350
kenett,9,17,53,340,418,11909,758.0,1350
fe,9,17,45,348,0,12327,348.0,1350
rw,9,18,364,29,459,11868,488.0,1350
goni,9,18,305,88,194,12133,282.0,1350
chan,9,18,138,255,30,12297,285.0,1350
kenett,9,18,41,352,430,11897,782.0,1350
fe,9,18,48,345,0,12327,345.0,1350
rw,9,19,366,27,481,11846,508.0,1350
goni,9,19,314,79,205,12122,284.0,1350
chan,9,19,138,255,29,12298,284.0,1350
kenett,9,19,59,334,412,11915,746.0,1350
fe,9,19,50,343,0,12327,343.0,1350
rw,9,20,366,27,502,11825,529.0,1350
goni,9,20,321,72,211,12116,283.0,1350
chan,9,20,138,255,29,12298,284.0,1350
kenett,9,20,38,355,433,11894,788.0,1350
fe,9,20,53,340,0,12327,340.0,1350
rw,9,21,369,24,526,11801,550.0,1350
goni,9,21,328,65,222,12105,287.0,1350
chan,9,21,137,256,28,12299,284.0,1350
kenett,9,21,37,356,434,11893,790.0,1350
fe,9,21,56,337,0,12327,337.0,1350
rw,9,22,373,20,549,11778,569.0,1350
goni,9,22,333,60,217,12110,277.0,1350
chan,9,22,139,254,27,12300,281.0,1350
kenett,9,22,234,159,240,12087,399.0,1350
fe,9,22,58,335,0,12327,335.0,1350
rw,9,23,377,16,569,11758,585.0,1350
goni,9,23,336,57,230,12097,287.0,1350
chan,9,23,139,254,27,12300,281.0,1350
kenett,9,23,233,160,241,12086,401.0,1350
fe,9,23,60,333,0,12327,333.0,1350
rw,9,24,380,13,590,11737,603.0,1350
goni,9,24,342,51,237,12090,288.0,1350
chan,9,24,140,253,21,12306,274.0,1350
kenett,9,24,237,156,237,12090,393.0,1350
fe,9,24,63,330,0,12327,330.0,1350
rw,9,25,380,13,607,11720,620.0,1350
goni,9,25,347,46,251,12076,297.0,1350
chan,9,25,141,252,20,12307,272.0,1350
kenett,9,25,240,153,234,12093,387.0,1350
fe,9,25,65,328,0,12327,328.0,1350
rw,9,26,380,13,621,11706,634.0,1350
goni,9,26,350,43,260,12067,303.0,1350
chan,9,26,143,250,18,12309,268.0,1350
kenett,9,26,248,145,226,12101,371.0,1350
fe,9,26,66,327,0,12327,327.0,1350
rw,9,27,382,11,639,11688,650.0,1350
goni,9,27,351,42,267,12060,309.0,1350
chan,9,27,143,250,18,12309,268.0,1350
kenett,9,27,253,140,221,12106,361.0,1350
fe,9,27,67,326,0,12327,326.0,1350
rw,9,28,383,10,663,11664,673.0,1350
goni,9,28,352,41,276,12051,317.0,1350
chan,9,28,144,249,17,12310,266.0,1350
kenett,9,28,258,135,216,12111,351.0,1350
fe,9,28,70,323,0,12327,323.0,1350
rw,9,29,387,6,684,11643,690.0,1350
goni,9,29,356,37,284,12043,321.0,1350
chan,9,29,145,248,15,12312,263.0,1350
kenett,9,29,261,132,213,12114,345.0,1350
fe,9,29,72,321,0,12327,321.0,1350
rw,9,30,387,6,703,11624,709.0,1350
goni,9,30,359,34,295,12032,329.0,1350
chan,9,30,145,248,15,12312,263.0,1350
kenett,9,30,255,138,219,12108,357.0,1350
fe,9,30,72,321,0,12327,321.0,1350
rw,9,31,388,5,728,11599,733.0,1350
goni,9,31,364,29,297,12030,326.0,1350
chan,9,31,147,246,14,12313,260.0,1350
kenett,9,31,262,131,212,12115,343.0,1350
fe,9,31,75,318,0,12327,318.0,1350
rw,9,32,389,4,748,11579,752.0,1350
goni,9,32,365,28,302,12025,330.0,1350
chan,9,32,148,245,12,12315,257.0,1350
kenett,9,32,261,132,213,12114,345.0,1350
fe,9,32,77,316,0,12327,316.0,1350
rw,9,33,390,3,767,11560,770.0,1350
goni,9,33,368,25,301,12026,326.0,1350
chan,9,33,149,244,12,12315,256.0,1350
kenett,9,33,263,130,211,12116,341.0,1350
fe,9,33,79,314,0,12327,314.0,1350
rw,9,34,390,3,783,11544,786.0,1350
goni,9,34,368,25,311,12016,336.0,1350
chan,9,34,149,244,11,12316,255.0,1350
kenett,9,34,266,127,208,12119,335.0,1350
fe,9,34,81,312,0,12327,312.0,1350
rw,9,35,391,2,808,11519,810.0,1350
goni,9,35,370,23,311,12016,334.0,1350
chan,9,35,149,244,11,12316,255.0,1350
kenett,9,35,268,125,206,12121,331.0,1350
fe,9,35,83,310,0,12327,310.0,1350
rw,9,36,391,2,833,11494,835.0,1350
goni,9,36,367,26,313,12014,339.0,1350
chan,9,36,148,245,12,12315,257.0,1350
kenett,9,36,267,126,207,12120,333.0,1350
fe,9,36,84,309,0,12327,309.0,1350
rw,9,37,391,2,849,11478,851.0,1350
goni,9,37,368,25,323,12004,348.0,1350
chan,9,37,148,245,13,12314,258.0,1350
kenett,9,37,262,131,212,12115,343.0,1350
fe,9,37,85,308,0,12327,308.0,1350
rw,9,38,391,2,867,11460,869.0,1350
goni,9,38,369,24,335,11992,359.0,1350
chan,9,38,148,245,13,12314,258.0,1350
kenett,9,38,274,119,200,12127,319.0,1350
fe,9,38,88,305,0,12327,305.0,1350
rw,9,39,391,2,886,11441,888.0,1350
goni,9,39,372,21,342,11985,363.0,1350
chan,9,39,150,243,10,12317,253.0,1350
kenett,9,39,272,121,202,12125,323.0,1350
fe,9,39,90,303,0,12327,303.0,1350
rw,9,40,391,2,907,11420,909.0,1350
goni,9,40,374,19,345,11982,364.0,1350
chan,9,40,149,244,11,12316,255.0,1350
kenett,9,40,275,118,199,12128,317.0,1350
fe,9,40,92,301,0,12327,301.0,1350
rw,9,41,391,2,921,11406,923.0,1350
goni,9,41,376,17,347,11980,364.0,1350
chan,9,41,149,244,11,12316,255.0,1350
kenett,9,41,274,119,200,12127,319.0,1350
fe,9,41,93,300,0,12327,300.0,1350
rw,9,42,391,2,940,11387,942.0,1350
goni,9,42,377,16,360,11967,376.0,1350
chan,9,42,151,242,9,12318,251.0,1350
kenett,9,42,272,121,202,12125,323.0,1350
fe,9,42,95,298,0,12327,298.0,1350
rw,9,43,391,2,960,11367,962.0,1350
goni,9,43,378,15,369,11958,384.0,1350
chan,9,43,150,243,10,12317,253.0,1350
kenett,9,43,272,121,202,12125,323.0,1350
fe,9,43,97,296,0,12327,296.0,1350
rw,9,44,391,2,972,11355,974.0,1350
goni,9,44,379,14,385,11942,399.0,1350
chan,9,44,151,242,8,12319,250.0,1350
kenett,9,44,274,119,200,12127,319.0,1350
fe,9,44,98,295,0,12327,295.0,1350
rw,9,45,392,1,992,11335,993.0,1350
goni,9,45,380,13,382,11945,395.0,1350
chan,9,45,150,243,9,12318,252.0,1350
kenett,9,45,275,118,199,12128,317.0,1350
fe,9,45,101,292,0,12327,292.0,1350
rw,9,46,393,0,1012,11315,1012.0,1350
goni,9,46,379,14,390,11937,404.0,1350
chan,9,46,148,245,11,12316,256.0,1350
kenett,9,46,276,117,198,12129,315.0,1350
fe,9,46,102,291,0,12327,291.0,1350
rw,9,47,393,0,1034,11293,1034.0,1350
goni,9,47,381,12,395,11932,407.0,1350
chan,9,47,146,247,13,12314,260.0,1350
kenett,9,47,273,120,201,12126,321.0,1350
fe,9,47,105,288,0,12327,288.0,1350
rw,9,48,393,0,1049,11278,1049.0,1350
goni,9,48,380,13,395,11932,408.0,1350
chan,9,48,147,246,12,12315,258.0,1350
kenett,9,48,277,116,197,12130,313.0,1350
fe,9,48,106,287,0,12327,287.0,1350
rw,9,49,393,0,1066,11261,1066.0,1350
goni,9,49,380,13,401,11926,414.0,1350
chan,9,49,147,246,12,12315,258.0,1350
kenett,9,49,274,119,200,12127,319.0,1350
fe,9,49,108,285,0,12327,285.0,1350
rw,9,50,393,0,1079,11248,1079.0,1350
goni,9,50,382,11,405,11922,416.0,1350
chan,9,50,149,244,10,12317,254.0,1350
kenett,9,50,274,119,200,12127,319.0,1350
fe,9,50,109,284,0,12327,284.0,1350
uinvite_flat,0,1,53,340,44,12283,384.0,0
uinvite_hierarchical,0,1,52,341,45,12282,386.0,0
uinvite_flat,0,2,98,295,85,12242,380.0,0
uinvite_hierarchical,0,2,75,318,50,12277,368.0,0
uinvite_flat,0,3,146,247,118,12209,365.0,0
uinvite_hierarchical,0,3,90,303,55,12272,358.0,0
uinvite_flat,0,4,181,212,148,12179,360.0,0
uinvite_hierarchical,0,4,88,305,57,12270,362.0,0
uinvite_flat,0,5,207,186,170,12157,356.0,0
uinvite_hierarchical,0,5,87,306,48,12279,354.0,0
uinvite_flat,0,6,242,151,193,12134,344.0,0
uinvite_hierarchical,0,6,90,303,41,12286,344.0,0
uinvite_flat,0,7,254,139,187,12140,326.0,0
uinvite_hierarchical,0,7,101,292,41,12286,333.0,0
uinvite_flat,0,8,273,120,199,12128,319.0,0
uinvite_hierarchical,0,8,108,285,35,12292,320.0,0
uinvite_flat,0,9,287,106,194,12133,300.0,0
uinvite_hierarchical,0,9,112,281,33,12294,314.0,0
uinvite_flat,0,10,299,94,192,12135,286.0,0
uinvite_hierarchical,0,10,115,278,29,12298,307.0,0
uinvite_flat,0,11,310,83,186,12141,269.0,0
uinvite_hierarchical,0,11,113,280,24,12303,304.0,0
uinvite_flat,0,12,320,73,154,12173,227.0,0
uinvite_hierarchical,0,12,121,272,26,12301,298.0,0
uinvite_flat,0,13,326,67,138,12189,205.0,0
uinvite_hierarchical,0,13,117,276,23,12304,299.0,0

