Brakes,remblok
Brakes,remkabel
Brakes,remschijf
Brakes,voorrem
Brakes,achterrem
Brakes,achteruittraprem
Brakes,handrem
Brakes,rem
Drivetrain,cassette
Drivetrain,ketting
Drivetrain,crank
Drivetrain,derailleur
Drivetrain,pedaal
Drivetrain,trapas
Drivetrain,tandwiel
Drivetrain,versnelling
Frameform,frame
Frameform,framenummer
Frameform,spatbord
Frameform,spatlap
Frameform,standaard
Frameform,stang
Frameform,zadelpen
Frameform,zadelvulling
Frameform,kettingkast
Frameform,voorvork
Handlebarcontrols,stuur
Handlebarcontrols,stuurpen
Handlebarcontrols,koplamp
Handlebarcontrols,lamp
Handlebarcontrols,voorlamp
Handlebarcontrols,voorlicht
Handlebarcontrols,bel
Handlebarcontrols,dynamo
Handlebarcontrols,handvat
Handlebarcontrols,jasbeschermer
Handlebarcontrols,kabel
Handlebarcontrols,kattenoog
Handlebarcontrols,reflector
Handlebarcontrols,schakelaar
Handlebarcontrols,slot
Handlebarcontrols,snelbinder
Handlebarcontrols,vering
Handlebarcontrols,verlichting
Handlebarcontrols,vijs
Wheelstires,achterband
Wheelstires,achterwiel
Wheelstires,as
Wheelstires,binnenband
Wheelstires,binnenwiel
Wheelstires,buitenband
Wheelstires,moer
Wheelstires,spaak
Wheelstires,wiel
Wheelstires,wielas
Wheelstires,voorband
Wheelstires,voorwiel
Wheelstires,ventiel
Wheelstires,ventieldop
