African,aap
African,aardvarken
African,aardwolf
African,addax
African,Afrikaanse wilde hond
African,antilope
African,arabische adder
African,atalanta
African,bandeng
African,bongo
African,bonobo
African,boomeekhoorn
African,boomslang
African,boseekhoorn
African,buffalo
African,buffel
African,caracal
African,cheeta
African,chimpansee
African,cobra
African,dikdik
African,duiker
African,elandantilope
African,fennek
African,fretkat
African,gazelle
African,genetkat
African,gepard
African,gewone coelacant
African,giraf
African,giraffe
African,girafs
African,gnoe
African,gorilla
African,hartenbeest
African,hippopotamus
African,hyena
African,impala
African,indri
African,jachtkrabspin
African,jachtluipaard
African,jakhals
African,jerboa
African,Kaapse buffel
African,kafferbuffel
African,kameel
African,kameleon
African,keizerbaars
African,klipdasachtigen
African,knobbelzwijn
African,koedoe
African,lamantijn
African,leeuw
African,leeuwen
African,leeuwin
African,lemuur
African,luipaard
African,mamba
African,mandril
African,mandrilaap
African,mangoest
African,maraboe
African,mendesantilope
African,neushoorn
African,neushoorns
African,nijlpaard
African,nummervlinder
African,nyala
African,okapi
African,olifant
African,olifanten
African,oryx
African,panter
African,paraxerus
African,renoster
African,reuzenwaterwantsen
African,ringstaartmaki
African,rinoceros
African,schubdier
African,sissende kakkerlak
African,springbok
African,steenbok
African,stokstaart
African,stokstaartje
African,struisvogel
African,tijger
African,tijgers
African,tilapia
African,visarend
African,vleerhond
African,vliegende hond
African,wenkkrabben
African,West-Afrikaanse dwerggeit
African,wildehond
African,woestijnkat
African,woestijnlynx
African,woestijnvos
African,wormsalamander
African,wratten zwijn
African,wrattenzwijn
African,zebra
African,zebraje
African,zebrapaard
African,zeeslang
African,zeevalk
African,zomertortel
African,zwarte mamba
Arachnid,hooiwagen
Arachnid,huismijt
Arachnid,huisstofmijt
Arachnid,jachtkrabspin
Arachnid,kruisspin
Arachnid,schorpioen
Arachnid,spin
Arachnid,tarantula
Arachnid,teek
Arachnid,teken
Arachnid,vioolspin
Arachnid,vogelspin
Arachnid,wolfspin
Arachnid,zweepstaartschorpioen
Arctic,adeliepinguin
Arctic,alk
Arctic,ijsbeer
Arctic,kariboe
Arctic,mammoet
Arctic,muskusos
Arctic,narwal
Arctic,papegaaiduiker
Arctic,pinguin
Arctic,poolbeer
Arctic,poolhaas
Arctic,poolvos
Arctic,poolwolf
Arctic,rendier
Arctic,rob
Arctic,sneeuwuil
Arctic,walrus
Arctic,witte beer
Arctic,wolharige mammoet
Arctic,zeebeer
Arctic,zeehond
Arctic,zeeluipaard
Arctic,zeerob
Asian,admiraalvlinder
Asian,apoda
Asian,argali
Asian,atalanta
Asian,baardaap
Asian,bamboebeer
Asian,bandeng
Asian,baviaan
Asian,beer
Asian,beermarter
Asian,bengaalse tijger
Asian,beo
Asian,beo papegaai
Asian,beren
Asian,brilslang
Asian,caracal
Asian,dagpauwoog
Asian,fennek
Asian,gaviaal
Asian,gewone coelacant
Asian,gibbon
Asian,glanskopmees
Asian,holenbeer
Asian,hyena
Asian,jachtkrabspin
Asian,jerbu
Asian,kleine panda
Asian,koraalduivel
Asian,kraagbeer
Asian,lippenbeer
Asian,lori
Asian,makaken
Asian,Maleise beer
Asian,marmerkat
Asian,muskaatvink
Asian,nummervlinder
Asian,olifant
Asian,olifanten
Asian,panda
Asian,pandabeer
Asian,pos
Asian,pruimekopparkiet
Asian,resus aap
Asian,resusaap
Asian,reuzenpanda
Asian,reuzenwaterwantsen
Asian,rode panda
Asian,schubdier
Asian,Siberische tijger
Asian,sneeuwtijger
Asian,spookdiertjes
Asian,steenbok
Asian,treurmaina
Asian,trombiculidemijten
Asian,visarend
Asian,vleerhond
Asian,vliegende slang
Asian,vuurmieren
Asian,wild schaap
Asian,woestijnkat
Asian,woestijnlynx
Asian,woestijnvos
Asian,wormsalamander
Asian,zeeslang
Asian,zeevalk
Asian,zonnebeer
Asian,zwarte beer
Australian,buideldier
Australian,buidelrat
Australian,cuscus
Australian,dingo
Australian,echte buideldassen
Australian,emoe
Australian,emoes
Australian,euro
Australian,garnaal
Australian,grasparkiet
Australian,halosaurus pectoralis
Australian,jachtkrabspin
Australian,joey
Australian,kangaroe
Australian,kangoeroe
Australian,kasuaris
Australian,kiwi
Australian,koala
Australian,koalabeer
Australian,koeskoes
Australian,kookaburra
Australian,koraalduivel
Australian,langoorbuideldassen
Australian,lori
Australian,opossum
Australian,possum
Australian,rode reuzenkangoeroe
Australian,suikereekhoorn
Australian,tammarwallaby
Australian,Tasmaanse duivel
Australian,vogelbekdier
Australian,wallaby
Australian,wallaroe
Australian,wombat
BeastsOfBurden,bromrund
BeastsOfBurden,bultrund
BeastsOfBurden,clydesdale
BeastsOfBurden,draver
BeastsOfBurden,dromedaris
BeastsOfBurden,ezel
BeastsOfBurden,hackney
BeastsOfBurden,hengst
BeastsOfBurden,jak
BeastsOfBurden,kameel
BeastsOfBurden,lama
BeastsOfBurden,lastdier
BeastsOfBurden,merrie
BeastsOfBurden,merry
BeastsOfBurden,muildier
BeastsOfBurden,muilpaard
BeastsOfBurden,mustang
BeastsOfBurden,onager
BeastsOfBurden,os
BeastsOfBurden,paard
BeastsOfBurden,paarden
BeastsOfBurden,pony
BeastsOfBurden,przewalskipaard
BeastsOfBurden,rijpaard
BeastsOfBurden,shetlander
BeastsOfBurden,shetlandpony
BeastsOfBurden,yak
BeastsOfBurden,zeboe
Bird,aakster
Bird,aalscholver
Bird,aasgier
Bird,aasvogel
Bird,adelaar
Bird,adelaars
Bird,adeliepinguin
Bird,afrikaanse zeearend
Bird,agapornis
Bird,albatros
Bird,alk
Bird,alpensneeuwhoen
Bird,amerikaanse matkop
Bird,amerikaanse oehoe
Bird,amerikaanse zangeres
Bird,amerikaanse zeearend
Bird,andescondor
Bird,anhinga
Bird,anijsvogel
Bird,appelvink
Bird,ara
Bird,arend
Bird,barmsijs
Bird,barnevelder
Bird,beflijster
Bird,beo
Bird,beo papegaai
Bird,bergeend
Bird,blauwborst
Bird,blauwe gaai
Bird,blauwe nachtegaal
Bird,blauwe reiger
Bird,blauwe specht
Bird,blauwvink
Bird,blauwvoetgent
Bird,bobolink
Bird,boerenzwaluw
Bird,bombycilla
Bird,bonte kraai
Bird,bonte specht
Bird,boomklever
Bird,boomkruiper
Bird,boomvalk
Bird,bosduif
Bird,bosuil
Bird,brandgans
Bird,bruine gors
Bird,bruine raaf
Bird,buizerd
Bird,canadese gans
Bird,canadese kraanvogel
Bird,canjefazant
Bird,condor
Bird,dennensijs
Bird,distelvink
Bird,dodaars
Bird,dodo
Bird,duif
Bird,duikelaar
Bird,duiker
Bird,duiven
Bird,dunbekpijlstormvogel
Bird,dwergpapegaai
Bird,eend
Bird,eenden
Bird,eidereend
Bird,ekster
Bird,emoe
Bird,emoes
Bird,engelse parkiet
Bird,fazant
Bird,flamingo
Bird,fuut
Bird,gaai
Bird,galloanserae
Bird,gander
Bird,gans
Bird,ganzerik
Bird,geelborstzanger
Bird,geelgors
Bird,geelvleugelara
Bird,gele kwikstaart
Bird,gent
Bird,geoorde aalscholver
Bird,gewone kookaburra
Bird,gier
Bird,gierzwaluw
Bird,gieteling
Bird,glanskopmees
Bird,goldamadine
Bird,gors
Bird,goudfazant
Bird,goudhaan
Bird,goudlijster
Bird,goudvink
Bird,gouldamadine
Bird,grasparkiet
Bird,graspieper
Bird,grauwe gans
Bird,grietjebie
Bird,grijze zanglijster
Bird,groene papegaai
Bird,groenling
Bird,groenvink
Bird,grote gans
Bird,grote lijster
Bird,grote renkoekoek
Bird,grote zilverreiger
Bird,grutto
Bird,haan
Bird,haantje
Bird,halcyon
Bird,havik
Bird,heggenmus
Bird,hen
Bird,himantopus
Bird,hoatzin
Bird,hoen
Bird,hoender
Bird,hoentje
Bird,houtduif
Bird,houtsnip
Bird,huismus
Bird,huiszwaluw
Bird,ibis
Bird,ijsvogel
Bird,indische vechter
Bird,indische vechthoen
Bird,jan van gent
Bird,jonge duif
Bird,kaka
Bird,kaketoe
Bird,kalkoen
Bird,kanarie
Bird,kanaries
Bird,kanoet
Bird,kapmeeuw
Bird,kapoen
Bird,kardinaalachtigen
Bird,kardinaalvogel
Bird,karekiet
Bird,kasuaris
Bird,kasuarissen
Bird,kauw
Bird,kea
Bird,keep
Bird,kemphaan
Bird,kerkuil
Bird,kiekendief
Bird,kieviet
Bird,kievit
Bird,kip
Bird,kiwi
Bird,klauwier
Bird,kleine goudvink
Bird,kleine zwaan
Bird,kloek
Bird,kluut
Bird,knobbeleend
Bird,koekoek
Bird,koerduif
Bird,koereiger
Bird,koet
Bird,kokkeleend
Bird,kokmeeuw
Bird,kolibrie
Bird,koningsarend
Bird,kookaburra
Bird,koolgans
Bird,koolmees
Bird,koolmeesjes
Bird,kopmees
Bird,korhoen
Bird,kraai
Bird,kraaien
Bird,kraanvogel
Bird,krielhaan
Bird,krielhen
Bird,krielkip
Bird,krik
Bird,krooneend
Bird,kroonvogel
Bird,krulduif
Bird,kuifeend
Bird,kuifmees
Bird,kuiken
Bird,kwartel
Bird,kwikstaart
Bird,kwikstaartje
Bird,lachvogel
Bird,lammergier
Bird,lannervalk
Bird,larus
Bird,leeuwerik
Bird,lepelaar
Bird,lepelbekdier
Bird,lijster
Bird,lori
Bird,mandarijneend
Bird,mantelmeeuw
Bird,maraboe
Bird,meerkoet
Bird,mees
Bird,meesjes
Bird,meeuw
Bird,merel
Bird,mezen
Bird,muisvogel
Bird,mus
Bird,muskaatvink
Bird,mussen
Bird,nachtegaal
Bird,nachtuil
Bird,nandoe
Bird,nijlgans
Bird,noorse goudvink
Bird,oehoe
Bird,ooievaar
Bird,ooievaars
Bird,ortolaan
Bird,papegaai
Bird,papegaaiachtigen
Bird,papegaaiduiker
Bird,paradijsvogel
Bird,parelhoen
Bird,parkiet
Bird,parkieten
Bird,patepatouille
Bird,patrijs
Bird,patrijsvogel
Bird,pauw
Bird,pelikaan
Bird,pimpelmees
Bird,pinguin
Bird,platalea
Bird,plevier
Bird,poelepetaat
Bird,postduif
Bird,priariehoen
Bird,pruimekopparkiet
Bird,purperreiger
Bird,putter
Bird,puttertje
Bird,quetzal
Bird,quiscalus
Bird,raaf
Bird,ransuil
Bird,reiger
Bird,rhea
Bird,rietgans
Bird,rietgors
Bird,rietzanger
Bird,rijsttroepiaal
Bird,ringduif
Bird,ringmus
Bird,rode specht
Bird,roek
Bird,roodborst
Bird,roodborstje
Bird,roodstaart
Bird,roodstaartbuizerd
Bird,roofvogel
Bird,rotgans
Bird,ruigpootbuizerd
Bird,ruigpoothoender
Bird,schildvink
Bird,scholekster
Bird,schreeuwvogel
Bird,sialia
Bird,sierduif
Bird,sijs
Bird,sijsje
Bird,sitta
Bird,slagvink
Bird,slangenhalsvogel
Bird,slechtvalk
Bird,slobeend
Bird,smelleken
Bird,smient
Bird,sneeuwhoen
Bird,sneeuwuil
Bird,snip
Bird,snipstruisen
Bird,specht
Bird,sperwer
Bird,spotlijster
Bird,spotvogel
Bird,spreeuw
Bird,spriet
Bird,staartmees
Bird,steenarend
Bird,steenuil
Bird,steenvalk
Bird,stellers gaai
Bird,steltloper
Bird,stern
Bird,stinkvogel
Bird,strandloper
Bird,strandlopers en snippen
Bird,strandpieper
Bird,struisvogel
Bird,sula
Bird,suskewiet
Bird,tangaren
Bird,tapuit
Bird,tjiftjaf
Bird,toekan
Bird,torenuil
Bird,torenvalk
Bird,tortel
Bird,tortelduif
Bird,treurduif
Bird,treurmaina
Bird,trompetvogel
Bird,tuinfluiter
Bird,tureluur
Bird,uil
Bird,valk
Bird,valkachtigen
Bird,valkparkiet
Bird,velduil
Bird,vink
Bird,vinkje
Bird,visarend
Bird,visdief
Bird,vlaamsegaai
Bird,vliegenvanger
Bird,vogel
Bird,vogels
Bird,waterhoen
Bird,waterkip
Bird,waterslager
Bird,watersnip
Bird,watervogel
Bird,waterwulp
Bird,westelijke struikgaai
Bird,wevervogel
Bird,wielewaal
Bird,wilde eend
Bird,wilde gans
Bird,winterkoning
Bird,winterkoninkje
Bird,witkopzeearend
Bird,witstuitbarmsijs
Bird,witte legkip
Bird,witte reiger
Bird,woerd
Bird,wouw
Bird,wulp
Bird,zanglijster
Bird,zangvogel
Bird,zebravink
Bird,zeearend
Bird,zee-eend
Bird,zeeeend
Bird,zeemeeuw
Bird,zeevalk
Bird,zeevogel
Bird,zijdehoen
Bird,zilverbek
Bird,zilvermeeuw
Bird,zilverreiger
Bird,zomertortel
Bird,zonparkiet
Bird,zwaan
Bird,zwaluw
Bird,zwaluwen
Bird,zwaluwstaart
Bird,zwart raaf
Bird,zwarte ibis
Bird,zwarte mees
Bird,zwartkop
Bird,zwartkop tuinfluiter
Bovine,bison
Bovine,bizon
Bovine,bromrund
Bovine,buffel
Bovine,highlander
Bovine,hooglander
Bovine,jak
Bovine,kafferbuffel
Bovine,kalf
Bovine,kapperbuffel
Bovine,karbauw
Bovine,karbouw
Bovine,koe
Bovine,lakenvelder
Bovine,longhorn
Bovine,mestkalf
Bovine,muskusos
Bovine,oeros
Bovine,oerrund
Bovine,os
Bovine,pink
Bovine,roodvee
Bovine,rund
Bovine,rundvee
Bovine,stier
Bovine,Texas longhorn
Bovine,vaars
Bovine,waterbuffel
Bovine,wisent
Canine,aardwolf
Canine,Afghaanse windhond
Canine,Afrikaanse wilde hond
Canine,airedaleterrier
Canine,akita
Canine,alaska-malamute
Canine,Amerikaanse wolf
Canine,apso
Canine,basset hound
Canine,beagle
Canine,belgische herder
Canine,Berner sennenhond
Canine,bloedhond
Canine,bobtail
Canine,bokser
Canine,bostonterrier
Canine,bouvier
Canine,boxer
Canine,buldog
Canine,bulldog
Canine,bullenbijter
Canine,bulmastiff
Canine,Cavalier King Charles-spaniel
Canine,chihuahua
Canine,chinook
Canine,chowchow
Canine,cocker spaniel
Canine,cockerspaniel
Canine,collie
Canine,corgi
Canine,coyote
Canine,dalmatier
Canine,dashond
Canine,Deense dog
Canine,dobermann
Canine,Duitse dog
Canine,Duitse herder
Canine,duitse herdershond
Canine,Duitse staande
Canine,Engelse buldog
Canine,engelse herder
Canine,fennek
Canine,foxhound
Canine,Franse buldog
Canine,Franse poedel
Canine,gewone vos
Canine,golden retriever
Canine,goldendoodle
Canine,greyhound
Canine,grijze wolf
Canine,groenendaeler
Canine,grootoorkitvos
Canine,harrier
Canine,hazewind
Canine,herdershond
Canine,hollandse herdershond
Canine,hond
Canine,hongaarse herdershond
Canine,husky
Canine,hyena
Canine,hyenahond
Canine,jachthond
Canine,jack russel
Canine,jakhals
Canine,keeshond
Canine,labrador
Canine,labrador retriever
Canine,lhasa apso
Canine,maltezer
Canine,Maltezer leeuwtje
Canine,mechelse herder
Canine,mopshond
Canine,pekinees
Canine,pitbull
Canine,pitbullterrier
Canine,poedel
Canine,pomeranian
Canine,poolwolf
Canine,Portugese waterhond
Canine,prairiewolf
Canine,puggle
Canine,pup
Canine,puppy
Canine,Pyrenese berghond
Canine,retriever
Canine,reu
Canine,rode vos
Canine,schnauzer
Canine,sheltie
Canine,Shetland sheepdog
Canine,shih tzu
Canine,Siberische husky
Canine,sint bernard
Canine,sint bernard dog
Canine,spaniel
Canine,steppewolf
Canine,teckel
Canine,teef
Canine,terrier
Canine,timberwolf
Canine,Tsjecho-Slowaakse wolfhond
Canine,vlinderhondje
Canine,vos
Canine,waterhond
Canine,Welsh corgi Pembroke
Canine,whippet
Canine,wilde hond
Canine,windhond
Canine,woestijnvos
Canine,wolf
Canine,wolfhond
Canine,york
Canine,Yorkshire terrier
Cats,europese korthaar
Deers,bok
Deers,dikdik
Deers,eland
Deers,elandantilope
Deers,gaffelantilope
Deers,gaffelbok
Deers,gazelle
Deers,gnoe
Deers,hartenbeest
Deers,hert
Deers,hertachtigen
Deers,hinde
Deers,impala
Deers,kariboe
Deers,muildierhert
Deers,muskushert
Deers,pronghorn
Deers,ree
Deers,reebok
Deers,reegeit
Deers,reekalf
Deers,reindeer
Deers,rendier
Deers,rooibok
Deers,Virginiaans hert
Deers,wildebeest
Deers,witstaarthert
Deers,zwartstaarthert
Dinosaur,allosaurus
Dinosaur,apatosaurus
Dinosaur,brachiosaurus
Dinosaur,brontosaurus
Dinosaur,dinosauriers
Dinosaur,dromaeosauridae
Dinosaur,pterodactylus
Dinosaur,stegosaurus
Dinosaur,triceratops
Dinosaur,tyrannosaurus 
Dinosaur,velociraptor
Europe,admiraalvlinder
Europe,atalanta
Europe,barnevelder
Europe,bedwants
Europe,bergmarmot
Europe,bever
Europe,blei
Europe,bliek
Europe,boomklever
Europe,boomkruiper
Europe,boommarter
Europe,boskat
Europe,bulmastiff
Europe,dagpauwoog
Europe,foxhound
Europe,gems
Europe,glanskopmees
Europe,hackney
Europe,holenbeer
Europe,kruisspin
Europe,lannervalk
Europe,longhorn
Europe,nummervlinder
Europe,oogstmijten
Europe,pos
Europe,rendier
Europe,roek
Europe,ruisvoorn
Europe,sardien
Europe,sardine
Europe,Schotse vouwoorkat
Europe,slijkvlieg
Europe,steenbok
Europe,strandpieper
Europe,Texas longhorn
Europe,veldmuis
Europe,vlaamse reus
Europe,vliegende herten
Europe,whippet
Europe,wild zwijn
Europe,wisent
Europe,wolf
Europe,zomertortel
Farm,barg
Farm,barnevelder
Farm,beer (varken)
Farm,big
Farm,bok
Farm,bronco paard
Farm,clydesdale
Farm,ezel
Farm,fret
Farm,geit
Farm,geiten
Farm,haan
Farm,haantje
Farm,hangbuikzwijn
Farm,hen
Farm,hengst
Farm,hoen
Farm,hoenders
Farm,indische vechter
Farm,indische vechthoen
Farm,kalf
Farm,kalkoen
Farm,kapoen
Farm,kip
Farm,kloek
Farm,koe
Farm,konijn
Farm,kuiken
Farm,lam
Farm,longhorn
Farm,merrie
Farm,mestkalf
Farm,minipaard
Farm,moeflon
Farm,muildier
Farm,muilezel
Farm,muilpaard
Farm,navelzwijn
Farm,ooi
Farm,os
Farm,paard
Farm,paarden
Farm,pekari
Farm,pink
Farm,pluimvee
Farm,pony
Farm,ram
Farm,rijpaard
Farm,roodvee
Farm,rund
Farm,rundvee
Farm,schaap
Farm,scheit
Farm,shetland pony
Farm,sik
Farm,slang
Farm,spin
Farm,vaars
Farm,varken
Farm,veulen
Farm,west afrikaanse berggeit
Farm,witte legkip
Farm,zeug
Farm,zwijn
Feline,angora
Feline,bengaalse tijger
Feline,bergleeuw
Feline,boskat
Feline,Brits langhaar
Feline,caracal
Feline,cheeta
Feline,cyperse kat
Feline,europese korthaar
Feline,fretkat
Feline,geoffrey kat
Feline,huiskat
Feline,irbis
Feline,jachtluipaard
Feline,jaguar
Feline,kat
Feline,katachtige
Feline,kater
Feline,langharige kat
Feline,lapjeskat
Feline,leeuw
Feline,leeuwen
Feline,leeuwin
Feline,lijger
Feline,luipaard
Feline,lynx
Feline,marmerkat
Feline,max
Feline,naaktkat
Feline,Noord-Amerikaanse katfret
Feline,ocelot
Feline,panter
Feline,pardelkat
Feline,pers
Feline,Perzische kat
Feline,perzische langhaar
Feline,poema
Feline,poes
Feline,ragdoll
Feline,rode lynx
Feline,russisch korthaar
Feline,sabeltandtijger
Feline,schotse vouwoorkat
Feline,serval
Feline,siamees
Feline,siamese kat
Feline,siberische tijger
Feline,smilodon
Feline,sneeuw luipaard
Feline,sneeuwpanter
Feline,sneeuwtijger
Feline,stier
Feline,tigon
Feline,tijger
Feline,tijgers
Feline,Turkse angora
Feline,wilde kat
Feline,witte tijger
Feline,woestijnkat
Feline,zilverleeuw
Feline,zwarte panter
Feline,zwerfkat
Fish,aal
Fish,alver
Fish,Amerikaanse elft
Fish,Amerikaanse snoekbaars
Fish,amphiprion
Fish,anemoonvis
Fish,ansjovis
Fish,apistogramma
Fish,arapaima
Fish,armvinnigen
Fish,baars
Fish,bandeng
Fish,barbeel
Fish,barracuda
Fish,barramundi
Fish,blauwe haai
Fish,blauwe vinvis
Fish,blauwkeelzonnebaars
Fish,blauwvis
Fish,blei
Fish,bliek
Fish,blobvis
Fish,bot
Fish,bothragonus swanii
Fish,brasem
Fish,breedbekbaars
Fish,brokaatkarper
Fish,bronforel
Fish,chaetodipterus faber
Fish,coelacanthiformes
Fish,discusvis
Fish,doktervissen
Fish,doornhaai
Fish,dorade
Fish,dorado
Fish,dradu
Fish,duivel
Fish,eenhoornvis
Fish,forel
Fish,forelbaars
Fish,gamba
Fish,garnaal
Fish,geelbek
Fish,geep
Fish,glasaal
Fish,gobiidae
Fish,goudkarper
Fish,goudmakreel
Fish,goudvis
Fish,goudwinde
Fish,gouvis
Fish,graskarper
Fish,griet
Fish,groene baars
Fish,grondel
Fish,grondeling
Fish,grote blauwe haai
Fish,grote garnaal
Fish,gup
Fish,guppy
Fish,haai
Fish,hamerhaai
Fish,harder
Fish,harderachtigen
Fish,haring
Fish,heek
Fish,heilbot
Fish,honinggoerami
Fish,humunukuapua
Fish,inktvis
Fish,istiophorus
Fish,itajara
Fish,juffer
Fish,kaaimansnoek
Fish,kabeljauw
Fish,kardinaaltetra
Fish,karper
Fish,kettingsnoek
Fish,kleinbekbaars
Fish,klompvis
Fish,knorvis
Fish,kogelvis
Fish,koi
Fish,koikarper
Fish,kolblei
Fish,kooikarper
Fish,koolvis
Fish,koraalduivel
Fish,kwakbol
Fish,kwal
Fish,lepomis macrochirus
Fish,luipaardhaai
Fish,lutjanidae
Fish,maanvis
Fish,mahi-mahi
Fish,makreel
Fish,makreelhaai
Fish,marlijn
Fish,meerbaars
Fish,meerval
Fish,megalodon
Fish,mensenhaai
Fish,meun
Fish,mosbaars
Fish,neontetra
Fish,nishikigoi
Fish,paling
Fish,papegaaivis
Fish,perca
Fish,pieterman
Fish,pijlpuntsnavelhaai
Fish,piranha
Fish,platvis
Fish,pomoxis
Fish,poon
Fish,pos
Fish,potvis
Fish,prikken
Fish,puffer
Fish,rattenstaart
Fish,regenboogforel
Fish,regenboogvis
Fish,rhinecanthus rectangulus
Fish,rietvoorn
Fish,rog
Fish,roodbaars
Fish,roofblei
Fish,roze zalm
Fish,ruisvoorn
Fish,sardien
Fish,sardine
Fish,schar
Fish,schelvis
Fish,schol
Fish,sciaenops ocellatus
Fish,siamese kempvis
Fish,sidderaal
Fish,slijkspringer
Fish,slijmprik
Fish,snapper
Fish,snoek
Fish,snoekbaars
Fish,spiegelkarper
Fish,spiering
Fish,sprot
Fish,sprotje
Fish,stekelbaars
Fish,steur
Fish,stierhaai
Fish,stokvis
Fish,sumatraan
Fish,synanceia
Fish,tandbaars
Fish,tarbot
Fish,tetra
Fish,tijgerhaai
Fish,tilapia
Fish,tong
Fish,tonijn
Fish,verpleegsterhaai
Fish,vierogige koraalvlidner
Fish,vinarmigen
Fish,vis
Fish,vissen
Fish,vliegende vis
Fish,vliegende vissen
Fish,voedsterhaai
Fish,voorn
Fish,walvis
Fish,walvishaai
Fish,wijting
Fish,winde
Fish,witte haai
Fish,witte tonijn
Fish,witvis
Fish,zalm
Fish,zebravis
Fish,zeebaars
Fish,zeeduivel
Fish,zeekat
Fish,zeelt
Fish,zeepaling
Fish,zeetong
Fish,zeevis
Fish,zeewolf
Fish,zeilvis
Fish,zilt
Fish,zoetwatervis
Fish,zonnevis
Fish,zoutwatervis
Fish,zusterhaai
Fish,zwaardvis
Forest,aardvlooien
Forest,appelvink
Forest,barmsijs
Forest,bladluis
Forest,bok
Forest,boktor
Forest,boommarter
Forest,bosmier
Forest,bosuil
Forest,damhert
Forest,edelhert
Forest,egel
Forest,everzwijn
Forest,grijze zanglijster
Forest,grizzly
Forest,grizzly beer
Forest,grizzlybeer
Forest,haas
Forest,hert
Forest,hinde
Forest,huisrat
Forest,kraagbeer
Forest,lynx
Forest,marter
Forest,mier
Forest,mieren
Forest,muis
Forest,neusaap
Forest,neusbeer
Forest,pimpelmees
Forest,ransuil
Forest,ree
Forest,reebok
Forest,reegeit
Forest,relmuis
Forest,specht
Forest,toekan
Forest,torren
Forest,uil
Forest,vos
Forest,wasbeer
Forest,wild zwijn
Forest,wolf
Forest,zanglijster
Forest,zwarte rat
Genus,lastdier
Genus,wildedier
Genus,zeevis
Genus,zoogdier
Insectivores,aardvarken
Insectivores,egel
Insectivores,gordeldier
Insectivores,mierenegel
Insectivores,miereneter
Insectivores,mol
Insectivores,schubdier
Insectivores,spitsmuis
Insectivores,spitsmuis
Insectivores,tjiftjaf
Insectivores,vampiervleermuis
Insectivores,vleermuis
Insects,aardluis
Insects,aardvlooien
Insects,aardworm
Insects,admiraalvlinder
Insects,Amerikaanse monarch
Insects,atalanta
Insects,bananenvlieg
Insects,bedwants
Insects,beerdiertje
Insects,beestje
Insects,bidsprinkhaan
Insects,bij
Insects,bladluis
Insects,boisea trivittata
Insects,boktor
Insects,boomkever
Insects,bosmier
Insects,bromvlieg
Insects,cicade
Insects,citroenvlinder
Insects,coloradokever
Insects,daas
Insects,dagpauwoog
Insects,dar
Insects,derobrachus hovorei
Insects,dierluis
Insects,duizendpoot
Insects,emelt
Insects,engerling
Insects,fruitvlieg
Insects,geafrikaniseerde honingbij
Insects,gewone oprolpissebed
Insects,glazenwasser
Insects,glimworm
Insects,gloeiworm
Insects,grauwe schildwants
Insects,halfvleugeligen
Insects,hazelnootboorder
Insects,hommel
Insects,honingbij
Insects,hoofdluis
Insects,hooibeestje
Insects,hooiwagens
Insects,hoornaar
Insects,hornaar
Insects,horzel
Insects,houtboktor
Insects,houtwesp
Insects,huisvlieg
Insects,huisvlooien
Insects,insect
Insects,juffer
Insects,junikever
Insects,kakkerlak
Insects,kamervlieg
Insects,kanariepietje
Insects,keldermot
Insects,kever
Insects,knutjes
Insects,knutten
Insects,kokerjuffer
Insects,koninginnenpage
Insects,koolwitje
Insects,krekel
Insects,kruisspin
Insects,langpootmug
Insects,langpootmuggen
Insects,larf
Insects,larve
Insects,libel
Insects,libelle
Insects,lieveheersbeestje
Insects,luis
Insects,lumbricina
Insects,made
Insects,maden
Insects,malariamug
Insects,meelworm
Insects,meikever
Insects,mestkever
Insects,mier
Insects,mieren
Insects,mierenleeuw
Insects,mierkever
Insects,mijt
Insects,miljoenpoot
Insects,monarch
Insects,monarchvlinder
Insects,mot
Insects,mug
Insects,museumkever
Insects,muskiet
Insects,nachtpauwoog
Insects,nachtvlinder
Insects,neet
Insects,neten
Insects,nummervlinder
Insects,oogstmijten
Insects,oorworm
Insects,paardenvlieg
Insects,parasiet
Insects,parasolmier
Insects,passalidae
Insects,pier
Insects,pissebed
Insects,platworm
Insects,regenworm
Insects,reuzenmier
Insects,reuzenwaterwants
Insects,rolpissebedden
Insects,roofwants
Insects,rups
Insects,schorpioen
Insects,sissende kakkerlak
Insects,slijkvlieg
Insects,sluipwesp
Insects,snavelinsecten
Insects,snuitkever
Insects,spanrups
Insects,spint
Insects,sprinkhaan
Insects,steekmug
Insects,steekvlieg
Insects,strontvlieg
Insects,tapijtkever
Insects,teek
Insects,teken
Insects,termiet
Insects,tor
Insects,torren
Insects,treksprinkhaan
Insects,trips
Insects,veenmol
Insects,vlieg
Insects,vliegen
Insects,vliegend hert
Insects,vliegende herten
Insects,vlinder
Insects,vlo
Insects,vlooi
Insects,vlooien
Insects,vogelspin
Insects,vuurmier
Insects,vuurvlieg
Insects,wandelende bladeren
Insects,wandelende tak
Insects,wandelende takken
Insects,wants
Insects,wasp
Insects,waterjuffer
Insects,watervlo
Insects,waterwants
Insects,wesp
Insects,wespen
Insects,wolfspin
Insects,worm
Insects,zeeworm
Insects,zilvervis
Insects,zilvervisje
Insects,zwarte weduwe
Insects,zweefvlieg
Jungle,baardaap
Jungle,bengaalse tijger
Jungle,bonobo
Jungle,gibbon
Jungle,jaguar
Jungle,kinkajoe
Jungle,luiaard
Jungle,marmerkat
Jungle,rolstaartbeer
Jungle,tapir
Jungle,toekan
Marsupial,cuscus
Marsupial,koeskoes
Marsupial,possum
Mythical creatures,eenhoorn
Mythical creatures,monster
Mythical creatures,sfinx
NorthAmerican,aardeekhoorns
NorthAmerican,admiraalvlinder
NorthAmerican,alpensneeuwhoen
NorthAmerican,Amerikaanse aalscholver
NorthAmerican,Amerikaanse matkop
NorthAmerican,Amerikaanse zeearend
NorthAmerican,Amerikaanse zwarte beer
NorthAmerican,anijsvogel
NorthAmerican,atalanta
NorthAmerican,bedwants
NorthAmerican,beer
NorthAmerican,beer (varken)
NorthAmerican,beren
NorthAmerican,berggeit
NorthAmerican,bergleeuw
NorthAmerican,bever
NorthAmerican,beverrat
NorthAmerican,bison
NorthAmerican,boisea trivittata
NorthAmerican,bostonterrier
NorthAmerican,bruine beer
NorthAmerican,buideldier
NorthAmerican,buidelrat
NorthAmerican,chinook
NorthAmerican,chionoecetes opilio
NorthAmerican,das
NorthAmerican,derobrachus hovorei
NorthAmerican,dikhoornschap
NorthAmerican,dobermann
NorthAmerican,dwergkonijn
NorthAmerican,eekhoorn
NorthAmerican,eekhoornmarmotten
NorthAmerican,eland
NorthAmerican,elk
NorthAmerican,emerita
NorthAmerican,ever
NorthAmerican,everzwijn
NorthAmerican,foxhound
NorthAmerican,gaffelantilope
NorthAmerican,gaffelbok
NorthAmerican,geoorde aalscholver
NorthAmerican,gewone wasbeer
NorthAmerican,grijze wolf
NorthAmerican,grizzly
NorthAmerican,grizzly beer
NorthAmerican,grizzlybeer
NorthAmerican,grootoorkitvos
NorthAmerican,haakneusslang
NorthAmerican,hertachtigen
NorthAmerican,indische vechter
NorthAmerican,indische vechthoen
NorthAmerican,jachtkrabspin
NorthAmerican,kariboe
NorthAmerican,katoenstaartkonijnen
NorthAmerican,keizerbaars
NorthAmerican,klipgeit
NorthAmerican,kodiakbeer
NorthAmerican,konijn
NorthAmerican,koraalslang
NorthAmerican,kousenbandslang
NorthAmerican,kruisspin
NorthAmerican,lithodidae
NorthAmerican,longhorn
NorthAmerican,luipaardhaai
NorthAmerican,neusbeer
NorthAmerican,Noord-Amerikaanse katfret
NorthAmerican,noordkapers
NorthAmerican,Nord-Amerikaanse wasbeer
NorthAmerican,nummervlinder
NorthAmerican,nutria
NorthAmerican,oogstmijten
NorthAmerican,opossum
NorthAmerican,oranje zaagbuikvis
NorthAmerican,padhagedis
NorthAmerican,poema
NorthAmerican,pomoxis
NorthAmerican,possum
NorthAmerican,pronghorn
NorthAmerican,quetzal
NorthAmerican,quiscalus
NorthAmerican,ragdoll
NorthAmerican,ratelslang
NorthAmerican,rendier
NorthAmerican,reuzenkeverslak
NorthAmerican,reuzenwaterwants
NorthAmerican,ringslang
NorthAmerican,rode lynx
NorthAmerican,rode vos
NorthAmerican,roodstaartbuizerd
NorthAmerican,Schotse vouwoorkat
NorthAmerican,sitta
NorthAmerican,slurfdieren
NorthAmerican,sneeuwgeit
NorthAmerican,sneeuwhoen
NorthAmerican,sneeuwuil
NorthAmerican,snoek
NorthAmerican,stermol
NorthAmerican,sterneusmol
NorthAmerican,stierslang
NorthAmerican,stinkdier
NorthAmerican,strombus
NorthAmerican,sylvilagus
NorthAmerican,Texas longhorn
NorthAmerican,treurduif
NorthAmerican,verpleegsterhaai
NorthAmerican,vioolspin
NorthAmerican,vismater
NorthAmerican,vos
NorthAmerican,wandluis
NorthAmerican,wangzakeehoorns
NorthAmerican,wasbeer
NorthAmerican,waterkonijn
NorthAmerican,watermoccasinslang
NorthAmerican,waterwants
NorthAmerican,welp
NorthAmerican,westelijke struikgaai
NorthAmerican,wild zwijn
NorthAmerican,wolf
NorthAmerican,zeearend
NorthAmerican,zeeotter
NorthAmerican,zilverleeuw
NorthAmerican,zwarte beer
Pets,gup
Pets,alaska-malamute
Pets,angora
Pets,angorakat
Pets,apso
Pets,beagle
Pets,belgische herder
Pets,Berner sennenhond
Pets,blauwe rus
Pets,bobtail
Pets,bokser
Pets,border collie
Pets,boskat
Pets,bouvier
Pets,boxer
Pets,Brits langhaar
Pets,buldog
Pets,bulldog
Pets,Cavalier King Charles-spaniel
Pets,cavia
Pets,chihuahua
Pets,chinchilla
Pets,chinees varken
Pets,chowchow
Pets,cocker spaniel
Pets,cockerspaniel
Pets,collie
Pets,corgi
Pets,cyperse kat
Pets,dalmatier
Pets,deense dog
Pets,degoe
Pets,dobermann
Pets,doeshond
Pets,Duitse herder
Pets,duitse herdershond
Pets,duitse staande
Pets,dwerghamster
Pets,dwergkonijn
Pets,engelse buldog
Pets,engelse herder
Pets,engelse parkiet
Pets,franse buldog
Pets,franse poedel
Pets,fret
Pets,friese staander
Pets,gerbil
Pets,golden retriever
Pets,goldendoodle
Pets,goldenretriever
Pets,goudhamster
Pets,goudvis
Pets,grasparkiet
Pets,groenendaeler
Pets,guppy
Pets,hamster
Pets,hazewind
Pets,hen
Pets,herder
Pets,hollandse herdershond
Pets,hond
Pets,hongaarse herdershond
Pets,huiskat
Pets,husky
Pets,ierse wolfhond
Pets,jack russel
Pets,kaketoe
Pets,kanarie
Pets,kat
Pets,kater
Pets,keeshond
Pets,kitten
Pets,konijn
Pets,labrador
Pets,labrador retriever
Pets,langharige kat
Pets,lapjeskat
Pets,lhasa apso
Pets,maltezer leeuwtje
Pets,mechelse herder
Pets,naaktkat
Pets,papegaai
Pets,parkiet
Pets,parkieten
Pets,pekinees
Pets,Perzische kat
Pets,perzische langhaar
Pets,pitbull
Pets,pluimvee
Pets,poedel
Pets,poes
Pets,pup
Pets,puppy
Pets,Pyrenese berghond
Pets,retriever
Pets,reu
Pets,russisch korthaar
Pets,schildpad
Pets,schnauzer
Pets,shih tzu
Pets,siamees
Pets,siamese kat
Pets,siamese kempvis
Pets,sint bernard
Pets,sint bernard hond
Pets,spaniel
Pets,tamme rat
Pets,teckel
Pets,terrier
Pets,tetra
Pets,Turkse angora
Pets,valkparkiet
Pets,vlaamse reus
Pets,vlinderhondje
Pets,waterhond
Pets,waterkonijn
Pets,woestijnrat
Pets,wolfhond
Pets,wolmuis
Pets,yorkshire terrier
Primates,aap
Primates,baardaap
Primates,baviaan
Primates,bonobo
Primates,brulaap
Primates,chimpansee
Primates,doodshoofdaap
Primates,doodskopaap
Primates,doodskopaapje
Primates,dwergzijdeaapje
Primates,galago
Primates,gewoon penseelaapje
Primates,gibbon
Primates,gorilla
Primates,goudaap
Primates,gouden aap
Primates,halfaap
Primates,homo erectus
Primates,homo sapien
Primates,homo-erectus
Primates,indri
Primates,japanse makaak
Primates,kapucijnaap
Primates,lar
Primates,lemuur
Primates,lori
Primates,lorinea
Primates,lorisinae
Primates,makaak
Primates,maki
Primates,mandril
Primates,mandrilaap
Primates,mangabey
Primates,mens
Primates,mensaap
Primates,neanderthaler
Primates,neusaap
Primates,orang oetan
Primates,orangoetan
Primates,orang-oetan
Primates,pithecia
Primates,plompe lori
Primates,primaten
Primates,resus aap
Primates,resusaap
Primates,ringstaartaapje
Primates,ringstaartmaki
Primates,saki
Primates,slankapen
Primates,slingeraap
Primates,spookdier
Primates,springaapje
Primates,tamarin
Primates,tarsiidea
Primates,titi
Primates,wau-wau
Primates,witpluimoestiti
Primates,wolaap
Rabbit,dwergkonijn
Rabbit,haas
Rabbit,konijn
Rabbit,poolhaas
Rabbit,sneeuwhaas
Rabbit,waterkonijn
ReptileAmphibian,adder
ReptileAmphibian,alligator
ReptileAmphibian,allosaurus
ReptileAmphibian,amerikaanse stierkikker
ReptileAmphibian,amfibie
ReptileAmphibian,anaconda
ReptileAmphibian,anolis
ReptileAmphibian,apatosaurus
ReptileAmphibian,arabische adder
ReptileAmphibian,bergduviel
ReptileAmphibian,boa
ReptileAmphibian,boa constrictor
ReptileAmphibian,boomkikker
ReptileAmphibian,boomslang
ReptileAmphibian,bosmeester
ReptileAmphibian,brachiosaurus
ReptileAmphibian,brilslang
ReptileAmphibian,brontosaurus
ReptileAmphibian,bruine kikker
ReptileAmphibian,brulkikker
ReptileAmphibian,cobra
ReptileAmphibian,constrictor
ReptileAmphibian,constrictors
ReptileAmphibian,darwins bekbroeder
ReptileAmphibian,dinosaurus
ReptileAmphibian,draak
ReptileAmphibian,egyptische aspis
ReptileAmphibian,egyptische cobra
ReptileAmphibian,gaviaal
ReptileAmphibian,gekko
ReptileAmphibian,gifslang
ReptileAmphibian,gilamonster
ReptileAmphibian,gladde slang
ReptileAmphibian,godzilla
ReptileAmphibian,groene kikker
ReptileAmphibian,hagedis
ReptileAmphibian,halosaurus pectoralis
ReptileAmphibian,hazelworm
ReptileAmphibian,hoornratelslang
ReptileAmphibian,iguana
ReptileAmphibian,kaai
ReptileAmphibian,kaaiman
ReptileAmphibian,kameleon
ReptileAmphibian,kamsalamander
ReptileAmphibian,kikker
ReptileAmphibian,kikkervisje
ReptileAmphibian,kikvors
ReptileAmphibian,komodo
ReptileAmphibian,komodovaraan
ReptileAmphibian,koningscobra
ReptileAmphibian,koningsslang
ReptileAmphibian,koperkop
ReptileAmphibian,koraalslang
ReptileAmphibian,korenslang
ReptileAmphibian,kousenbandslangen
ReptileAmphibian,krokodil
ReptileAmphibian,kruisboomkikker
ReptileAmphibian,lachesis
ReptileAmphibian,landschildpad
ReptileAmphibian,leguaan
ReptileAmphibian,mamba
ReptileAmphibian,onderwater slang
ReptileAmphibian,pad
ReptileAmphibian,padhagedis
ReptileAmphibian,phyton
ReptileAmphibian,pijlgifkikker
ReptileAmphibian,pleurodelinae
ReptileAmphibian,pogona
ReptileAmphibian,pterodactylus
ReptileAmphibian,python
ReptileAmphibian,raptor
ReptileAmphibian,ratelslang
ReptileAmphibian,reptiel
ReptileAmphibian,reuzenpad
ReptileAmphibian,ringslang
ReptileAmphibian,salamander
ReptileAmphibian,schildpad
ReptileAmphibian,skinken
ReptileAmphibian,slang
ReptileAmphibian,stierslang
ReptileAmphibian,taipan
ReptileAmphibian,texaanse ratelslang
ReptileAmphibian,tjitjak
ReptileAmphibian,triceratops
ReptileAmphibian,tyrannosaurus 
ReptileAmphibian,tyrannosaurus rex
ReptileAmphibian,varanus
ReptileAmphibian,velociraptor
ReptileAmphibian,vliegende slang
ReptileAmphibian,watermoccasinslang
ReptileAmphibian,waterslang
ReptileAmphibian,westelijke diamantslang
ReptileAmphibian,westelijke haakneusslang
ReptileAmphibian,wormsalamander
ReptileAmphibian,wurgslang
ReptileAmphibian,zwarte mamba
Rodents,aardeekhoorn
Rodents,aardmuis
Rodents,agoeti
Rodents,bergmarmot
Rodents,bever
Rodents,beverrat
Rodents,bisamrat
Rodents,bosmarmot
Rodents,bosmuis
Rodents,bruine rat
Rodents,capibara
Rodents,cavia
Rodents,cavia-achtige
Rodents,chinchilla
Rodents,degoe
Rodents,dwerghamster
Rodents,dwergkonijn
Rodents,eekhoorn
Rodents,eekhoornmarmotten
Rodents,egel
Rodents,fluithaas
Rodents,gerbil
Rodents,gewone eekhoorn
Rodents,goffer
Rodents,goudhamster
Rodents,grijze eekhoorn
Rodents,grondeekhoorn
Rodents,guinees biggetje
Rodents,haas
Rodents,hamster
Rodents,huismuis
Rodents,huisrat
Rodents,jerboa
Rodents,knaagdier
Rodents,konijn
Rodents,langstaartmarmot
Rodents,lemming
Rodents,marmot
Rodents,mol
Rodents,muis
Rodents,muskusrat
Rodents,naakte molrat
Rodents,neotoma
Rodents,nutria
Rodents,paraxerus cepapi
Rodents,pika
Rodents,poolhaas
Rodents,prairiehond
Rodents,rat
Rodents,relmuis
Rodents,rioolrat
Rodents,rode eekhoorn
Rodents,rode marmot
Rodents,slaapmuis
Rodents,sneeuwhaas
Rodents,spitsmuis
Rodents,stekelvarken
Rodents,tamme rat
Rodents,veldmuis
Rodents,vliegende eekhoorn
Rodents,wangzakeehoorns
Rodents,wangzakrat
Rodents,waterkonijn
Rodents,waterrat
Rodents,waterzwijn
Rodents,woelmuis
Rodents,woelrat
Rodents,woestijnrat
Rodents,xerus princeps
Rodents,zakrat
Rodents,zandrat
Rodents,zevenslaper
Rodents,zwarte eekhoorn
Rodents,zwarte rat
SouthAmerica,anaconda
SouthAmerica,anijsvogel
SouthAmerica,apistogramma
SouthAmerica,ara
SouthAmerica,arapaima
SouthAmerica,beer
SouthAmerica,beren
SouthAmerica,bosmeester
SouthAmerica,buideldier
SouthAmerica,darwins bekbroeder
SouthAmerica,degoe
SouthAmerica,doodshoofdaap
SouthAmerica,doodskopaap
SouthAmerica,doodskopaapje
SouthAmerica,dwergzijdeaapje
SouthAmerica,geelvleugelara
SouthAmerica,grietjebie
SouthAmerica,guanaco
SouthAmerica,jaguar
SouthAmerica,kaaiman
SouthAmerica,lachesis
SouthAmerica,neusbeer
SouthAmerica,quetzal
SouthAmerica,quiscalus
SouthAmerica,tamarin
SouthAmerica,toekan
SouthAmerica,verpleegsterhaai
SouthAmerica,voedsterhaai
SouthAmerica,wolaap
SouthAmerica,wormsalamander
UnicellularOrganisms,amoebe
UnicellularOrganisms,bacterie
UnicellularOrganisms,parasiet
UsedForFur,alpaca
UsedForFur,berglama
UsedForFur,bever
UsedForFur,beverrat
UsedForFur,chinchilla
UsedForFur,gems
UsedForFur,hermijn
UsedForFur,konijn
UsedForFur,lam
UsedForFur,lama
UsedForFur,nerts
UsedForFur,nutria
UsedForFur,ooi
UsedForFur,poolbeer
UsedForFur,sabeldier
UsedForFur,sabelmarter
UsedForFur,schaap
UsedForFur,schaapkameel
UsedForFur,vicuna
UsedForFur,vlaamse reus
UsedForFur,vos
UsedForFur,waterkonijn
UsedForFur,witte beer
UsedForFur,wolmuis
Water,aal
Water,aalscholver
Water,alg
Water,algen
Water,alligator
Water,Amerikaanse doosschildpad
Water,Amerikaanse snoekbaars
Water,Amerikaanse venusschelp
Water,amoebe
Water,anemoon
Water,ansjovis
Water,apistogramma
Water,aplysia
Water,arapaima
Water,architeuthis
Water,armvinnigen
Water,artemia
Water,Atlantische grondhaai
Water,axolotl
Water,baars
Water,baleinwalvis
Water,banaan slak
Water,bandeng
Water,barbeel
Water,barracuda
Water,beerdiertje
Water,beloega
Water,bever
Water,beverrat
Water,bijtchelydra
Water,bijtschildpad
Water,bisamrat
Water,blauwe draak
Water,blauwe haai
Water,blauwe vinvis
Water,blauwvis
Water,blei
Water,bliek
Water,blobvis
Water,bloedzuiger
Water,boto
Water,brandgans
Water,brasem
Water,breedbekbaars
Water,bronforel
Water,bruinvis
Water,buiskwal
Water,bultrug
Water,bultrugwalvis
Water,canadese gans
Water,capibara
Water,cardiidae
Water,chaetodipterus faber
Water,chionoecetes opilio
Water,clypeasteroida
Water,coelacanthiformes
Water,daphnia
Water,degenkrabben
Water,diepzeevis
Water,discusvis
Water,dolfijn
Water,dolfijnen
Water,doornhaai
Water,doosschildpad
Water,dorade
Water,dorado
Water,dradu
Water,duivel
Water,eenden
Water,elft
Water,forelbaars
Water,gamba
Water,gans
Water,garnaal
Water,gaviaal
Water,geelbek
Water,geep
Water,gewone zeehond
Water,glasaal
Water,glaucus atlanticus
Water,goudkarper
Water,goudmakreel
Water,goudvis
Water,goudwinde
Water,graskarper
Water,grauwe gans
Water,griend
Water,griet
Water,grijze walvis
Water,groene baars
Water,groene kikker
Water,grondel
Water,grondeling
Water,grondhaai
Water,grote blauwe haai
Water,grote bloedworm
Water,gup
Water,guppy
Water,haai
Water,hamerhaai
Water,harder
Water,harderachtigen
Water,haring
Water,heek
Water,heilbot
Water,heremietkrab
Water,heremietkreeft
Water,hippoidea
Water,huiler
Water,inktvis
Water,istiophorus
Water,itajara
Water,kaaimansnoek
Water,kabeljauw
Water,kamoester
Water,kamschelp
Water,kardinaaltetra
Water,karper
Water,kauri
Water,keizerbaars
Water,kerstboomworm
Water,kikker
Water,kikkervisje
Water,kleinbekbaars
Water,kleine zwaan
Water,koet
Water,kogelvis
Water,koikarper
Water,kokkel
Water,kolblei
Water,kooikarper
Water,koolgans
Water,koolvis
Water,koraal
Water,koraalduivel
Water,krab
Water,kreeft
Water,krill
Water,krooneend
Water,kuifeend
Water,kwakbol
Water,kwal
Water,lamantijn
Water,langoustine
Water,lithodidae
Water,luipaardhaai
Water,lutjanidae
Water,maanvis
Water,mahi-mahi
Water,makreel
Water,mandarijneend
Water,manta
Water,mantels
Water,mantelschelp
Water,marlijn
Water,meerbaars
Water,mensenhaai
Water,meun
Water,moeralen
Water,moerasschildpad
Water,mollusk
Water,monster
Water,mosbaars
Water,mossel
Water,murenen
Water,muskusrat
Water,naaktslak
Water,narwal
Water,nautilus
Water,neontetra
Water,nijlgans
Water,noordkapers
Water,nutria
Water,octopus
Water,ocypodinae
Water,oester
Water,onderwater slang
Water,oorlogsschip
Water,oranje zaagbuikvis
Water,orinocodolfijn
Water,orka
Water,otter
Water,pad
Water,paling
Water,papegaaivis
Water,pectinidae
Water,pieterman
Water,pijlstaartrog
Water,pinguin
Water,piranha
Water,pistoolgarnaal
Water,plankton
Water,platvis
Water,platworm
Water,pleurodelinae
Water,poetsgarnaal
Water,poliep
Water,poon
Water,portugees oorlogschip
Water,pos
Water,potvis
Water,puffer
Water,rajidae
Water,rankpootkreeften
Water,reuzenhaai
Water,reuzenkeverslak
Water,reuzenpad
Water,rietgans
Water,rietvoorn
Water,rivierkreeft
Water,rob
Water,rog
Water,rondsnuitdolfijn
Water,roodbaars
Water,roofblei
Water,salamander
Water,sardien
Water,sardine
Water,schaalhoren
Water,schar
Water,schelvis
Water,schildpad
Water,schol
Water,sciaenops ocellatus
Water,siamese kempvis
Water,sidderaal
Water,siphonophorae
Water,slak
Water,slijkspringer
Water,slijmprik
Water,slobeend
Water,smient
Water,snapper
Water,sneeuwgans
Water,snoekbaars
Water,spiegelkarper
Water,spiering
Water,spons
Water,spookkrab
Water,sprot
Water,sprotje
Water,staatkwal
Water,stekelbaars
Water,steur
Water,stierhaai
Water,strombus
Water,sumatraan
Water,synanceia
Water,tarbot
Water,tijgerhaai
Water,tong
Water,tuimelaar
Water,tursiops
Water,tweekleppigen
Water,venusschelp
Water,verpleegsterhaai
Water,vinarmigen
Water,vinvis
Water,vis
Water,vissen
Water,vliegende vis
Water,vliegende vissen
Water,voedsterhaai
Water,vogelbekdier
Water,walrus
Water,walvis
Water,walvishaai
Water,waterhoen
Water,waterkip
Water,waterrat
Water,waterschildpad
Water,watervlooien
Water,weekdier
Water,wenkkrabben
Water,wieren
Water,wilde gans
Water,winde
Water,witte dolfijn
Water,witte haai
Water,witte walvis
Water,witvis
Water,woelmuis
Water,woelrat
Water,zakpijpen
Water,zalm
Water,zambezihaai
Water,zanddollar
Water,zebravis
Water,zeeanemoon
Water,zeeappel
Water,zeebaars
Water,zeebeer
Water,zeeduivel
Water,zee-eend
Water,zeeeend
Water,zeeegel
Water,zee-egel
Water,zeehond
Water,zeeklit
Water,zeekoe
Water,zeekomkommer
Water,zeekonijn
Water,zeekrab
Water,zeekreeft
Water,zeekwal
Water,zeeleeuw
Water,zeelt
Water,zeeluipaard
Water,zeeolifant
Water,zeeotter
Water,zeepaard
Water,zeepaardje
Water,zeepaling
Water,zeerob
Water,zeeschildpad
Water,zeeslak
Water,zeeslang
Water,zeespons
Water,zeester
Water,zeetong
Water,zeevis
Water,zeevogel
Water,zeewolf
Water,zeeworm
Water,zeezwaluw
Water,zeilvis
Water,zonnevis
Water,zusterhaai
Water,zwaan
Water,zwaardwalvis
Weasels,Amerikaanse nerts
Weasels,boommarter
Weasels,bosmarmot
Weasels,bunzing
Weasels,civetkat
Weasels,das
Weasels,eierwezel
Weasels,fret
Weasels,hermelijn
Weasels,honingdas
Weasels,kleine marters
Weasels,mangoest
Weasels,marmot
Weasels,marter
Weasels,otter
Weasels,steenmarter
Weasels,stinkdier
Weasels,veelvraat
Weasels,vismater
Weasels,wezel
Weasels,zeemink
Worms,aardworm
Worms,grote bloedworm
Worms,kerstboomworm
Worms,kokerworm
Worms,lintworm
Worms,lumbricina
Worms,meelworm
Worms,pier
Worms,platworm
Worms,regenworm
Worms,rups
Worms,rups van de spanner (vlinder)
Worms,worm
Zoo,aap
Zoo,aardwolf
Zoo,alligator
Zoo,anaconda
Zoo,apen
Zoo,ara
Zoo,arend
Zoo,baardaap
Zoo,baviaan
Zoo,beer
Zoo,bengaalse tijger
Zoo,beren
Zoo,boa
Zoo,boa constrictor
Zoo,bonobo
Zoo,brilslang
Zoo,brulaap
Zoo,cheeta
Zoo,chimpansee
Zoo,cobra
Zoo,constrictor
Zoo,constrictors
Zoo,doodshoofdaap
Zoo,doodskopaap
Zoo,doodskopaapje
Zoo,emoe
Zoo,emoes
Zoo,flamingo
Zoo,giraf
Zoo,giraffe
Zoo,girafs
Zoo,gorilla
Zoo,goudaap
Zoo,gouden aap
Zoo,grizzly
Zoo,grizzly beer
Zoo,grizzlybeer
Zoo,hippopotamus
Zoo,ijsbeer
Zoo,jachtluipaard
Zoo,jaguar
Zoo,kameel
Zoo,koala
Zoo,koalabeer
Zoo,lar
Zoo,leeuw
Zoo,leeuwen
Zoo,leeuwin
Zoo,lippenbeer
Zoo,luipaard
Zoo,lynx
Zoo,mamba
Zoo,neusaap
Zoo,neushoorn
Zoo,neushoorns
Zoo,nijlpaard
Zoo,octopus
Zoo,olifant
Zoo,olifanten
Zoo,orang oetan
Zoo,orangoetan
Zoo,orang-oetan
Zoo,panda
Zoo,pandabeer
Zoo,panter
Zoo,pinguin
Zoo,poema
Zoo,poolbeer
Zoo,przewalskipaard
Zoo,python
Zoo,ratelslang
Zoo,renoster
Zoo,ringstaartaap
Zoo,ringstaartmaki
Zoo,schildpad
Zoo,slang
Zoo,sneeuwtijger
Zoo,struisvogel
Zoo,tijger
Zoo,tijgers
Zoo,witte beer
Zoo,zebra
Zoo,zebraje
Zoo,zebrapaard
