0,974.7082529636782,-981.843519269367,-979.0088247435618,-975.7239241579064,974.6261538671803,-inf,-978.5565547953319,-977.8673837701574,-976.9010594945739,-976.9280171101614,-976.4453882012283,-975.8966194562121,-976.3450363333467,-978.3284043722746,-976.0469363692329,-inf,974.5246883018002,973.9829584100947,973.8105250385523,-975.2173326947327,973.5710269781101,-976.6536507700781,-974.7573322629357,-978.2424821875348,-977.9747222809417,-inf,973.0412062899594,-974.8446390902457,-977.3454703721276,-975.2443805938631,-977.0624771280333,-978.0231760405936,-978.6433838312948,-975.6468920493819,-982.8482328321004,972.403487198013,971.7626406843632,-971.9706028921948,971.0651648435337,-972.4854518225939,970.4110017570534,970.2120983269012,970.141381900716,-972.6063007914986,-970.7351652813155,969.6319294271583,-969.8387646235122,-973.4208913636455,968.8857167072249,967.9873455098895,967.3238411702986,967.2595515498349,-969.5930397424839,-968.8939158057966,966.7655919207378,966.466735343159,965.4676199015923,964.2540707804486,963.4496307970585,962.5048232714612,962.3249680241711,961.0558284195367,960.4656351093621,-964.9694571052302,-961.340605180414,959.5801259339465,958.1621075871033,-958.3816081431977,-959.7818015897893,-959.221959229987,-962.598845001385,-inf,-958.885830574144,-963.657315468253,-959.1014032296641,-inf,-inf,957.7536937307964,956.9656365623384,955.9274593068092,-956.8383658708468,-inf,954.3953579032186,954.2354394627566,-958.886711762615,-inf,953.3326747209752,-inf,-953.6615113026206,-956.946337589799,-955.8405531390572,-953.3481263333833,-954.092425426853,-956.4439984840079,-inf,952.9425815160131,951.4296225500116,-953.4627378880243,-953.8758869449899,-951.7581640420195,-inf,-inf,951.4102774452228,-951.8749867077478,950.6600552561805,-953.6239835874521,948.5898306805178,948.2822340673898,945.9899563869309,-946.5911106495622,944.8542377873124,-946.918574593195,944.3441666045566,-944.8109449039353,-949.7797807050131,-944.5474341519927,-944.7937179616589,-944.7392715477,-944.7989246474212,-945.7563400632406,-inf,-945.3600100334198,944.238441920659,942.0637976222488,941.1055264703328,941.0802818377458,939.5077824801297,-944.5451877779326,937.6714717172334,-inf,937.4926750136683,936.0781731378431,-inf,934.7252879853829,-inf,-934.9693302547944,933.542057462909,-934.8428127177651,932.9215960093057,932.3919769961419,-932.7864883878624,-937.6998409578852,-inf,-936.3440375924047,931.4306462014179,-934.843608763559,931.3833655434155,-931.8038466685528,931.3716598397361,-936.5599476100643,-inf,-inf,-inf,-inf,-933.3399028452361,930.228681181427,-930.4848966064516,-933.6037545611221,929.5114992875644,928.5135707290455,927.8014331505284,-928.3407176474893,926.0919893897116,-inf,-927.5428031509242,-928.4572210538535,924.6105292111706,923.9042415925951,923.4465017844739,923.0732831621682,922.343106563388,-923.4461625539972,921.162119747915,919.4429379929014,918.1542945700633,-920.2535343737522,-918.3495574281807,915.8646372769715
0,-918.3306213552174,-916.2889497862296,915.2501532330075,-915.3171777929427,915.0742490507351,914.1007913712672,-inf,-inf,-916.8005258657425,-inf,-920.2242732006185,-914.3784399067191,-inf,913.1881656477883,912.449831479813,-914.0987739079039,912.2617010266556,-913.0135740319942,-inf,-913.187930340868,-915.5789541496049,-inf,-inf,911.7186012230192,-inf,-914.5732762436612,-916.8505831421635,-inf,911.5061142069095,-inf,-914.3900579176592,-913.285911697633,-913.3898068451033,-912.2843746536587,-914.417028100999,-913.6973569360592,910.6949175034681,-916.5805064319923,-911.8998892819178,-inf,-914.732884756913,-912.8076487230187,-912.4771386580118,910.5420086175039,-915.9163900245513,-inf,910.1087375044165,-913.3367702575576,-911.4286325110659,-inf,-inf,-910.5567299501809,-inf,-913.0535805722203,-917.1898219304389,909.4443649569151,-inf,-914.7513530293868,-inf,-911.338058445791,-910.9935238173191,908.790718659257,-911.4695710430252,908.1561561261037,-916.8430347398223,-911.5554398142459,907.9845733698451,-inf,-909.6729338564469,-908.5804598363671,-inf,907.5329130920666,-inf,-914.2529610565566,-inf,907.5089828869775,-inf,-inf,-911.8194854924086,-912.2190279501874,-908.5519820633252,-922.790558784745,-914.1539101348413,-inf,-inf,-911.3808592404866,-908.0019106342393,-910.4656758836838,-911.5287607974219,-908.9823160543798,-inf,907.154670560418,-907.7288456486559,-inf,-908.456281862144,-inf,-inf,-909.834855359092,-907.6332426041502,906.2213305537325,-inf,-908.2053430013993,-inf,-909.0983362771518,-inf
0,-909.0983362771518,905.5314232570325,-912.139493956478,-907.9460790645356,-inf,-inf,-909.0085732604679,-inf,-inf,-906.2525277897431,-907.5447308972966,-inf,-inf,-inf,-inf,-inf,-inf,-inf,-inf,-inf,-905.738646301439,-906.0223671013595,-909.0491316185792,-910.9866406419599,-inf,-907.0054951863588,-905.5581275642359,-inf,-913.5219852651843,-inf,-906.363831775061,-907.7691551244175,-inf,-908.2092637677375,-inf,-inf,-907.7270433381634,-909.1301555222744,-inf,-inf,-913.978855157374,-906.0930253537915,-909.3179956197146,-908.0520816360213,-906.9644496571847,-908.2423526878832,-inf,-905.9550811011289,-906.4857960341468,-906.8316788797543,-inf,-909.3362856235442,-inf,-906.7939470577049,-908.3842668457456,-inf,-908.7110389018289,-inf,-908.3734202554339,-908.8521633568779,-911.8554104129901,-inf,-inf,-911.4186179601242,-inf,-907.8245089626607,-906.3872889487709,-910.0748068401277,-909.7144794163722,-920.9098129085669,-inf,-inf,-911.3689010387438,-inf,-911.3011763737301,-914.2600686547006,-907.3474143907189,-inf,-908.0054850559508,-inf,-inf,-908.5708023098355,-inf
0,-inf,-907.6818724606817,-909.0085732604679,-920.9098129085669,-914.2600686547006,-inf,-inf,-905.738646301439,-inf,-906.0223671013595,-909.0491316185792,-inf,-910.9866406419599,-inf,-inf,-905.5581275642359,-inf,-913.5219852651843,-inf,-inf,-908.2092637677375,-inf,-907.7270433381634,-906.363831775061,-909.1301555222744,-inf,-907.0054951863588,-907.7691551244175,-912.139493956478,-inf,-inf,-913.978855157374,-inf,-inf,-906.2525277897431,-907.5447308972966,-inf,-inf,-inf,-906.0930253537915,-909.3179956197146,-908.0520816360213,-908.3842668457456,-inf,-906.9644496571847,-906.7939470577049,-908.2423526878832,-inf,-905.9550811011289,-906.4857960341468,-inf,-908.7110389018289,-inf,-inf,-906.8316788797543,-908.8521633568779,-909.3362856235442,-908.3734202554339,-inf,-906.3872889487709,-inf,-inf,-911.4186179601242,-inf,-911.8554104129901,-907.8245089626607,-907.9460790645356,-inf,-inf,-inf,-inf,-908.0054850559508,-inf,-inf,-inf,-911.3689010387438,-inf,-910.0748068401277,-911.3011763737301,-908.5708023098355,-909.7144794163722,-907.3474143907189
1,-909.0971436314259,-910.3110570761056,-909.260431100466,-906.5380528497121,-906.9063191920544,-908.4547269624145,-908.8984374838088,-905.903077189168,-906.3363831752122,-907.7966602736195,-909.9295586842001,-906.130539946318,-907.7519139294466,-905.6575486153708,-908.8711202814577,-906.9219796368832,-908.8093054287832,-908.0144157359591,-907.3669417616082,-907.2095399121273,-907.3722921930286,-908.136023037589,-907.011998107367,-909.8379613382465,-907.3942746257702,-907.9682981860818,-906.5509441564154,-909.3943917562652,-908.2874061849637,-907.8684535890749,-908.8330040363869,-907.7042720913952,-905.9542296948689,905.3783202794873,-906.0447501120581,-908.4674128746536,-907.8667403852211,-906.4001693489842,-906.3653104863547,-910.711568860495,-908.3947241561502,-906.9164667756597,-909.4489872672928,-906.4842253658104,-907.1398329755764,-907.3518258911679,-910.1192391237242,-906.9231408641161,-906.7215241758338,-906.4548687066505,-907.8348971582724,-909.6374053648196,-908.1451313203916,-908.632723670002,-907.1425070177307,-906.9502433948257,-907.412335696047,-909.417381937846,-910.3661487873354,-907.9944873740936,-907.5086567264291,-907.1350561284407,-907.4801928078209,-907.3481372340163,-910.5672417965644,-907.5875184497214,-909.8091058360676,-908.3854053687551,-910.1820593608844,-907.3899504349583,-909.6420818728351,-906.0956215136189,-908.239323066141,-906.7535097443035,-906.5279941400228,-907.9451718754801,-907.3470171987444,-909.3410273925492,-909.152235359256,-906.9277847720739,-907.7042061503689,-910.84401653523,-906.8500453738393,-905.5446535946401,-908.3119278833311,-906.2227599484218,-907.1111290710606,-908.2842094334121,-907.7880548023855,-911.1318619735594,-908.7302216995874,-907.2044541251838,-909.2551673232397,-908.8580208257455,-907.145119511077,-907.9993308112281,-906.9316333374586,-908.3713892564774,-909.8966535821504,-907.9432319263508,-907.1440339247649,-910.1224224398524,-906.1618939839589,-908.3906604914088,-907.3453472441748,-907.392511220194,-907.8599605276567,-909.2790719194662,-909.0887558245664,-909.2066078372083,-907.9721999831906,-906.0567621031457,905.1448534366525,-908.7707387549099,-908.2608670080227,-908.894118544224,-907.5548572112864,-907.2021481108151,-909.1685212430357,-906.8912289371117,-909.876693066194,-907.1392955762525,-909.5833194369628,-910.2361301967074,-907.718236615298,-909.385739655545,-908.4513998877095,-907.7034412927183,-907.9588307062953,-908.0035595720843,-907.4533860850615,-905.877780545074,-908.6653268484763,-908.7149839234543,-909.2199246549113,-907.3925773854205,-905.7300218610059,-907.6314357840165,-908.9129193179459,-907.4692485654542,-910.6262947047978,-908.2585881548114,-907.0002519324079,-907.1451039836787,-909.4431330620453,-908.8380391968167,-908.9299822479928,-906.8783894695572,-907.0735466251273,-907.9358824054593,-910.3752216789162,-907.1426714732778,-909.0989766450401,-907.4927030848983,-905.9386045889065,-907.9250400812183,-907.8759171634587,-906.7564526063277,-907.9501330854418,-907.9794546551423,-909.7275129442465,-907.1335483986508,-910.3827497606345,-908.9237797956961,-907.283263560641,-907.9324987975932,-908.3802430007842,-905.6708934034674,-907.4923294070711,-907.059915982969,-905.5748585065573,-909.6627745932194,-910.1852811871229,-910.0010052142916,-907.7432270723486,-906.8512314677846,-909.3099391302525,-908.1094684456373,-908.0644880474131,-908.5744152599364,-908.7088682161316,-909.2584071616161,-907.7605878429429,-908.0384797205013,-908.0407726423033,-910.4350832535602,-907.3139313187861,-908.3597933668908,-908.7594815704002,-909.5224490835963,-907.8542246219633,-909.3882665655682,-909.657677484639,-909.8675851030061,-908.580488835503,-908.0896929827601,-909.7669465946985,-908.5905932835908,-909.0848812419667,-907.4962844268075,-908.5313388981554,-909.1162468459238,-907.0022619762359,-909.1038110553816
1,-907.1451039836787,-908.5805767065586,-910.2997065500053,-908.9299822479928,-907.4446763359884,-907.9588307062953,-906.4103903152211,-906.6865712599503,-905.9295582881145,-907.624944611284,-906.8829549712242,-907.9941771614479,-905.8932965040503,-907.5619907825717,-908.8195437511916,-908.8527686962233,-906.659174467222,-907.7002616327851,-907.6941192625131,-910.5807665711869,-905.234063074784,-908.1094684456373,-907.3925773854205,-907.9358824054593,-910.9072128678085,-907.3315850854061,-908.7088682161316,-908.1784213874623,-906.7662010305144,-906.0957738605714,-908.3597933668908,-907.3139313187861,-907.0022619762359,-909.1038110553816,-909.7710970489313,-907.5280327257311,-906.5135182013086,-906.4937089129486,-906.9129035275673,-909.4278704198798,-909.111157035537,-908.7973523784862,-907.718236615298,-905.7300218610059,-906.8786126814357,-907.6314357840165,-908.9129193179459,-907.8542246219633,-907.4692485654542,-907.2906474571524,-907.7799445588154,-907.4694469081826,-909.4963940652648,-909.5353446729794,-906.4140943991292,-908.9413347082944,-908.0907588483466,-907.1022614409973,-907.8070855067376,-908.886136424193,-906.4879022714448,-906.857678253747,-905.4885311351662,-906.1393742765794,-906.9901759652274,-905.4897761337368,-906.5994702195343,-906.483045566955,-905.1751426337464,-907.2678640434503,-908.3353066350888,-908.3260162606394,-907.6051006271837,-908.0596065740905,-906.6869611751029,-907.2368022611425,-905.6515526308241,-908.7099536866873,-907.4055203267902,-908.5286617313934,-907.98152041313,-906.3559050031998,-907.7369852409905,-906.8912289371117,-905.6708934034674,-907.1426714732778,-908.1581609881122,-907.283263560641,-907.4927030848983,-907.4923294070711,-908.894118544224,-907.9324987975932,-906.9639567539216,-909.6219755196394,-909.5833194369628,-906.0782978372057,-905.6350693371055,-906.9203756881317
0,-inf,-908.2293814521403,-909.4428154146483,-inf,-911.0018532890841,-inf,-907.102464460696,-inf,-inf,-913.8622369730513,-inf,-inf,-909.7504082591611,-911.630260241862,-inf,-906.0685624648695,-909.0814862356026,-inf,-909.0236731731843,-906.4049019484313,-inf,-908.3921548534352,-907.8984643575857,-905.6769003102572,-906.4220715675831,-906.5918364193608,-908.0801712078536,-inf,-906.1684628144652,-inf,-907.7961655995105,-inf,-913.4466031697242,-911.6374536490947,-909.0340712675873,-905.3783202794873,-909.6402525227161,-inf,-905.2817116423083,-907.782943055027,-906.9261738112315,-905.252403885289,-915.6002797973408,-911.753287677111,-inf,-inf,-inf,-inf,-905.4176171899558,-908.8413343832971,-inf,-905.7226290320224,-inf,-inf,-906.6185003945203,-907.9900795642793,-910.7245149707372,-906.0200095566074,905.1380022348206,-907.6647571623826,-inf,-inf,-inf,-905.9132502106172,-907.1164710954067,-inf,-inf,-inf,-inf,-908.4478989690926,-907.2822277492462,-905.716736656138,-inf,-907.4185899615163,-907.5732512634489,-inf,-906.3020662037455,-910.8958826344068,-inf,-907.9557144763762,-inf,-inf,-907.8312914081582,-inf,-inf,-inf
0,-906.3020662037455,-inf,-inf,-inf,-917.2107651207303,-910.8958826344068,-inf,-inf,-907.6625098504622,-907.1164710954067,-inf,-inf,-inf,-inf,-inf,-905.9132502106172,-911.7276772394481,-906.5213623829245,-906.2144171506548,-908.3293986576059,-906.3674700419064,-908.0484606500036,-inf,-inf,-907.8233578407559,-906.3439988972555,-908.9999786001463,-inf,-905.6507903141849,-909.0318988080676,-inf,-inf,-inf,-907.9557144763762,-908.9037328513679,-907.7883498827362,-911.5087829610189,-inf,-905.4711318435304,-905.2209188558564,-906.915635118913,-909.5264152556198,-905.1882998605031,-915.5334683356683,-inf,-inf,-906.0437855050948,-inf,-inf,-911.5882999933152,-inf,-inf,-inf,-inf,-905.3995286626794,-908.7189818213158,-inf,-905.6859451194335,-908.1068086243504,-910.7804823336445,-906.6167896362214,-906.6525841538208,-907.6647571623826,-inf,-inf,-908.4478989690926,-913.8115984188621,-inf,-905.716736656138,-907.2822277492462,-907.4185899615163,-907.5732512634489,-inf,-inf,-909.7144119516623,-910.6272336583986,-inf,-inf,-907.8312914081582,-inf,-inf
1,-907.0430549491256,-907.3757984884769,-907.4022406768112,-906.9278306258612,-910.9456342591409,-909.1286594895323,-907.8591352335944,-909.5923228003246,-907.6167307306044,-906.8644120494199,-907.0272507942117,-908.3009710559026,-906.14138230312,-908.9376250735456,-905.649054373822,-908.6319673062097,-908.3364011024863,-906.5111278029249,-906.3885686743206,-907.9065154133588,-909.4684563412034,-905.5115230606323,-906.1692132589022,-906.1885823323269,-905.7555924159522,-906.9819349289185,-910.1080261965778,-905.9387253525466,-908.2419241470884,-908.2087685735354,-909.8399133594913,-906.4893613915937,-908.0565594079569,-906.6203456228145,-907.7671098173921,-907.2743257733609,-907.6403685124714,-906.9598570340765,-907.6726817624599,-905.2435039412424,-907.7819051277796,-908.9447961427957,-905.4934518937223,-907.2325642760919,-907.3389832679907,-907.2481399307968,-905.8924876473725,-907.0276706438841,-907.9253880357917,-908.4446149745779,-907.9978226646681,-909.4739597054449,-907.7443632817889,-910.3781475320297,-909.6915631418635,-907.7677030567396,-906.7992565389623,-907.1571779840642,-910.3050277885748,-905.9756353512929,-908.5732599647952,-907.3921166996805,-909.3081436063322,-907.2281521723345,-908.8041237424478,-908.4199086652565,-908.7431245344851,-907.1264968271706,-905.1457975907804,-906.5752955731401,-906.7018679586979,-910.6227543331396,-907.7038332227233,-907.8883329786325,-908.0955750219334,-907.75429051532,-907.9999870789197,-909.1374368236226,-907.0051016379755,-907.3970251659839,-907.9316289991265,-909.4563414532274,-907.8588811343623,-909.3416366452726,-909.2737888548617,-909.0328645797495,-906.1550675923471,-907.1564792370381,-906.728398103609,-909.4014547939671,-908.8846666842655,-906.7474927825655,-908.2621408006032,-905.6759542364624,-905.1448534366525,-907.600510783238,-906.9596168477836,-906.4080229122318,-909.3369284779535
2,-910.9491628300492,-909.642626511119,-908.2173342226647,-911.2912440827575,-909.7502917721903,-910.1933576976239,-907.5347449611055,-910.0383952114703,-911.4238293073673,-910.9674017475285,-908.5528590046749,-909.8753443675183,-910.7714063547987,-910.7909583397596,-910.9488294814873,-911.0873576394065,-910.087558450785,-909.4206724971525,-907.8721257154239,-908.4071927785739,-909.1996842992326,-911.1804885974043,-907.8271990239094,-907.7453908716107,-909.4938537993143,-910.4623403748807,-909.5961273196034,-910.9229765662708,-909.3653425220646,-910.2575597427417,-910.287265076002,-910.473989216553,-910.7971311105973,-910.2402048902704,-909.8368291852173,-910.5141370410016,-907.7756918765676,-910.7329939404269,-910.0223507481744,-909.680261790533,-909.4872454226268,-909.418037689984,-909.9037481420698,904.6690976732422,-909.145303016004,-910.5207867026487,-907.9941525631,-910.6718611066462,-908.9482272262047,-909.9373726383021,-906.6428172212184,-909.237600639535,-909.9016506653655,-909.5939954294267,-908.4804175469574,-909.6699400002815,-911.1201424402605,-909.9987437128657,-909.2774073778857,-910.2329207656537,-909.5719663237635,-910.3288370350841,-910.614121140517,-910.5449390618865,-909.8225955828185,-909.4536587236463,-909.9882000603959,-909.3830141494971,-909.5202766264714,-909.8029756855262,-908.7546864930412,-910.4285756548666,-907.9563064849314,-910.3032479563984,-909.546084106664,-910.554623623905,-910.1744768806777,-907.966690308028,-910.507200922698,-907.5892901176605,-910.0614654931003,-910.7050018874373,-910.2134233132502,-910.4535827201261,-910.8392780785539,-910.7386539262611,-911.2987944937954,-910.0243655549767,-910.0929323457786
2,-910.6718611066462,-909.9633099190647,-909.0314215632387,-910.0243655549767,-908.9953336695103,-909.3578493478915,-910.3288370350841,-909.9648990897703,-909.5939954294267,-908.7998004785461,-910.2134233132502,-909.5923536018298,-909.2430154320994,-908.9482272262047,-907.9941525631,-909.9373726383021,-906.6428172212184,-909.9016506653655,-909.237600639535,-909.9427360878418,-909.9987437128657,-910.4241637462436,-911.1201424402605,-907.0118924165095,-910.3276726146545,-910.4740870057959,-907.2828077566038,-907.9101814602456,-908.734717153236,-910.6658488593647,-907.3593912748843,-908.0692641441046,-910.3032479563984,-910.2672788048791,-909.5705557042794,-909.7806802889156,-907.3405844329552,-909.9417565922673,-909.6143837983066,-909.4906170511151,-909.3675527068677,-910.832798483615,-909.0640544483737,-907.0062197166791,-909.2570802345618,-907.6941112561608,-909.6974808011839,-909.168116574539,-910.5449390618865,-909.2774073778857,-910.2999857369947,-910.8163936203483,-909.5719663237635,-910.595769437767,-910.2329207656537,-909.3830141494971,-909.5988739393109,-910.4760342259393,-910.614121140517,-907.966690308028,-910.507200922698,-907.5892901176605,-909.145303016004,-910.5207867026487,-910.554623623905,-908.8804868876366,-909.546084106664,-909.8225955828185,-909.6699400002815,-909.5202766264714,-909.8029756855262,-908.7546864930412,-907.9563064849314,-910.4285756548666,-910.0614654931003,-910.7050018874373,-909.4257876925344,-908.4804175469574,-910.1744768806777,-910.4535827201261,-909.4536587236463,-909.9882000603959
0,-inf,-inf,-inf,-904.9045983568798,-904.9547023867148,-906.4769090548831,-915.0213426621789,-inf,-905.1758322100353,-905.7444005082261,-inf,-908.769349530078,-909.1437460727294,-inf,-inf,-inf,-905.062964255455,-inf,-908.1703975628469,-inf,-911.3518627889072,-inf,-905.26688613161,-inf,-910.0387595740207,-inf,-inf,-914.4648365886641,-905.4766340265082,-inf,-906.7061072019945,-inf,-inf,-inf,-inf,-907.7294645730155,-906.1937531474842,-inf,-inf,-907.2123668685083,-906.2400991325985,-908.0115369270623,-inf,-906.8612320499375,-913.2994240293584,-908.8715131765409,-905.4629402109375,-907.3034563716549,-908.2895300713982,-906.1099210923462,-905.6813600571058,-907.1419459338296,-inf,-905.777546828309,-907.9273949329478,-905.1904352049999,-inf,-905.9981939519618,-907.7183392365226,-inf,-inf,-907.3473660457736,-906.9391932247627,-911.0891265897994,-inf,-907.0178243569597,-907.1120579524328,-inf,-inf,-inf,-911.0804270857099,-inf,-909.5731272764207,-906.5079557991952,-910.5234297481513,-905.1380022348206,-910.4105639692675,-inf,-905.9298455738683,-916.9022595496698,-908.8612903285936,-908.3618743222034,-906.6389253148079
1,-906.1603114256336,-907.0186329343948,-907.3709707721376,-906.6943951839578,-908.3439426241606,-905.0800596307807,-904.9170892748199,-908.4159311653675,-907.7925402272161,-907.5226501584032,-909.8560966421024,-904.7015245243093,-907.590638349319,-905.9639322526505,-907.1414413022466,-906.6839298903822,-905.0895040898223,-908.098111027476,-907.798277046876,-906.2196890203311,-907.0538745307919,-907.9387855389182,-905.0362298648207,-906.4923809716082,-905.3947351777798,-906.5197043758003,-906.7228184640427,-906.6107218505188,-906.7329433897229,-906.0277672405791,-907.4349209944809,-906.2262451518064,-906.2766386107361,-907.0716119394008,-907.2195397233107,-906.9671554152769,-905.5257910061068,-906.9016752269583,-905.8278294032856,-907.7869603449554,-906.4297923050708,-907.3268505301398,-907.5463593587237,-907.9411963707133,-907.3611131716598,-906.0770698966893,-906.3759038897405,-906.7251129814694,-907.3892017170352,-905.8388261233922,-908.3921100820444,-905.1676898260886,904.5170056083236,-906.3028444261116,-908.7807469084397,-906.8965557923948,-908.9096864176225,-908.845333856658,-906.5803171308572,-908.3299987656021,-908.8933182355572,-907.0646395867839,-906.6225549040174,-906.8626496099904,-906.0272748149943,-908.7517565921753,-907.3839913626449,-908.8378135151626,-906.8729175336151,-908.7306067968287,-908.2068792259588,-907.4952749455963,-908.2666718316866,-907.4424563094442,-907.1038810504613,-906.4629129095167,-906.5613938248019,-905.0477764009322,-906.0579535818068,-907.5476294247019,-907.2223474392132,-908.7610545516243,-906.8252872973018,-907.3064104714933,-908.2605392006301,-907.2106396380359,-905.457948094682,-905.4555462517026,-909.1697864880455,-906.4105775077749,-905.3901718690933,-904.9853092940745,-909.4339829558678,-909.671304943224,-906.4875607087185,-905.8887957309842,-909.2541785519008,-905.2015787562345,-907.1077451877222,-905.5896010142801,-906.4355069487118,-907.4930097313247,-907.3510957994272,-907.0674180631329,-907.0026358335892,-909.115022994381,-908.3598586506553,-909.1386732233648,-906.2786476164171,-906.8023284782707,-906.2254318960795,-908.2651599558707,-908.8300369725089,-907.3261921419161,-905.9117435829611,-906.7957269575141,-909.8874093840567,-905.0352551049492,-909.0618088219362,-908.3143652877641,-908.1896502759954,-909.0399701626336,-909.6459988578777,-907.3846277314577,-909.3305237895827,-907.0320243993134,-907.3048054552114,-907.6028917108861,-908.7088590623101,-907.6187930221239,-905.2547379648707,-907.8730495422437,-906.529129334378,-908.4220533709969,-907.4486226592355,-908.0093067074426,-907.1599655076632,-906.9063480541392,-905.0317589607454,-907.3965054870197,-906.8641184803241,-908.3048444829021,-907.5741179984708,-908.0247806201526,-909.9352149453714,-908.0021512589908,-907.3142252517988,-907.7986074181857
1,-907.6187930221239,-908.7986236590173,-909.7821745196903,-907.0501920982907,-908.7807469084397,-906.0613731358982,-905.7865045974816,904.4765657361678,-907.3407174511502,-905.1107786039851,-907.56736634003,-905.1525930007742,-907.2578126542809,-906.6545885894406,-906.2441024973969,-906.3192213507521,-907.1368787013375,-904.929859274153,-906.6480945402066,-906.7795536433913,-906.1285832833925,-906.467796352971,-905.0307348741396,-907.4097650268359,-905.8726370565278,-908.2218456330628,-905.4990161122292,-908.2339751044888,-905.5132348203567,-907.9627025947216,-906.6437430207101,-906.8031904184701,-906.0605652919339,-906.4843456092093,-905.1215532221098,-907.2697217115149,-906.0944267645597,-908.4482671870716,-906.3807609013942,-906.4833594213634,-908.774781329112,-908.7821577379539,-905.4013760729943,-905.3330146441953,-904.9052157681991,-909.5778924456317,-905.1898897039109,-905.4805354539321,-906.9965232513791,-907.0207294997385,-907.3839118639161,-906.1922463894082,-908.9823327982522,-906.4263789390161,-909.3612211765012,-907.017473805086,-907.0892354931527,-905.3074829053489,-908.2066075972375,-906.5121136314182,-906.0718302833577,-906.8990775004505,-908.1535383640379,-908.0693650208284,-909.0650786752828,-906.3677914764564,-905.8063002228159,-906.4601214126546,-909.1427720037652,-908.647124030962,-907.0997693579407,-904.9806215942461,-907.8759504810492,-907.2515037281948,-907.8458689985171,-908.6623541714187,-906.4794928084916,-906.3261636095069,-909.5873558881644,-908.1053231274851,-907.0025529050417,-908.6985635890726,-906.8608940364638,-905.8385250874613,-909.7969879764812,-908.7468771887682,-905.4706969545231,-908.3398984913869,-907.8633044141927,-908.2111507398433,-906.8191360055645,-907.1411549745361,-906.580459857206,-907.2548193847057,-907.9053367275935,-905.0156418729888,-907.2482508122459,-906.0387643598382,-905.9541784382826,-905.035220587468,-907.5542842787945,-907.1391953037677,-907.3724526261839,-908.9707147086089,-908.0475713771589,-909.0199346920325
1,-909.4457111722866,-908.3482958738059,-909.1427720037652,-910.1351197114132,-909.191870873965,-908.8187419549918,-908.9823327982522,-909.1343155832642,-908.2706053699737,-906.1285832833925,-905.5132348203567,-904.929859274153,-907.8633044141927,-908.0475713771589,-905.4990161122292,-908.2111507398433,-905.0307348741396,-907.4097650268359,-908.1535383640379,-906.467796352971,-905.5678106342901,-907.1391953037677,-907.1368787013375,-909.0605442846553,-906.6545885894406,-906.3192213507521,-908.7745596380606,-906.6437430207101,-905.8726370565278,-907.9045893692188,-906.9394277045783,-905.1107786039851,-906.8191360055645,-907.1137713412745,-906.1494659163992,-907.0592301520724,-905.1525930007742,-906.3008858231699,-907.2697217115149,-906.4833594213634,-907.3407174511502,-907.2578126542809,-906.2441024973969,-906.5733810614596,-908.3255867129999,-907.1567399100811,-906.580459857206,-905.4013760729943,-908.2339751044888,-906.6480945402066,-905.3330146441953,-906.8031904184701,-904.9052157681991,-909.5778924456317,-906.0605652919339,-906.3261636095069,-905.1215532221098,-906.4843456092093,-908.774781329112,-906.4794928084916,-908.647124030962,-906.2157964398798,-905.9572191704881,-905.9660417315904,-907.124003976347,-908.3398984913869,-907.9365119244414,-906.2208642551656,-908.6671431759919,-908.7821577379539,-905.3074829053489,-906.1922463894082,-906.4263789390161,-909.0650786752828,-909.3612211765012,-908.7660192580504,-906.7243783608697,-908.2218456330628,-905.8063002228159,-909.5873558881644,-908.4717523546334,-908.7468771887682,-908.4844122486667,-906.5121136314182,-908.6985635890726,-905.1898897039109,-907.0225326438456,-907.3839118639161,-907.0207294997385,-905.8385250874613,-908.2066075972375,-906.0718302833577,-907.1411549745361,-907.6689650817319,-907.2515037281948,-906.9965232513791,-905.4805354539321,-906.8608940364638
0,-inf,-914.2407069629576,-inf,-904.9044534128872,-909.0712068304287,-inf,-inf,-904.7742573755891,-907.3281630349371,-904.8770277390029,-906.3301147183508,-914.9570620418622,-inf,-inf,-911.2787635840045,-904.9517406681351,-inf,-inf,-905.2184416721107,-908.1918227484938,-inf,-909.7685323633128,-inf,-inf,-906.0811501732809,-inf,-906.8657756649256,-inf,-904.7015245243093,-913.0094373578055,-907.4204182574189,-905.4096372799028,-908.1188927297827,-inf,-inf,-905.3891527038135,-inf,-906.2823162466594,-inf,-904.5170056083236,-906.2111337488938,-908.8745395004443,-inf,-inf,-906.4024423932494,-907.513399850109,-907.9765721863598,-911.134759209373,-904.8451041995771,-905.9485835363311,-905.8987193415993,-inf,-907.0179059313737,-905.7328282325142,-905.5919590083637,-inf,-inf,-inf,-908.284234076964,-913.1895231858699,-inf,-inf,-907.4896969361598,-inf,-905.3240299357009,-907.3367063669591,-906.8427270811989,-907.2766613828946,-906.9813113548726,-inf,-inf,-inf,-inf,-inf,-905.1751426337464,-909.4579347407667,-910.728829096206,-905.8362964280394,-908.6913340560324,-inf,-inf,-905.5875899797535
2,-909.6448096610092,-909.5734452718281,-909.0136664640289,-910.5680887770915,-909.2814153939316,-910.2942007551653,-909.3506101064414,-909.7616651671888,-908.77219017559,-909.750062827937,-910.1907928995752,-907.8367114462527,-910.060026403392,-908.7607038076135,-909.3182022569208,-909.0365855227271,-907.3215546253416,-908.9660642266833,-906.7106007900679,-906.6059286608888,-909.3181928640973,-910.065853217955,-909.460728091638,-910.2114298921057,-906.9487318116802,-909.6071734842936,-909.3210772092009,-908.9957352347907,-909.5444977105628,-907.6142170328346,-907.0493754483837,-907.061166930512,-908.5092637779985,-910.4323597238939,-909.7616041187053,-908.7965913856227,-908.9858632811791,-908.7846695635583,-908.5761131376547,-909.3153919349028,-909.9914961992832,-910.1403460533228,-909.3960400693466,-908.8430468245484,-909.8501077761969,-909.0926191608747,-910.3542353214644,-910.0071966954489,-910.0200747258777,-909.2721690929266,-909.249725477321,-909.2508452870107,-908.4924474565602,-907.5889836487984,-910.1787363926517,-907.2545761079978,-910.281407040189,-908.8690604393123,-910.2963447146536,-909.6530421633364,-910.8175421296196,-909.6731581842015,-910.0391787285362,-908.3753406779456,-907.5940627029688,-910.068097603953,-909.9716166985563,-910.4801948781828,-910.2357463507184,-910.3491675587247,-909.1483771185668,-909.6764599034188,-910.5928220711822,-909.7753627839904,-910.4990145731415,-908.1577987373951,-909.1420474203778,-911.0528471664312,-908.9406801399322
