method,simnum,listnum,hit,miss,fa,cr,cost
rw,0,1,60,333,40,12287,373.0
goni,0,1,4,389,2,12325,391.0
chan,0,1,48,345,35,12292,380.0
kenett,0,1,12,381,201,12126,582.0
fe,0,1,3,390,0,12327,390.0
rw,0,2,114,279,71,12256,350.0
goni,0,2,25,368,6,12321,374.0
chan,0,2,77,316,54,12273,370.0
kenett,0,2,18,375,291,12036,666.0
fe,0,2,6,387,0,12327,387.0
rw,0,3,157,236,105,12222,341.0
goni,0,3,38,355,14,12313,369.0
chan,0,3,94,299,66,12261,365.0
kenett,0,3,20,373,352,11975,725.0
fe,0,3,9,384,0,12327,384.0
rw,0,4,200,193,140,12187,333.0
goni,0,4,62,331,25,12302,356.0
chan,0,4,100,293,77,12250,370.0
kenett,0,4,16,377,383,11944,760.0
fe,0,4,12,381,0,12327,381.0
rw,0,5,226,167,166,12161,333.0
goni,0,5,99,294,27,12300,321.0
chan,0,5,107,286,84,12243,370.0
kenett,0,5,17,376,400,11927,776.0
fe,0,5,14,379,1,12326,380.0
rw,0,6,253,140,193,12134,333.0
goni,0,6,121,272,36,12291,308.0
chan,0,6,119,274,87,12240,361.0
kenett,0,6,19,374,419,11908,793.0
fe,0,6,17,376,1,12326,377.0
rw,0,7,279,114,221,12106,335.0
goni,0,7,156,237,49,12278,286.0
chan,0,7,126,267,82,12245,349.0
kenett,0,7,19,374,443,11884,817.0
fe,0,7,20,373,1,12326,374.0
rw,0,8,293,100,255,12072,355.0
goni,0,8,177,216,57,12270,273.0
chan,0,8,128,265,76,12251,341.0
kenett,0,8,28,365,443,11884,808.0
fe,0,8,23,370,1,12326,371.0
rw,0,9,310,83,299,12028,382.0
goni,0,9,197,196,63,12264,259.0
chan,0,9,121,272,86,12241,358.0
kenett,0,9,25,368,446,11881,814.0
fe,0,9,24,369,3,12324,372.0
rw,0,10,326,67,336,11991,403.0
goni,0,10,210,183,74,12253,257.0
chan,0,10,120,273,68,12259,341.0
kenett,0,10,152,241,322,12005,563.0
fe,0,10,27,366,3,12324,369.0
rw,0,11,336,57,369,11958,426.0
goni,0,11,229,164,81,12246,245.0
chan,0,11,119,274,62,12265,336.0
kenett,0,11,160,233,314,12013,547.0
fe,0,11,30,363,3,12324,366.0
rw,0,12,346,47,397,11930,444.0
goni,0,12,246,147,95,12232,242.0
chan,0,12,118,275,64,12263,339.0
kenett,0,12,173,220,301,12026,521.0
fe,0,12,33,360,3,12324,363.0
rw,0,13,352,41,437,11890,478.0
goni,0,13,256,137,109,12218,246.0
chan,0,13,123,270,57,12270,327.0
kenett,0,13,181,212,293,12034,505.0
fe,0,13,35,358,3,12324,361.0
rw,0,14,361,32,467,11860,499.0
goni,0,14,271,122,111,12216,233.0
chan,0,14,126,267,60,12267,327.0
kenett,0,14,192,201,282,12045,483.0
fe,0,14,38,355,3,12324,358.0
rw,0,15,365,28,496,11831,524.0
goni,0,15,279,114,109,12218,223.0
chan,0,15,130,263,60,12267,323.0
kenett,0,15,196,197,278,12049,475.0
fe,0,15,41,352,3,12324,355.0
rw,0,16,370,23,536,11791,559.0
goni,0,16,293,100,120,12207,220.0
chan,0,16,128,265,48,12279,313.0
kenett,0,16,207,186,267,12060,453.0
fe,0,16,44,349,3,12324,352.0
rw,0,17,374,19,566,11761,585.0
goni,0,17,300,93,127,12200,220.0
chan,0,17,128,265,47,12280,312.0
kenett,0,17,205,188,269,12058,457.0
fe,0,17,47,346,3,12324,349.0
rw,0,18,374,19,591,11736,610.0
goni,0,18,305,88,123,12204,211.0
chan,0,18,133,260,41,12286,301.0
kenett,0,18,211,182,263,12064,445.0
fe,0,18,50,343,3,12324,346.0
rw,0,19,376,17,624,11703,641.0
goni,0,19,311,82,131,12196,213.0
chan,0,19,135,258,32,12295,290.0
kenett,0,19,229,164,245,12082,409.0
fe,0,19,51,342,4,12323,346.0
rw,0,20,378,15,649,11678,664.0
goni,0,20,312,81,136,12191,217.0
chan,0,20,139,254,34,12293,288.0
kenett,0,20,224,169,250,12077,419.0
fe,0,20,54,339,4,12323,343.0
rw,0,21,378,15,678,11649,693.0
goni,0,21,325,68,144,12183,212.0
chan,0,21,141,252,25,12302,277.0
kenett,0,21,223,170,251,12076,421.0
fe,0,21,56,337,4,12323,341.0
rw,0,22,380,13,706,11621,719.0
goni,0,22,328,65,143,12184,208.0
chan,0,22,141,252,23,12304,275.0
kenett,0,22,228,165,246,12081,411.0
fe,0,22,59,334,4,12323,338.0
rw,0,23,382,11,735,11592,746.0
goni,0,23,329,64,146,12181,210.0
chan,0,23,142,251,28,12299,279.0
kenett,0,23,232,161,242,12085,403.0
fe,0,23,62,331,4,12323,335.0
rw,0,24,382,11,765,11562,776.0
goni,0,24,334,59,160,12167,219.0
chan,0,24,143,250,28,12299,278.0
kenett,0,24,233,160,241,12086,401.0
fe,0,24,65,328,4,12323,332.0
rw,0,25,385,8,785,11542,793.0
goni,0,25,338,55,159,12168,214.0
chan,0,25,142,251,29,12298,280.0
kenett,0,25,233,160,241,12086,401.0
fe,0,25,68,325,4,12323,329.0
rw,0,26,385,8,808,11519,816.0
goni,0,26,340,53,179,12148,232.0
chan,0,26,143,250,21,12306,271.0
kenett,0,26,235,158,239,12088,397.0
fe,0,26,71,322,4,12323,326.0
rw,0,27,385,8,838,11489,846.0
goni,0,27,343,50,182,12145,232.0
chan,0,27,145,248,25,12302,273.0
kenett,0,27,243,150,231,12096,381.0
fe,0,27,73,320,4,12323,324.0
rw,0,28,387,6,869,11458,875.0
goni,0,28,344,49,191,12136,240.0
chan,0,28,145,248,23,12304,271.0
kenett,0,28,243,150,231,12096,381.0
fe,0,28,74,319,4,12323,323.0
rw,0,29,387,6,896,11431,902.0
goni,0,29,350,43,196,12131,239.0
chan,0,29,147,246,15,12312,261.0
kenett,0,29,245,148,229,12098,377.0
fe,0,29,77,316,4,12323,320.0
rw,0,30,388,5,927,11400,932.0
goni,0,30,352,41,205,12122,246.0
chan,0,30,148,245,16,12311,261.0
kenett,0,30,254,139,220,12107,359.0
fe,0,30,80,313,4,12323,317.0
rw,0,31,388,5,955,11372,960.0
goni,0,31,354,39,209,12118,248.0
chan,0,31,148,245,14,12313,259.0
kenett,0,31,262,131,212,12115,343.0
fe,0,31,81,312,5,12322,317.0
rw,0,32,388,5,984,11343,989.0
goni,0,32,356,37,214,12113,251.0
chan,0,32,147,246,13,12314,259.0
kenett,0,32,259,134,215,12112,349.0
fe,0,32,83,310,5,12322,315.0
rw,0,33,388,5,1014,11313,1019.0
goni,0,33,362,31,218,12109,249.0
chan,0,33,148,245,17,12310,262.0
kenett,0,33,258,135,216,12111,351.0
fe,0,33,85,308,5,12322,313.0
rw,0,34,388,5,1038,11289,1043.0
goni,0,34,361,32,219,12108,251.0
chan,0,34,150,243,16,12311,259.0
kenett,0,34,247,146,227,12100,373.0
fe,0,34,88,305,5,12322,310.0
rw,0,35,389,4,1065,11262,1069.0
goni,0,35,363,30,224,12103,254.0
chan,0,35,151,242,11,12316,253.0
kenett,0,35,255,138,219,12108,357.0
fe,0,35,90,303,5,12322,308.0
rw,0,36,390,3,1088,11239,1091.0
goni,0,36,366,27,229,12098,256.0
chan,0,36,148,245,18,12309,263.0
kenett,0,36,265,128,209,12118,337.0
fe,0,36,91,302,5,12322,307.0
rw,0,37,390,3,1117,11210,1120.0
goni,0,37,372,21,232,12095,253.0
chan,0,37,152,241,14,12313,255.0
kenett,0,37,259,134,215,12112,349.0
fe,0,37,93,300,5,12322,305.0
rw,0,38,390,3,1144,11183,1147.0
goni,0,38,372,21,236,12091,257.0
chan,0,38,151,242,10,12317,252.0
kenett,0,38,268,125,206,12121,331.0
fe,0,38,94,299,7,12320,306.0
rw,0,39,390,3,1169,11158,1172.0
goni,0,39,375,18,243,12084,261.0
chan,0,39,150,243,10,12317,253.0
kenett,0,39,264,129,210,12117,339.0
fe,0,39,96,297,8,12319,305.0
rw,0,40,390,3,1201,11126,1204.0
goni,0,40,376,17,248,12079,265.0
chan,0,40,151,242,8,12319,250.0
kenett,0,40,273,120,201,12126,321.0
fe,0,40,98,295,9,12318,304.0
rw,0,41,390,3,1231,11096,1234.0
goni,0,41,375,18,254,12073,272.0
chan,0,41,153,240,8,12319,248.0
kenett,0,41,265,128,209,12118,337.0
fe,0,41,100,293,9,12318,302.0
rw,0,42,390,3,1258,11069,1261.0
goni,0,42,377,16,260,12067,276.0
chan,0,42,151,242,9,12318,251.0
kenett,0,42,268,125,206,12121,331.0
fe,0,42,102,291,9,12318,300.0
rw,0,43,391,2,1278,11049,1280.0
goni,0,43,379,14,268,12059,282.0
chan,0,43,151,242,12,12315,254.0
kenett,0,43,269,124,205,12122,329.0
fe,0,43,103,290,9,12318,299.0
rw,0,44,391,2,1302,11025,1304.0
goni,0,44,380,13,270,12057,283.0
chan,0,44,152,241,7,12320,248.0
kenett,0,44,267,126,207,12120,333.0
fe,0,44,105,288,10,12317,298.0
rw,0,45,392,1,1323,11004,1324.0
goni,0,45,381,12,279,12048,291.0
chan,0,45,152,241,7,12320,248.0
kenett,0,45,265,128,209,12118,337.0
fe,0,45,107,286,11,12316,297.0
rw,0,46,392,1,1342,10985,1343.0
goni,0,46,381,12,287,12040,299.0
chan,0,46,153,240,6,12321,246.0
kenett,0,46,262,131,212,12115,343.0
fe,0,46,109,284,11,12316,295.0
rw,0,47,392,1,1367,10960,1368.0
goni,0,47,381,12,297,12030,309.0
chan,0,47,153,240,6,12321,246.0
kenett,0,47,270,123,204,12123,327.0
fe,0,47,111,282,11,12316,293.0
rw,0,48,392,1,1397,10930,1398.0
goni,0,48,383,10,299,12028,309.0
chan,0,48,153,240,6,12321,246.0
kenett,0,48,281,112,193,12134,305.0
fe,0,48,114,279,11,12316,290.0
rw,0,49,392,1,1418,10909,1419.0
goni,0,49,382,11,305,12022,316.0
chan,0,49,152,241,7,12320,248.0
kenett,0,49,283,110,191,12136,301.0
fe,0,49,117,276,11,12316,287.0
rw,0,50,392,1,1440,10887,1441.0
goni,0,50,382,11,305,12022,316.0
chan,0,50,152,241,7,12320,248.0
kenett,0,50,289,104,185,12142,289.0
fe,0,50,120,273,11,12316,284.0
rw,1,1,60,333,37,12290,370.0
goni,1,1,6,387,0,12327,387.0
chan,1,1,52,341,33,12294,374.0
kenett,1,1,12,381,198,12129,579.0
fe,1,1,3,390,0,12327,390.0
rw,1,2,110,283,74,12253,357.0
goni,1,2,25,368,8,12319,376.0
chan,1,2,84,309,66,12261,375.0
kenett,1,2,20,373,325,12002,698.0
fe,1,2,5,388,1,12326,389.0
rw,1,3,156,237,111,12216,348.0
goni,1,3,53,340,13,12314,353.0
chan,1,3,107,286,74,12253,360.0
kenett,1,3,26,367,367,11960,734.0
fe,1,3,8,385,1,12326,386.0
rw,1,4,190,203,145,12182,348.0
goni,1,4,80,313,22,12305,335.0
chan,1,4,114,279,91,12236,370.0
kenett,1,4,23,370,400,11927,770.0
fe,1,4,11,382,1,12326,383.0
rw,1,5,219,174,181,12146,355.0
goni,1,5,100,293,29,12298,322.0
chan,1,5,113,280,98,12229,378.0
kenett,1,5,21,372,426,11901,798.0
fe,1,5,14,379,1,12326,380.0
rw,1,6,248,145,221,12106,366.0
goni,1,6,127,266,36,12291,302.0
chan,1,6,116,277,105,12222,382.0
kenett,1,6,23,370,436,11891,806.0
fe,1,6,16,377,1,12326,378.0
rw,1,7,270,123,251,12076,374.0
goni,1,7,158,235,49,12278,284.0
chan,1,7,121,272,103,12224,375.0
kenett,1,7,15,378,450,11877,828.0
fe,1,7,19,374,1,12326,375.0
rw,1,8,294,99,278,12049,377.0
goni,1,8,180,213,56,12271,269.0
chan,1,8,129,264,66,12261,330.0
kenett,1,8,39,354,432,11895,786.0
fe,1,8,21,372,2,12325,374.0
rw,1,9,320,73,306,12021,379.0
goni,1,9,202,191,66,12261,257.0
chan,1,9,129,264,60,12267,324.0
kenett,1,9,46,347,425,11902,772.0
fe,1,9,24,369,2,12325,371.0
rw,1,10,328,65,336,11991,401.0
goni,1,10,217,176,73,12254,249.0
chan,1,10,126,267,62,12265,329.0
kenett,1,10,43,350,428,11899,778.0
fe,1,10,27,366,2,12325,368.0
rw,1,11,337,56,366,11961,422.0
goni,1,11,226,167,78,12249,245.0
chan,1,11,128,265,61,12266,326.0
kenett,1,11,36,357,435,11892,792.0
fe,1,11,30,363,2,12325,365.0
rw,1,12,349,44,400,11927,444.0
goni,1,12,244,149,98,12229,247.0
chan,1,12,130,263,59,12268,322.0
kenett,1,12,166,227,308,12019,535.0
fe,1,12,33,360,2,12325,362.0
rw,1,13,355,38,423,11904,461.0
goni,1,13,267,126,99,12228,225.0
chan,1,13,133,260,56,12271,316.0
kenett,1,13,172,221,302,12025,523.0
fe,1,13,35,358,3,12324,361.0
rw,1,14,358,35,460,11867,495.0
goni,1,14,272,121,114,12213,235.0
chan,1,14,133,260,46,12281,306.0
kenett,1,14,166,227,308,12019,535.0
fe,1,14,36,357,3,12324,360.0
rw,1,15,363,30,493,11834,523.0
goni,1,15,280,113,121,12206,234.0
chan,1,15,136,257,45,12282,302.0
kenett,1,15,171,222,303,12024,525.0
fe,1,15,39,354,3,12324,357.0
rw,1,16,367,26,528,11799,554.0
goni,1,16,291,102,129,12198,231.0
chan,1,16,137,256,45,12282,301.0
kenett,1,16,181,212,293,12034,505.0
fe,1,16,41,352,4,12323,356.0
rw,1,17,370,23,564,11763,587.0
goni,1,17,297,96,127,12200,223.0
chan,1,17,136,257,40,12287,297.0
kenett,1,17,198,195,276,12051,471.0
fe,1,17,43,350,5,12322,355.0
rw,1,18,373,20,599,11728,619.0
goni,1,18,306,87,133,12194,220.0
chan,1,18,139,254,38,12289,292.0
kenett,1,18,197,196,277,12050,473.0
fe,1,18,45,348,5,12322,353.0
rw,1,19,376,17,624,11703,641.0
goni,1,19,313,80,138,12189,218.0
chan,1,19,142,251,37,12290,288.0
kenett,1,19,206,187,268,12059,455.0
fe,1,19,48,345,5,12322,350.0
rw,1,20,378,15,656,11671,671.0
goni,1,20,317,76,140,12187,216.0
chan,1,20,142,251,33,12294,284.0
kenett,1,20,206,187,268,12059,455.0
fe,1,20,51,342,5,12322,347.0
rw,1,21,379,14,683,11644,697.0
goni,1,21,320,73,157,12170,230.0
chan,1,21,143,250,29,12298,279.0
kenett,1,21,209,184,265,12062,449.0
fe,1,21,53,340,5,12322,345.0
rw,1,22,380,13,708,11619,721.0
goni,1,22,326,67,153,12174,220.0
chan,1,22,144,249,25,12302,274.0
kenett,1,22,205,188,269,12058,457.0
fe,1,22,56,337,5,12322,342.0
rw,1,23,382,11,737,11590,748.0
goni,1,23,331,62,155,12172,217.0
chan,1,23,146,247,19,12308,266.0
kenett,1,23,216,177,258,12069,435.0
fe,1,23,58,335,6,12321,341.0
rw,1,24,383,10,766,11561,776.0
goni,1,24,335,58,163,12164,221.0
chan,1,24,144,249,21,12306,270.0
kenett,1,24,225,168,249,12078,417.0
fe,1,24,60,333,6,12321,339.0
rw,1,25,384,9,794,11533,803.0
goni,1,25,342,51,172,12155,223.0
chan,1,25,146,247,16,12311,263.0
kenett,1,25,238,155,236,12091,391.0
fe,1,25,63,330,6,12321,336.0
rw,1,26,386,7,825,11502,832.0
goni,1,26,347,46,168,12159,214.0
chan,1,26,148,245,14,12313,259.0
kenett,1,26,229,164,245,12082,409.0
fe,1,26,63,330,7,12320,337.0
rw,1,27,386,7,844,11483,851.0
goni,1,27,351,42,177,12150,219.0
chan,1,27,150,243,12,12315,255.0
kenett,1,27,243,150,231,12096,381.0
fe,1,27,65,328,8,12319,336.0
rw,1,28,386,7,875,11452,882.0
goni,1,28,351,42,178,12149,220.0
chan,1,28,150,243,12,12315,255.0
kenett,1,28,240,153,234,12093,387.0
fe,1,28,67,326,9,12318,335.0
rw,1,29,386,7,902,11425,909.0
goni,1,29,352,41,187,12140,228.0
chan,1,29,150,243,13,12314,256.0
kenett,1,29,237,156,237,12090,393.0
fe,1,29,69,324,9,12318,333.0
rw,1,30,386,7,932,11395,939.0
goni,1,30,355,38,194,12133,232.0
chan,1,30,151,242,12,12315,254.0
kenett,1,30,244,149,230,12097,379.0
fe,1,30,70,323,11,12316,334.0
rw,1,31,387,6,965,11362,971.0
goni,1,31,359,34,211,12116,245.0
chan,1,31,150,243,12,12315,255.0
kenett,1,31,248,145,226,12101,371.0
fe,1,31,72,321,12,12315,333.0
rw,1,32,388,5,987,11340,992.0
goni,1,32,363,30,210,12117,240.0
chan,1,32,149,244,12,12315,256.0
kenett,1,32,242,151,232,12095,383.0
fe,1,32,75,318,12,12315,330.0
rw,1,33,389,4,1016,11311,1020.0
goni,1,33,365,28,211,12116,239.0
chan,1,33,149,244,13,12314,257.0
kenett,1,33,253,140,221,12106,361.0
fe,1,33,77,316,13,12314,329.0
rw,1,34,389,4,1046,11281,1050.0
goni,1,34,364,29,220,12107,249.0
chan,1,34,151,242,11,12316,253.0
kenett,1,34,248,145,226,12101,371.0
fe,1,34,79,314,13,12314,327.0
rw,1,35,390,3,1072,11255,1075.0
goni,1,35,367,26,226,12101,252.0
chan,1,35,151,242,10,12317,252.0
kenett,1,35,260,133,214,12113,347.0
fe,1,35,82,311,13,12314,324.0
rw,1,36,391,2,1097,11230,1099.0
goni,1,36,366,27,228,12099,255.0
chan,1,36,151,242,11,12316,253.0
kenett,1,36,261,132,213,12114,345.0
fe,1,36,84,309,14,12313,323.0
rw,1,37,392,1,1121,11206,1122.0
goni,1,37,367,26,239,12088,265.0
chan,1,37,152,241,8,12319,249.0
kenett,1,37,254,139,220,12107,359.0
fe,1,37,85,308,14,12313,322.0
rw,1,38,392,1,1146,11181,1147.0
goni,1,38,367,26,244,12083,270.0
chan,1,38,153,240,7,12320,247.0
kenett,1,38,256,137,218,12109,355.0
fe,1,38,86,307,14,12313,321.0
rw,1,39,393,0,1175,11152,1175.0
goni,1,39,368,25,241,12086,266.0
chan,1,39,152,241,8,12319,249.0
kenett,1,39,251,142,223,12104,365.0
fe,1,39,87,306,14,12313,320.0
rw,1,40,393,0,1200,11127,1200.0
goni,1,40,371,22,252,12075,274.0
chan,1,40,152,241,7,12320,248.0
kenett,1,40,254,139,220,12107,359.0
fe,1,40,89,304,15,12312,319.0
rw,1,41,393,0,1219,11108,1219.0
goni,1,41,374,19,251,12076,270.0
chan,1,41,153,240,6,12321,246.0
kenett,1,41,257,136,217,12110,353.0
fe,1,41,90,303,15,12312,318.0
rw,1,42,393,0,1248,11079,1248.0
goni,1,42,374,19,252,12075,271.0
chan,1,42,153,240,6,12321,246.0
kenett,1,42,266,127,208,12119,335.0
fe,1,42,91,302,16,12311,318.0
rw,1,43,393,0,1271,11056,1271.0
goni,1,43,376,17,256,12071,273.0
chan,1,43,153,240,6,12321,246.0
kenett,1,43,255,138,219,12108,357.0
fe,1,43,93,300,16,12311,316.0
rw,1,44,393,0,1290,11037,1290.0
goni,1,44,378,15,256,12071,271.0
chan,1,44,152,241,7,12320,248.0
kenett,1,44,272,121,202,12125,323.0
fe,1,44,96,297,16,12311,313.0
rw,1,45,393,0,1320,11007,1320.0
goni,1,45,377,16,262,12065,278.0
chan,1,45,152,241,7,12320,248.0
kenett,1,45,267,126,207,12120,333.0
fe,1,45,99,294,16,12311,310.0
rw,1,46,393,0,1346,10981,1346.0
goni,1,46,379,14,261,12066,275.0
chan,1,46,152,241,7,12320,248.0
kenett,1,46,272,121,202,12125,323.0
fe,1,46,101,292,17,12310,309.0
rw,1,47,393,0,1374,10953,1374.0
goni,1,47,378,15,259,12068,274.0
chan,1,47,152,241,7,12320,248.0
kenett,1,47,273,120,201,12126,321.0
fe,1,47,103,290,17,12310,307.0
rw,1,48,393,0,1397,10930,1397.0
goni,1,48,378,15,268,12059,283.0
chan,1,48,152,241,7,12320,248.0
kenett,1,48,280,113,194,12133,307.0
fe,1,48,105,288,17,12310,305.0
rw,1,49,393,0,1422,10905,1422.0
goni,1,49,379,14,272,12055,286.0
chan,1,49,154,239,5,12322,244.0
kenett,1,49,281,112,193,12134,305.0
fe,1,49,107,286,17,12310,303.0
rw,1,50,393,0,1449,10878,1449.0
goni,1,50,379,14,276,12051,290.0
chan,1,50,154,239,5,12322,244.0
kenett,1,50,278,115,196,12131,311.0
fe,1,50,109,284,17,12310,301.0
rw,2,1,61,332,34,12293,366.0
goni,2,1,11,382,1,12326,383.0
chan,2,1,55,338,32,12295,370.0
kenett,2,1,16,377,209,12118,586.0
fe,2,1,3,390,0,12327,390.0
rw,2,2,118,275,65,12262,340.0
goni,2,2,34,359,6,12321,365.0
chan,2,2,94,299,53,12274,352.0
kenett,2,2,17,376,322,12005,698.0
fe,2,2,5,388,1,12326,389.0
rw,2,3,170,223,88,12239,311.0
goni,2,3,62,331,12,12315,343.0
chan,2,3,117,276,62,12265,338.0
kenett,2,3,12,381,372,11955,753.0
fe,2,3,8,385,1,12326,386.0
rw,2,4,204,189,117,12210,306.0
goni,2,4,86,307,21,12306,328.0
chan,2,4,125,268,78,12249,346.0
kenett,2,4,18,375,393,11934,768.0
fe,2,4,11,382,1,12326,383.0
rw,2,5,236,157,153,12174,310.0
goni,2,5,117,276,28,12299,304.0
chan,2,5,136,257,96,12231,353.0
kenett,2,5,22,371,416,11911,787.0
fe,2,5,14,379,1,12326,380.0
rw,2,6,253,140,198,12129,338.0
goni,2,6,131,262,38,12289,300.0
chan,2,6,132,261,100,12227,361.0
kenett,2,6,19,374,431,11896,805.0
fe,2,6,17,376,1,12326,377.0
rw,2,7,275,118,239,12088,357.0
goni,2,7,152,241,47,12280,288.0
chan,2,7,133,260,82,12245,342.0
kenett,2,7,18,375,435,11892,810.0
fe,2,7,19,374,1,12326,375.0
rw,2,8,291,102,280,12047,382.0
goni,2,8,167,226,53,12274,279.0
chan,2,8,128,265,72,12255,337.0
kenett,2,8,24,369,438,11889,807.0
fe,2,8,22,371,1,12326,372.0
rw,2,9,302,91,309,12018,400.0
goni,2,9,189,204,61,12266,265.0
chan,2,9,126,267,65,12262,332.0
kenett,2,9,29,364,436,11891,800.0
fe,2,9,24,369,1,12326,370.0
rw,2,10,317,76,343,11984,419.0
goni,2,10,213,180,78,12249,258.0
chan,2,10,131,262,44,12283,306.0
kenett,2,10,25,368,440,11887,808.0
fe,2,10,26,367,2,12325,369.0
rw,2,11,331,62,370,11957,432.0
goni,2,11,219,174,87,12240,261.0
chan,2,11,134,259,41,12286,300.0
kenett,2,11,33,360,438,11889,798.0
fe,2,11,28,365,2,12325,367.0
rw,2,12,341,52,409,11918,461.0
goni,2,12,233,160,95,12232,255.0
chan,2,12,134,259,48,12279,307.0
kenett,2,12,179,214,295,12032,509.0
fe,2,12,31,362,2,12325,364.0
rw,2,13,345,48,449,11878,497.0
goni,2,13,248,145,110,12217,255.0
chan,2,13,134,259,42,12285,301.0
kenett,2,13,181,212,293,12034,505.0
fe,2,13,32,361,4,12323,365.0
rw,2,14,354,39,475,11852,514.0
goni,2,14,259,134,122,12205,256.0
chan,2,14,133,260,43,12284,303.0
kenett,2,14,184,209,290,12037,499.0
fe,2,14,34,359,5,12322,364.0
rw,2,15,358,35,515,11812,550.0
goni,2,15,269,124,127,12200,251.0
chan,2,15,141,252,38,12289,290.0
kenett,2,15,185,208,289,12038,497.0
fe,2,15,37,356,5,12322,361.0
rw,2,16,361,32,540,11787,572.0
goni,2,16,278,115,130,12197,245.0
chan,2,16,142,251,28,12299,279.0
kenett,2,16,185,208,289,12038,497.0
fe,2,16,40,353,5,12322,358.0
rw,2,17,363,30,568,11759,598.0
goni,2,17,283,110,136,12191,246.0
chan,2,17,140,253,29,12298,282.0
kenett,2,17,186,207,288,12039,495.0
fe,2,17,42,351,6,12321,357.0
rw,2,18,371,22,597,11730,619.0
goni,2,18,295,98,141,12186,239.0
chan,2,18,144,249,23,12304,272.0
kenett,2,18,201,192,273,12054,465.0
fe,2,18,45,348,6,12321,354.0
rw,2,19,377,16,627,11700,643.0
goni,2,19,300,93,149,12178,242.0
chan,2,19,146,247,20,12307,267.0
kenett,2,19,214,179,260,12067,439.0
fe,2,19,48,345,6,12321,351.0
rw,2,20,383,10,644,11683,654.0
goni,2,20,310,83,148,12179,231.0
chan,2,20,147,246,19,12308,265.0
kenett,2,20,216,177,258,12069,435.0
fe,2,20,51,342,6,12321,348.0
rw,2,21,384,9,674,11653,683.0
goni,2,21,315,78,161,12166,239.0
chan,2,21,148,245,18,12309,263.0
kenett,2,21,226,167,248,12079,415.0
fe,2,21,53,340,6,12321,346.0
rw,2,22,384,9,706,11621,715.0
goni,2,22,316,77,172,12155,249.0
chan,2,22,146,247,20,12307,267.0
kenett,2,22,238,155,236,12091,391.0
fe,2,22,56,337,6,12321,343.0
rw,2,23,384,9,737,11590,746.0
goni,2,23,326,67,182,12145,249.0
chan,2,23,147,246,19,12308,265.0
kenett,2,23,244,149,230,12097,379.0
fe,2,23,57,336,7,12320,343.0
rw,2,24,385,8,768,11559,776.0
goni,2,24,331,62,182,12145,244.0
chan,2,24,147,246,19,12308,265.0
kenett,2,24,244,149,230,12097,379.0
fe,2,24,60,333,7,12320,340.0
rw,2,25,385,8,795,11532,803.0
goni,2,25,336,57,189,12138,246.0
chan,2,25,148,245,17,12310,262.0
kenett,2,25,239,154,235,12092,389.0
fe,2,25,63,330,7,12320,337.0
rw,2,26,385,8,818,11509,826.0
goni,2,26,341,52,193,12134,245.0
chan,2,26,148,245,16,12311,261.0
kenett,2,26,249,144,225,12102,369.0
fe,2,26,64,329,7,12320,336.0
rw,2,27,387,6,847,11480,853.0
goni,2,27,345,48,201,12126,249.0
chan,2,27,150,243,18,12309,261.0
kenett,2,27,252,141,222,12105,363.0
fe,2,27,67,326,7,12320,333.0
rw,2,28,389,4,873,11454,877.0
goni,2,28,350,43,202,12125,245.0
chan,2,28,150,243,18,12309,261.0
kenett,2,28,255,138,219,12108,357.0
fe,2,28,69,324,7,12320,331.0
rw,2,29,389,4,897,11430,901.0
goni,2,29,354,39,197,12130,236.0
chan,2,29,150,243,16,12311,259.0
kenett,2,29,258,135,216,12111,351.0
fe,2,29,70,323,8,12319,331.0
rw,2,30,389,4,928,11399,932.0
goni,2,30,353,40,208,12119,248.0
chan,2,30,151,242,14,12313,256.0
kenett,2,30,266,127,208,12119,335.0
fe,2,30,73,320,8,12319,328.0
rw,2,31,390,3,956,11371,959.0
goni,2,31,355,38,210,12117,248.0
chan,2,31,150,243,15,12312,258.0
kenett,2,31,254,139,220,12107,359.0
fe,2,31,76,317,8,12319,325.0
rw,2,32,390,3,978,11349,981.0
goni,2,32,359,34,219,12108,253.0
chan,2,32,151,242,15,12312,257.0
kenett,2,32,249,144,225,12102,369.0
fe,2,32,79,314,8,12319,322.0
rw,2,33,391,2,999,11328,1001.0
goni,2,33,360,33,223,12104,256.0
chan,2,33,150,243,15,12312,258.0
kenett,2,33,258,135,216,12111,351.0
fe,2,33,81,312,8,12319,320.0
rw,2,34,391,2,1026,11301,1028.0
goni,2,34,358,35,235,12092,270.0
chan,2,34,151,242,14,12313,256.0
kenett,2,34,251,142,223,12104,365.0
fe,2,34,83,310,9,12318,319.0
rw,2,35,391,2,1048,11279,1050.0
goni,2,35,362,31,241,12086,272.0
chan,2,35,151,242,14,12313,256.0
kenett,2,35,260,133,214,12113,347.0
fe,2,35,85,308,10,12317,318.0
rw,2,36,391,2,1076,11251,1078.0
goni,2,36,363,30,241,12086,271.0
chan,2,36,152,241,11,12316,252.0
kenett,2,36,254,139,220,12107,359.0
fe,2,36,88,305,10,12317,315.0
rw,2,37,391,2,1096,11231,1098.0
goni,2,37,366,27,245,12082,272.0
chan,2,37,152,241,11,12316,252.0
kenett,2,37,258,135,216,12111,351.0
fe,2,37,91,302,10,12317,312.0
rw,2,38,391,2,1118,11209,1120.0
goni,2,38,368,25,246,12081,271.0
chan,2,38,153,240,10,12317,250.0
kenett,2,38,270,123,204,12123,327.0
fe,2,38,94,299,10,12317,309.0
rw,2,39,392,1,1142,11185,1143.0
goni,2,39,372,21,251,12076,272.0
chan,2,39,153,240,10,12317,250.0
kenett,2,39,277,116,197,12130,313.0
fe,2,39,96,297,10,12317,307.0
rw,2,40,392,1,1164,11163,1165.0
goni,2,40,374,19,251,12076,270.0
chan,2,40,155,238,8,12319,246.0
kenett,2,40,283,110,191,12136,301.0
fe,2,40,98,295,11,12316,306.0
rw,2,41,392,1,1202,11125,1203.0
goni,2,41,371,22,263,12064,285.0
chan,2,41,154,239,8,12319,247.0
kenett,2,41,281,112,193,12134,305.0
fe,2,41,99,294,13,12314,307.0
rw,2,42,393,0,1224,11103,1224.0
goni,2,42,369,24,261,12066,285.0
chan,2,42,155,238,4,12323,242.0
kenett,2,42,285,108,189,12138,297.0
fe,2,42,101,292,13,12314,305.0
rw,2,43,393,0,1251,11076,1251.0
goni,2,43,372,21,261,12066,282.0
chan,2,43,155,238,4,12323,242.0
kenett,2,43,282,111,192,12135,303.0
fe,2,43,102,291,14,12313,305.0
rw,2,44,393,0,1282,11045,1282.0
goni,2,44,373,20,274,12053,294.0
chan,2,44,155,238,4,12323,242.0
kenett,2,44,282,111,192,12135,303.0
fe,2,44,105,288,14,12313,302.0
rw,2,45,393,0,1303,11024,1303.0
goni,2,45,375,18,283,12044,301.0
chan,2,45,156,237,4,12323,241.0
kenett,2,45,280,113,194,12133,307.0
fe,2,45,105,288,14,12313,302.0
rw,2,46,393,0,1328,10999,1328.0
goni,2,46,376,17,286,12041,303.0
chan,2,46,154,239,7,12320,246.0
kenett,2,46,285,108,189,12138,297.0
fe,2,46,107,286,14,12313,300.0
rw,2,47,393,0,1352,10975,1352.0
goni,2,47,379,14,294,12033,308.0
chan,2,47,153,240,6,12321,246.0
kenett,2,47,280,113,194,12133,307.0
fe,2,47,109,284,14,12313,298.0
rw,2,48,393,0,1377,10950,1377.0
goni,2,48,376,17,294,12033,311.0
chan,2,48,153,240,8,12319,248.0
kenett,2,48,281,112,193,12134,305.0
fe,2,48,109,284,14,12313,298.0
rw,2,49,393,0,1401,10926,1401.0
goni,2,49,379,14,296,12031,310.0
chan,2,49,153,240,6,12321,246.0
kenett,2,49,280,113,194,12133,307.0
fe,2,49,112,281,14,12313,295.0
rw,2,50,393,0,1424,10903,1424.0
goni,2,50,380,13,301,12026,314.0
chan,2,50,153,240,8,12319,248.0
kenett,2,50,281,112,193,12134,305.0
fe,2,50,115,278,14,12313,292.0
rw,3,1,60,333,34,12293,367.0
goni,3,1,12,381,2,12325,383.0
chan,3,1,53,340,28,12299,368.0
kenett,3,1,8,385,193,12134,578.0
fe,3,1,3,390,0,12327,390.0
rw,3,2,112,281,63,12264,344.0
goni,3,2,32,361,6,12321,367.0
chan,3,2,86,307,48,12279,355.0
kenett,3,2,16,377,311,12016,688.0
fe,3,2,6,387,0,12327,387.0
rw,3,3,158,235,98,12229,333.0
goni,3,3,52,341,15,12312,356.0
chan,3,3,104,289,76,12251,365.0
kenett,3,3,21,372,369,11958,741.0
fe,3,3,8,385,1,12326,386.0
rw,3,4,202,191,124,12203,315.0
goni,3,4,82,311,28,12299,339.0
chan,3,4,114,279,87,12240,366.0
kenett,3,4,18,375,405,11922,780.0
fe,3,4,10,383,1,12326,384.0
rw,3,5,224,169,166,12161,335.0
goni,3,5,102,291,35,12292,326.0
chan,3,5,121,272,90,12237,362.0
kenett,3,5,16,377,431,11896,808.0
fe,3,5,13,380,1,12326,381.0
rw,3,6,244,149,201,12126,350.0
goni,3,6,117,276,42,12285,318.0
chan,3,6,127,266,86,12241,352.0
kenett,3,6,15,378,435,11892,813.0
fe,3,6,15,378,2,12325,380.0
rw,3,7,266,127,233,12094,360.0
goni,3,7,142,251,49,12278,300.0
chan,3,7,126,267,64,12263,331.0
kenett,3,7,17,376,436,11891,812.0
fe,3,7,18,375,2,12325,377.0
rw,3,8,282,111,274,12053,385.0
goni,3,8,160,233,55,12272,288.0
chan,3,8,126,267,73,12254,340.0
kenett,3,8,22,371,437,11890,808.0
fe,3,8,19,374,4,12323,378.0
rw,3,9,294,99,308,12019,407.0
goni,3,9,173,220,62,12265,282.0
chan,3,9,121,272,73,12254,345.0
kenett,3,9,24,369,435,11892,804.0
fe,3,9,22,371,4,12323,375.0
rw,3,10,312,81,336,11991,417.0
goni,3,10,193,200,77,12250,277.0
chan,3,10,127,266,59,12268,325.0
kenett,3,10,23,370,439,11888,809.0
fe,3,10,24,369,5,12322,374.0
rw,3,11,331,62,364,11963,426.0
goni,3,11,210,183,79,12248,262.0
chan,3,11,132,261,48,12279,309.0
kenett,3,11,23,370,439,11888,809.0
fe,3,11,27,366,5,12322,371.0
rw,3,12,340,53,394,11933,447.0
goni,3,12,231,162,86,12241,248.0
chan,3,12,130,263,48,12279,311.0
kenett,3,12,21,372,441,11886,813.0
fe,3,12,30,363,5,12322,368.0
rw,3,13,348,45,423,11904,468.0
goni,3,13,249,144,93,12234,237.0
chan,3,13,132,261,45,12282,306.0
kenett,3,13,22,371,443,11884,814.0
fe,3,13,32,361,5,12322,366.0
rw,3,14,356,37,453,11874,490.0
goni,3,14,266,127,102,12225,229.0
chan,3,14,135,258,43,12284,301.0
kenett,3,14,25,368,440,11887,808.0
fe,3,14,33,360,6,12321,366.0
rw,3,15,359,34,480,11847,514.0
goni,3,15,278,115,108,12219,223.0
chan,3,15,139,254,38,12289,292.0
kenett,3,15,27,366,438,11889,804.0
fe,3,15,36,357,6,12321,363.0
rw,3,16,364,29,517,11810,546.0
goni,3,16,282,111,115,12212,226.0
chan,3,16,141,252,29,12298,281.0
kenett,3,16,34,359,434,11893,793.0
fe,3,16,39,354,6,12321,360.0
rw,3,17,367,26,549,11778,575.0
goni,3,17,288,105,120,12207,225.0
chan,3,17,139,254,33,12294,287.0
kenett,3,17,35,358,436,11891,794.0
fe,3,17,42,351,6,12321,357.0
rw,3,18,372,21,583,11744,604.0
goni,3,18,299,94,120,12207,214.0
chan,3,18,139,254,32,12295,286.0
kenett,3,18,207,186,267,12060,453.0
fe,3,18,45,348,6,12321,354.0
rw,3,19,373,20,617,11710,637.0
goni,3,19,307,86,129,12198,215.0
chan,3,19,139,254,26,12301,280.0
kenett,3,19,215,178,259,12068,437.0
fe,3,19,47,346,6,12321,352.0
rw,3,20,373,20,650,11677,670.0
goni,3,20,314,79,132,12195,211.0
chan,3,20,142,251,25,12302,276.0
kenett,3,20,221,172,253,12074,425.0
fe,3,20,50,343,6,12321,349.0
rw,3,21,376,17,684,11643,701.0
goni,3,21,316,77,147,12180,224.0
chan,3,21,142,251,20,12307,271.0
kenett,3,21,220,173,254,12073,427.0
fe,3,21,51,342,7,12320,349.0
rw,3,22,378,15,715,11612,730.0
goni,3,22,320,73,150,12177,223.0
chan,3,22,143,250,18,12309,268.0
kenett,3,22,236,157,238,12089,395.0
fe,3,22,54,339,7,12320,346.0
rw,3,23,381,12,742,11585,754.0
goni,3,23,322,71,153,12174,224.0
chan,3,23,145,248,17,12310,265.0
kenett,3,23,237,156,237,12090,393.0
fe,3,23,57,336,7,12320,343.0
rw,3,24,383,10,763,11564,773.0
goni,3,24,332,61,169,12158,230.0
chan,3,24,143,250,19,12308,269.0
kenett,3,24,236,157,238,12089,395.0
fe,3,24,59,334,7,12320,341.0
rw,3,25,383,10,791,11536,801.0
goni,3,25,337,56,173,12154,229.0
chan,3,25,145,248,18,12309,266.0
kenett,3,25,239,154,235,12092,389.0
fe,3,25,61,332,8,12319,340.0
rw,3,26,385,8,817,11510,825.0
goni,3,26,343,50,176,12151,226.0
chan,3,26,145,248,16,12311,264.0
kenett,3,26,243,150,231,12096,381.0
fe,3,26,64,329,8,12319,337.0
rw,3,27,385,8,841,11486,849.0
goni,3,27,344,49,183,12144,232.0
chan,3,27,147,246,15,12312,261.0
kenett,3,27,247,146,227,12100,373.0
fe,3,27,65,328,9,12318,337.0
rw,3,28,386,7,875,11452,882.0
goni,3,28,344,49,186,12141,235.0
chan,3,28,148,245,13,12314,258.0
kenett,3,28,249,144,225,12102,369.0
fe,3,28,68,325,9,12318,334.0
rw,3,29,386,7,901,11426,908.0
goni,3,29,351,42,192,12135,234.0
chan,3,29,148,245,13,12314,258.0
kenett,3,29,252,141,222,12105,363.0
fe,3,29,70,323,9,12318,332.0
rw,3,30,386,7,929,11398,936.0
goni,3,30,353,40,189,12138,229.0
chan,3,30,150,243,12,12315,255.0
kenett,3,30,262,131,212,12115,343.0
fe,3,30,72,321,9,12318,330.0
rw,3,31,386,7,954,11373,961.0
goni,3,31,359,34,200,12127,234.0
chan,3,31,148,245,11,12316,256.0
kenett,3,31,263,130,211,12116,341.0
fe,3,31,73,320,10,12317,330.0
rw,3,32,387,6,987,11340,993.0
goni,3,32,363,30,204,12123,234.0
chan,3,32,150,243,11,12316,254.0
kenett,3,32,267,126,207,12120,333.0
fe,3,32,76,317,10,12317,327.0
rw,3,33,387,6,1006,11321,1012.0
goni,3,33,363,30,205,12122,235.0
chan,3,33,151,242,9,12318,251.0
kenett,3,33,269,124,205,12122,329.0
fe,3,33,79,314,10,12317,324.0
rw,3,34,387,6,1043,11284,1049.0
goni,3,34,366,27,209,12118,236.0
chan,3,34,149,244,10,12317,254.0
kenett,3,34,272,121,202,12125,323.0
fe,3,34,81,312,10,12317,322.0
rw,3,35,388,5,1074,11253,1079.0
goni,3,35,365,28,213,12114,241.0
chan,3,35,152,241,7,12320,248.0
kenett,3,35,270,123,204,12123,327.0
fe,3,35,84,309,10,12317,319.0
rw,3,36,389,4,1098,11229,1102.0
goni,3,36,368,25,215,12112,240.0
chan,3,36,153,240,6,12321,246.0
kenett,3,36,277,116,197,12130,313.0
fe,3,36,86,307,11,12316,318.0
rw,3,37,390,3,1131,11196,1134.0
goni,3,37,369,24,227,12100,251.0
chan,3,37,152,241,8,12319,249.0
kenett,3,37,262,131,212,12115,343.0
fe,3,37,88,305,12,12315,317.0
rw,3,38,392,1,1160,11167,1161.0
goni,3,38,371,22,231,12096,253.0
chan,3,38,153,240,7,12320,247.0
kenett,3,38,270,123,204,12123,327.0
fe,3,38,91,302,12,12315,314.0
rw,3,39,392,1,1190,11137,1191.0
goni,3,39,372,21,230,12097,251.0
chan,3,39,155,238,5,12322,243.0
kenett,3,39,277,116,197,12130,313.0
fe,3,39,93,300,12,12315,312.0
rw,3,40,393,0,1213,11114,1213.0
goni,3,40,371,22,236,12091,258.0
chan,3,40,154,239,6,12321,245.0
kenett,3,40,270,123,204,12123,327.0
fe,3,40,96,297,12,12315,309.0
rw,3,41,393,0,1245,11082,1245.0
goni,3,41,374,19,239,12088,258.0
chan,3,41,154,239,7,12320,246.0
kenett,3,41,274,119,200,12127,319.0
fe,3,41,98,295,12,12315,307.0
rw,3,42,393,0,1279,11048,1279.0
goni,3,42,374,19,244,12083,263.0
chan,3,42,154,239,7,12320,246.0
kenett,3,42,280,113,194,12133,307.0
fe,3,42,98,295,14,12313,309.0
rw,3,43,393,0,1309,11018,1309.0
goni,3,43,373,20,245,12082,265.0
chan,3,43,154,239,6,12321,245.0
kenett,3,43,275,118,199,12128,317.0
fe,3,43,100,293,14,12313,307.0
rw,3,44,393,0,1332,10995,1332.0
goni,3,44,374,19,247,12080,266.0
chan,3,44,154,239,6,12321,245.0
kenett,3,44,276,117,198,12129,315.0
fe,3,44,102,291,14,12313,305.0
rw,3,45,393,0,1354,10973,1354.0
goni,3,45,375,18,252,12075,270.0
chan,3,45,154,239,6,12321,245.0
kenett,3,45,278,115,196,12131,311.0
fe,3,45,105,288,14,12313,302.0
rw,3,46,393,0,1388,10939,1388.0
goni,3,46,376,17,259,12068,276.0
chan,3,46,155,238,4,12323,242.0
kenett,3,46,278,115,196,12131,311.0
fe,3,46,106,287,15,12312,302.0
rw,3,47,393,0,1413,10914,1413.0
goni,3,47,380,13,261,12066,274.0
chan,3,47,155,238,4,12323,242.0
kenett,3,47,276,117,198,12129,315.0
fe,3,47,108,285,15,12312,300.0
rw,3,48,393,0,1437,10890,1437.0
goni,3,48,380,13,255,12072,268.0
chan,3,48,155,238,4,12323,242.0
kenett,3,48,286,107,188,12139,295.0
fe,3,48,110,283,16,12311,299.0
rw,3,49,393,0,1458,10869,1458.0
goni,3,49,383,10,260,12067,270.0
chan,3,49,154,239,5,12322,244.0
kenett,3,49,290,103,184,12143,287.0
fe,3,49,113,280,16,12311,296.0
rw,3,50,393,0,1479,10848,1479.0
goni,3,50,383,10,257,12070,267.0
chan,3,50,155,238,5,12322,243.0
kenett,3,50,286,107,188,12139,295.0
fe,3,50,115,278,17,12310,295.0
rw,4,1,58,335,39,12288,374.0
goni,4,1,8,385,2,12325,387.0
chan,4,1,55,338,36,12291,374.0
kenett,4,1,16,377,230,12097,607.0
fe,4,1,3,390,0,12327,390.0
rw,4,2,107,286,79,12248,365.0
goni,4,2,21,372,11,12316,383.0
chan,4,2,73,320,63,12264,383.0
kenett,4,2,13,380,323,12004,703.0
fe,4,2,5,388,1,12326,389.0
rw,4,3,155,238,114,12213,352.0
goni,4,3,50,343,16,12311,359.0
chan,4,3,97,296,84,12243,380.0
kenett,4,3,15,378,399,11928,777.0
fe,4,3,8,385,1,12326,386.0
rw,4,4,192,201,148,12179,349.0
goni,4,4,80,313,25,12302,338.0
chan,4,4,104,289,96,12231,385.0
kenett,4,4,20,373,421,11906,794.0
fe,4,4,11,382,1,12326,383.0
rw,4,5,233,160,180,12147,340.0
goni,4,5,98,295,32,12295,327.0
chan,4,5,122,271,100,12227,371.0
kenett,4,5,15,378,438,11889,816.0
fe,4,5,14,379,1,12326,380.0
rw,4,6,257,136,220,12107,356.0
goni,4,6,128,265,35,12292,300.0
chan,4,6,124,269,115,12212,384.0
kenett,4,6,22,371,446,11881,817.0
fe,4,6,16,377,2,12325,379.0
rw,4,7,281,112,255,12072,367.0
goni,4,7,153,240,49,12278,289.0
chan,4,7,121,272,130,12197,402.0
kenett,4,7,15,378,453,11874,831.0
fe,4,7,19,374,2,12325,376.0
rw,4,8,293,100,292,12035,392.0
goni,4,8,172,221,66,12261,287.0
chan,4,8,123,270,114,12213,384.0
kenett,4,8,149,244,325,12002,569.0
fe,4,8,21,372,3,12324,375.0
rw,4,9,305,88,330,11997,418.0
goni,4,9,190,203,78,12249,281.0
chan,4,9,124,269,78,12249,347.0
kenett,4,9,158,235,316,12011,551.0
fe,4,9,24,369,3,12324,372.0
rw,4,10,318,75,366,11961,441.0
goni,4,10,203,190,88,12239,278.0
chan,4,10,118,275,87,12240,362.0
kenett,4,10,172,221,302,12025,523.0
fe,4,10,27,366,3,12324,369.0
rw,4,11,333,60,397,11930,457.0
goni,4,11,218,175,94,12233,269.0
chan,4,11,119,274,75,12252,349.0
kenett,4,11,169,224,305,12022,529.0
fe,4,11,29,364,4,12323,368.0
rw,4,12,345,48,431,11896,479.0
goni,4,12,246,147,99,12228,246.0
chan,4,12,122,271,78,12249,349.0
kenett,4,12,186,207,288,12039,495.0
fe,4,12,30,363,5,12322,368.0
rw,4,13,346,47,458,11869,505.0
goni,4,13,254,139,110,12217,249.0
chan,4,13,122,271,60,12267,331.0
kenett,4,13,182,211,292,12035,503.0
fe,4,13,33,360,5,12322,365.0
rw,4,14,350,43,490,11837,533.0
goni,4,14,267,126,109,12218,235.0
chan,4,14,125,268,60,12267,328.0
kenett,4,14,181,212,293,12034,505.0
fe,4,14,36,357,5,12322,362.0
rw,4,15,360,33,523,11804,556.0
goni,4,15,269,124,115,12212,239.0
chan,4,15,130,263,55,12272,318.0
kenett,4,15,199,194,275,12052,469.0
fe,4,15,38,355,6,12321,361.0
rw,4,16,364,29,554,11773,583.0
goni,4,16,282,111,125,12202,236.0
chan,4,16,132,261,45,12282,306.0
kenett,4,16,205,188,269,12058,457.0
fe,4,16,41,352,6,12321,358.0
rw,4,17,368,25,592,11735,617.0
goni,4,17,289,104,140,12187,244.0
chan,4,17,132,261,47,12280,308.0
kenett,4,17,207,186,267,12060,453.0
fe,4,17,44,349,6,12321,355.0
rw,4,18,372,21,631,11696,652.0
goni,4,18,301,92,144,12183,236.0
chan,4,18,130,263,41,12286,304.0
kenett,4,18,221,172,253,12074,425.0
fe,4,18,47,346,6,12321,352.0
rw,4,19,374,19,664,11663,683.0
goni,4,19,303,90,158,12169,248.0
chan,4,19,135,258,31,12296,289.0
kenett,4,19,215,178,259,12068,437.0
fe,4,19,48,345,8,12319,353.0
rw,4,20,375,18,699,11628,717.0
goni,4,20,312,81,155,12172,236.0
chan,4,20,136,257,27,12300,284.0
kenett,4,20,219,174,255,12072,429.0
fe,4,20,49,344,9,12318,353.0
rw,4,21,377,16,728,11599,744.0
goni,4,21,321,72,156,12171,228.0
chan,4,21,137,256,27,12300,283.0
kenett,4,21,225,168,249,12078,417.0
fe,4,21,51,342,10,12317,352.0
rw,4,22,379,14,760,11567,774.0
goni,4,22,326,67,155,12172,222.0
chan,4,22,139,254,25,12302,279.0
kenett,4,22,228,165,246,12081,411.0
fe,4,22,53,340,11,12316,351.0
rw,4,23,381,12,789,11538,801.0
goni,4,23,330,63,160,12167,223.0
chan,4,23,143,250,21,12306,271.0
kenett,4,23,226,167,248,12079,415.0
fe,4,23,56,337,11,12316,348.0
rw,4,24,383,10,829,11498,839.0
goni,4,24,330,63,163,12164,226.0
chan,4,24,144,249,20,12307,269.0
kenett,4,24,226,167,248,12079,415.0
fe,4,24,58,335,12,12315,347.0
rw,4,25,386,7,857,11470,864.0
goni,4,25,337,56,163,12164,219.0
chan,4,25,146,247,18,12309,265.0
kenett,4,25,233,160,241,12086,401.0
fe,4,25,60,333,13,12314,346.0
rw,4,26,386,7,893,11434,900.0
goni,4,26,340,53,175,12152,228.0
chan,4,26,146,247,17,12310,264.0
kenett,4,26,232,161,242,12085,403.0
fe,4,26,62,331,14,12313,345.0
rw,4,27,386,7,915,11412,922.0
goni,4,27,346,47,177,12150,224.0
chan,4,27,148,245,16,12311,261.0
kenett,4,27,240,153,234,12093,387.0
fe,4,27,65,328,14,12313,342.0
rw,4,28,386,7,939,11388,946.0
goni,4,28,348,45,176,12151,221.0
chan,4,28,145,248,18,12309,266.0
kenett,4,28,233,160,241,12086,401.0
fe,4,28,67,326,15,12312,341.0
rw,4,29,388,5,964,11363,969.0
goni,4,29,356,37,187,12140,224.0
chan,4,29,148,245,13,12314,258.0
kenett,4,29,240,153,234,12093,387.0
fe,4,29,69,324,16,12311,340.0
rw,4,30,390,3,995,11332,998.0
goni,4,30,361,32,192,12135,224.0
chan,4,30,151,242,10,12317,252.0
kenett,4,30,239,154,235,12092,389.0
fe,4,30,70,323,16,12311,339.0
rw,4,31,390,3,1024,11303,1027.0
goni,4,31,361,32,195,12132,227.0
chan,4,31,153,240,7,12320,247.0
kenett,4,31,245,148,229,12098,377.0
fe,4,31,72,321,17,12310,338.0
rw,4,32,390,3,1055,11272,1058.0
goni,4,32,363,30,193,12134,223.0
chan,4,32,153,240,7,12320,247.0
kenett,4,32,251,142,223,12104,365.0
fe,4,32,74,319,17,12310,336.0
rw,4,33,390,3,1083,11244,1086.0
goni,4,33,364,29,204,12123,233.0
chan,4,33,153,240,6,12321,246.0
kenett,4,33,260,133,214,12113,347.0
fe,4,33,76,317,17,12310,334.0
rw,4,34,391,2,1111,11216,1113.0
goni,4,34,363,30,214,12113,244.0
chan,4,34,153,240,6,12321,246.0
kenett,4,34,261,132,213,12114,345.0
fe,4,34,78,315,18,12309,333.0
rw,4,35,391,2,1140,11187,1142.0
goni,4,35,365,28,219,12108,247.0
chan,4,35,150,243,9,12318,252.0
kenett,4,35,257,136,217,12110,353.0
fe,4,35,79,314,19,12308,333.0
rw,4,36,391,2,1164,11163,1166.0
goni,4,36,366,27,218,12109,245.0
chan,4,36,152,241,7,12320,248.0
kenett,4,36,270,123,204,12123,327.0
fe,4,36,82,311,19,12308,330.0
rw,4,37,391,2,1191,11136,1193.0
goni,4,37,368,25,220,12107,245.0
chan,4,37,152,241,7,12320,248.0
kenett,4,37,263,130,211,12116,341.0
fe,4,37,84,309,19,12308,328.0
rw,4,38,391,2,1218,11109,1220.0
goni,4,38,367,26,226,12101,252.0
chan,4,38,154,239,5,12322,244.0
kenett,4,38,272,121,202,12125,323.0
fe,4,38,87,306,19,12308,325.0
rw,4,39,391,2,1242,11085,1244.0
goni,4,39,369,24,237,12090,261.0
chan,4,39,154,239,5,12322,244.0
kenett,4,39,268,125,206,12121,331.0
fe,4,39,88,305,20,12307,325.0
rw,4,40,391,2,1263,11064,1265.0
goni,4,40,369,24,240,12087,264.0
chan,4,40,155,238,4,12323,242.0
kenett,4,40,273,120,201,12126,321.0
fe,4,40,88,305,21,12306,326.0
rw,4,41,392,1,1295,11032,1296.0
goni,4,41,369,24,242,12085,266.0
chan,4,41,154,239,5,12322,244.0
kenett,4,41,269,124,205,12122,329.0
fe,4,41,89,304,22,12305,326.0
rw,4,42,392,1,1322,11005,1323.0
goni,4,42,370,23,245,12082,268.0
chan,4,42,155,238,4,12323,242.0
kenett,4,42,277,116,197,12130,313.0
fe,4,42,92,301,22,12305,323.0
rw,4,43,393,0,1337,10990,1337.0
goni,4,43,371,22,252,12075,274.0
chan,4,43,155,238,4,12323,242.0
kenett,4,43,270,123,204,12123,327.0
fe,4,43,94,299,22,12305,321.0
rw,4,44,393,0,1351,10976,1351.0
goni,4,44,373,20,258,12069,278.0
chan,4,44,155,238,4,12323,242.0
kenett,4,44,267,126,207,12120,333.0
fe,4,44,96,297,22,12305,319.0
rw,4,45,393,0,1378,10949,1378.0
goni,4,45,376,17,266,12061,283.0
chan,4,45,155,238,4,12323,242.0
kenett,4,45,280,113,194,12133,307.0
fe,4,45,98,295,22,12305,317.0
rw,4,46,393,0,1403,10924,1403.0
goni,4,46,375,18,274,12053,292.0
chan,4,46,155,238,4,12323,242.0
kenett,4,46,279,114,195,12132,309.0
fe,4,46,99,294,22,12305,316.0
rw,4,47,393,0,1433,10894,1433.0
goni,4,47,375,18,272,12055,290.0
chan,4,47,156,237,3,12324,240.0
kenett,4,47,282,111,192,12135,303.0
fe,4,47,101,292,23,12304,315.0
rw,4,48,393,0,1456,10871,1456.0
goni,4,48,375,18,271,12056,289.0
chan,4,48,156,237,3,12324,240.0
kenett,4,48,287,106,187,12140,293.0
fe,4,48,103,290,23,12304,313.0
rw,4,49,393,0,1474,10853,1474.0
goni,4,49,380,13,273,12054,286.0
chan,4,49,157,236,2,12325,238.0
kenett,4,49,282,111,192,12135,303.0
fe,4,49,106,287,23,12304,310.0
rw,4,50,393,0,1503,10824,1503.0
goni,4,50,380,13,276,12051,289.0
chan,4,50,157,236,2,12325,238.0
kenett,4,50,285,108,189,12138,297.0
fe,4,50,107,286,24,12303,310.0
rw,5,1,63,330,31,12296,361.0
goni,5,1,12,381,1,12326,382.0
chan,5,1,59,334,26,12301,360.0
kenett,5,1,10,383,206,12121,589.0
fe,5,1,2,391,1,12326,392.0
rw,5,2,116,277,64,12263,341.0
goni,5,2,36,357,6,12321,363.0
chan,5,2,96,297,49,12278,346.0
kenett,5,2,12,381,321,12006,702.0
fe,5,2,5,388,1,12326,389.0
rw,5,3,162,231,95,12232,326.0
goni,5,3,60,333,17,12310,350.0
chan,5,3,104,289,67,12260,356.0
kenett,5,3,20,373,364,11963,737.0
fe,5,3,7,386,2,12325,388.0
rw,5,4,195,198,131,12196,329.0
goni,5,4,82,311,21,12306,332.0
chan,5,4,111,282,82,12245,364.0
kenett,5,4,21,372,411,11916,783.0
fe,5,4,10,383,2,12325,385.0
rw,5,5,230,163,159,12168,322.0
goni,5,5,117,276,30,12297,306.0
chan,5,5,126,267,82,12245,349.0
kenett,5,5,14,379,439,11888,818.0
fe,5,5,13,380,2,12325,382.0
rw,5,6,259,134,192,12135,326.0
goni,5,6,131,262,39,12288,301.0
chan,5,6,128,265,84,12243,349.0
kenett,5,6,17,376,445,11882,821.0
fe,5,6,15,378,2,12325,380.0
rw,5,7,282,111,229,12098,340.0
goni,5,7,157,236,50,12277,286.0
chan,5,7,126,267,85,12242,352.0
kenett,5,7,30,363,441,11886,804.0
fe,5,7,18,375,2,12325,377.0
rw,5,8,297,96,261,12066,357.0
goni,5,8,170,223,50,12277,273.0
chan,5,8,128,265,82,12245,347.0
kenett,5,8,129,264,345,11982,609.0
fe,5,8,21,372,2,12325,374.0
rw,5,9,311,82,292,12035,374.0
goni,5,9,200,193,53,12274,246.0
chan,5,9,132,261,70,12257,331.0
kenett,5,9,142,251,332,11995,583.0
fe,5,9,24,369,2,12325,371.0
rw,5,10,322,71,340,11987,411.0
goni,5,10,214,179,62,12265,241.0
chan,5,10,130,263,65,12262,328.0
kenett,5,10,141,252,333,11994,585.0
fe,5,10,27,366,2,12325,368.0
rw,5,11,333,60,372,11955,432.0
goni,5,11,228,165,66,12261,231.0
chan,5,11,134,259,54,12273,313.0
kenett,5,11,153,240,321,12006,561.0
fe,5,11,28,365,3,12324,368.0
rw,5,12,342,51,400,11927,451.0
goni,5,12,247,146,74,12253,220.0
chan,5,12,135,258,44,12283,302.0
kenett,5,12,157,236,317,12010,553.0
fe,5,12,29,364,4,12323,368.0
rw,5,13,351,42,430,11897,472.0
goni,5,13,257,136,80,12247,216.0
chan,5,13,134,259,44,12283,303.0
kenett,5,13,155,238,319,12008,557.0
fe,5,13,30,363,5,12322,368.0
rw,5,14,357,36,453,11874,489.0
goni,5,14,277,116,94,12233,210.0
chan,5,14,138,255,36,12291,291.0
kenett,5,14,188,205,286,12041,491.0
fe,5,14,33,360,5,12322,365.0
rw,5,15,365,28,486,11841,514.0
goni,5,15,286,107,96,12231,203.0
chan,5,15,140,253,29,12298,282.0
kenett,5,15,179,214,295,12032,509.0
fe,5,15,35,358,5,12322,363.0
rw,5,16,366,27,519,11808,546.0
goni,5,16,293,100,96,12231,196.0
chan,5,16,139,254,31,12296,285.0
kenett,5,16,180,213,294,12033,507.0
fe,5,16,38,355,5,12322,360.0
rw,5,17,369,24,547,11780,571.0
goni,5,17,297,96,103,12224,199.0
chan,5,17,141,252,27,12300,279.0
kenett,5,17,186,207,288,12039,495.0
fe,5,17,40,353,6,12321,359.0
rw,5,18,372,21,574,11753,595.0
goni,5,18,302,91,107,12220,198.0
chan,5,18,144,249,24,12303,273.0
kenett,5,18,200,193,274,12053,467.0
fe,5,18,42,351,6,12321,357.0
rw,5,19,375,18,601,11726,619.0
goni,5,19,311,82,115,12212,197.0
chan,5,19,146,247,24,12303,271.0
kenett,5,19,197,196,277,12050,473.0
fe,5,19,44,349,6,12321,355.0
rw,5,20,379,14,623,11704,637.0
goni,5,20,320,73,125,12202,198.0
chan,5,20,148,245,19,12308,264.0
kenett,5,20,207,186,267,12060,453.0
fe,5,20,46,347,6,12321,353.0
rw,5,21,381,12,656,11671,668.0
goni,5,21,322,71,137,12190,208.0
chan,5,21,149,244,17,12310,261.0
kenett,5,21,215,178,259,12068,437.0
fe,5,21,49,344,6,12321,350.0
rw,5,22,382,11,692,11635,703.0
goni,5,22,329,64,135,12192,199.0
chan,5,22,147,246,16,12311,262.0
kenett,5,22,223,170,251,12076,421.0
fe,5,22,50,343,8,12319,351.0
rw,5,23,384,9,717,11610,726.0
goni,5,23,330,63,144,12183,207.0
chan,5,23,153,240,10,12317,250.0
kenett,5,23,225,168,249,12078,417.0
fe,5,23,51,342,10,12317,352.0
rw,5,24,385,8,742,11585,750.0
goni,5,24,332,61,146,12181,207.0
chan,5,24,152,241,11,12316,252.0
kenett,5,24,216,177,258,12069,435.0
fe,5,24,52,341,11,12316,352.0
rw,5,25,387,6,766,11561,772.0
goni,5,25,334,59,157,12170,216.0
chan,5,25,153,240,11,12316,251.0
kenett,5,25,224,169,250,12077,419.0
fe,5,25,55,338,11,12316,349.0
rw,5,26,387,6,798,11529,804.0
goni,5,26,334,59,163,12164,222.0
chan,5,26,154,239,10,12317,249.0
kenett,5,26,239,154,235,12092,389.0
fe,5,26,58,335,11,12316,346.0
rw,5,27,387,6,822,11505,828.0
goni,5,27,338,55,169,12158,224.0
chan,5,27,153,240,10,12317,250.0
kenett,5,27,233,160,241,12086,401.0
fe,5,27,60,333,12,12315,345.0
rw,5,28,387,6,854,11473,860.0
goni,5,28,341,52,173,12154,225.0
chan,5,28,152,241,10,12317,251.0
kenett,5,28,246,147,228,12099,375.0
fe,5,28,60,333,14,12313,347.0
rw,5,29,387,6,888,11439,894.0
goni,5,29,344,49,174,12153,223.0
chan,5,29,152,241,10,12317,251.0
kenett,5,29,249,144,225,12102,369.0
fe,5,29,63,330,14,12313,344.0
rw,5,30,388,5,921,11406,926.0
goni,5,30,347,46,179,12148,225.0
chan,5,30,154,239,8,12319,247.0
kenett,5,30,247,146,227,12100,373.0
fe,5,30,66,327,14,12313,341.0
rw,5,31,388,5,948,11379,953.0
goni,5,31,351,42,185,12142,227.0
chan,5,31,151,242,11,12316,253.0
kenett,5,31,244,149,230,12097,379.0
fe,5,31,69,324,14,12313,338.0
rw,5,32,388,5,971,11356,976.0
goni,5,32,355,38,187,12140,225.0
chan,5,32,150,243,12,12315,255.0
kenett,5,32,250,143,224,12103,367.0
fe,5,32,72,321,14,12313,335.0
rw,5,33,389,4,999,11328,1003.0
goni,5,33,358,35,186,12141,221.0
chan,5,33,151,242,11,12316,253.0
kenett,5,33,256,137,218,12109,355.0
fe,5,33,75,318,14,12313,332.0
rw,5,34,390,3,1022,11305,1025.0
goni,5,34,359,34,199,12128,233.0
chan,5,34,152,241,9,12318,250.0
kenett,5,34,253,140,221,12106,361.0
fe,5,34,78,315,14,12313,329.0
rw,5,35,390,3,1055,11272,1058.0
goni,5,35,360,33,200,12127,233.0
chan,5,35,153,240,9,12318,249.0
kenett,5,35,245,148,229,12098,377.0
fe,5,35,78,315,15,12312,330.0
rw,5,36,390,3,1086,11241,1089.0
goni,5,36,362,31,203,12124,234.0
chan,5,36,152,241,10,12317,251.0
kenett,5,36,251,142,223,12104,365.0
fe,5,36,81,312,15,12312,327.0
rw,5,37,390,3,1107,11220,1110.0
goni,5,37,363,30,203,12124,233.0
chan,5,37,152,241,10,12317,251.0
kenett,5,37,257,136,217,12110,353.0
fe,5,37,82,311,15,12312,326.0
rw,5,38,391,2,1136,11191,1138.0
goni,5,38,363,30,204,12123,234.0
chan,5,38,152,241,10,12317,251.0
kenett,5,38,244,149,230,12097,379.0
fe,5,38,84,309,16,12311,325.0
rw,5,39,391,2,1164,11163,1166.0
goni,5,39,366,27,212,12115,239.0
chan,5,39,154,239,8,12319,247.0
kenett,5,39,246,147,228,12099,375.0
fe,5,39,85,308,17,12310,325.0
rw,5,40,391,2,1190,11137,1192.0
goni,5,40,366,27,205,12122,232.0
chan,5,40,154,239,8,12319,247.0
kenett,5,40,253,140,221,12106,361.0
fe,5,40,87,306,18,12309,324.0
rw,5,41,392,1,1215,11112,1216.0
goni,5,41,369,24,215,12112,239.0
chan,5,41,155,238,4,12323,242.0
kenett,5,41,264,129,210,12117,339.0
fe,5,41,88,305,18,12309,323.0
rw,5,42,392,1,1238,11089,1239.0
goni,5,42,369,24,221,12106,245.0
chan,5,42,155,238,4,12323,242.0
kenett,5,42,270,123,204,12123,327.0
fe,5,42,90,303,19,12308,322.0
rw,5,43,392,1,1265,11062,1266.0
goni,5,43,371,22,214,12113,236.0
chan,5,43,156,237,3,12324,240.0
kenett,5,43,273,120,201,12126,321.0
fe,5,43,90,303,19,12308,322.0
rw,5,44,392,1,1293,11034,1294.0
goni,5,44,372,21,217,12110,238.0
chan,5,44,156,237,3,12324,240.0
kenett,5,44,268,125,206,12121,331.0
fe,5,44,92,301,19,12308,320.0
rw,5,45,393,0,1316,11011,1316.0
goni,5,45,375,18,230,12097,248.0
chan,5,45,156,237,3,12324,240.0
kenett,5,45,270,123,204,12123,327.0
fe,5,45,94,299,19,12308,318.0
rw,5,46,393,0,1344,10983,1344.0
goni,5,46,374,19,232,12095,251.0
chan,5,46,155,238,4,12323,242.0
kenett,5,46,271,122,203,12124,325.0
fe,5,46,95,298,19,12308,317.0
rw,5,47,393,0,1369,10958,1369.0
goni,5,47,374,19,235,12092,254.0
chan,5,47,156,237,3,12324,240.0
kenett,5,47,271,122,203,12124,325.0
fe,5,47,96,297,20,12307,317.0
rw,5,48,393,0,1385,10942,1385.0
goni,5,48,373,20,246,12081,266.0
chan,5,48,156,237,3,12324,240.0
kenett,5,48,274,119,200,12127,319.0
fe,5,48,99,294,20,12307,314.0
rw,5,49,393,0,1407,10920,1407.0
goni,5,49,374,19,254,12073,273.0
chan,5,49,156,237,3,12324,240.0
kenett,5,49,277,116,197,12130,313.0
fe,5,49,100,293,20,12307,313.0
rw,5,50,393,0,1430,10897,1430.0
goni,5,50,375,18,261,12066,279.0
chan,5,50,156,237,3,12324,240.0
kenett,5,50,272,121,202,12125,323.0
fe,5,50,102,291,20,12307,311.0
rw,6,1,65,328,35,12292,363.0
goni,6,1,5,388,2,12325,390.0
chan,6,1,59,334,34,12293,368.0
kenett,6,1,20,373,220,12107,593.0
fe,6,1,3,390,0,12327,390.0
rw,6,2,127,266,61,12266,327.0
goni,6,2,29,364,9,12318,373.0
chan,6,2,88,305,48,12279,353.0
kenett,6,2,12,381,303,12024,684.0
fe,6,2,6,387,0,12327,387.0
rw,6,3,166,227,98,12229,325.0
goni,6,3,52,341,14,12313,355.0
chan,6,3,109,284,67,12260,351.0
kenett,6,3,18,375,360,11967,735.0
fe,6,3,9,384,0,12327,384.0
rw,6,4,200,193,132,12195,325.0
goni,6,4,72,321,18,12309,339.0
chan,6,4,115,278,80,12247,358.0
kenett,6,4,18,375,396,11931,771.0
fe,6,4,11,382,1,12326,383.0
rw,6,5,235,158,159,12168,317.0
goni,6,5,103,290,30,12297,320.0
chan,6,5,120,273,85,12242,358.0
kenett,6,5,17,376,421,11906,797.0
fe,6,5,14,379,1,12326,380.0
rw,6,6,260,133,191,12136,324.0
goni,6,6,124,269,39,12288,308.0
chan,6,6,125,268,77,12250,345.0
kenett,6,6,19,374,428,11899,802.0
fe,6,6,16,377,2,12325,379.0
rw,6,7,278,115,231,12096,346.0
goni,6,7,142,251,48,12279,299.0
chan,6,7,122,271,70,12257,341.0
kenett,6,7,17,376,436,11891,812.0
fe,6,7,19,374,2,12325,376.0
rw,6,8,301,92,267,12060,359.0
goni,6,8,161,232,52,12275,284.0
chan,6,8,124,269,73,12254,342.0
kenett,6,8,22,371,440,11887,811.0
fe,6,8,21,372,3,12324,375.0
rw,6,9,317,76,302,12025,378.0
goni,6,9,182,211,64,12263,275.0
chan,6,9,126,267,57,12270,324.0
kenett,6,9,26,367,436,11891,803.0
fe,6,9,24,369,3,12324,372.0
rw,6,10,323,70,340,11987,410.0
goni,6,10,193,200,69,12258,269.0
chan,6,10,124,269,67,12260,336.0
kenett,6,10,27,366,438,11889,804.0
fe,6,10,27,366,3,12324,369.0
rw,6,11,339,54,366,11961,420.0
goni,6,11,213,180,74,12253,254.0
chan,6,11,129,264,56,12271,320.0
kenett,6,11,29,364,442,11885,806.0
fe,6,11,29,364,3,12324,367.0
rw,6,12,349,44,402,11925,446.0
goni,6,12,228,165,85,12242,250.0
chan,6,12,123,270,55,12272,325.0
kenett,6,12,34,359,437,11890,796.0
fe,6,12,32,361,3,12324,364.0
rw,6,13,353,40,444,11883,484.0
goni,6,13,239,154,90,12237,244.0
chan,6,13,130,263,49,12278,312.0
kenett,6,13,182,211,292,12035,503.0
fe,6,13,35,358,3,12324,361.0
rw,6,14,362,31,475,11852,506.0
goni,6,14,250,143,105,12222,248.0
chan,6,14,131,262,44,12283,306.0
kenett,6,14,196,197,278,12049,475.0
fe,6,14,37,356,4,12323,360.0
rw,6,15,365,28,506,11821,534.0
goni,6,15,262,131,112,12215,243.0
chan,6,15,133,260,40,12287,300.0
kenett,6,15,205,188,269,12058,457.0
fe,6,15,40,353,4,12323,357.0
rw,6,16,372,21,531,11796,552.0
goni,6,16,277,116,124,12203,240.0
chan,6,16,142,251,32,12295,283.0
kenett,6,16,210,183,264,12063,447.0
fe,6,16,43,350,4,12323,354.0
rw,6,17,372,21,561,11766,582.0
goni,6,17,292,101,132,12195,233.0
chan,6,17,138,255,32,12295,287.0
kenett,6,17,218,175,256,12071,431.0
fe,6,17,46,347,4,12323,351.0
rw,6,18,377,16,594,11733,610.0
goni,6,18,303,90,133,12194,223.0
chan,6,18,141,252,32,12295,284.0
kenett,6,18,205,188,269,12058,457.0
fe,6,18,49,344,4,12323,348.0
rw,6,19,379,14,622,11705,636.0
goni,6,19,309,84,138,12189,222.0
chan,6,19,141,252,28,12299,280.0
kenett,6,19,215,178,259,12068,437.0
fe,6,19,51,342,4,12323,346.0
rw,6,20,379,14,658,11669,672.0
goni,6,20,310,83,143,12184,226.0
chan,6,20,139,254,30,12297,284.0
kenett,6,20,218,175,256,12071,431.0
fe,6,20,52,341,5,12322,346.0
rw,6,21,381,12,695,11632,707.0
goni,6,21,319,74,155,12172,229.0
chan,6,21,141,252,28,12299,280.0
kenett,6,21,227,166,247,12080,413.0
fe,6,21,55,338,5,12322,343.0
rw,6,22,385,8,727,11600,735.0
goni,6,22,320,73,157,12170,230.0
chan,6,22,145,248,23,12304,271.0
kenett,6,22,222,171,252,12075,423.0
fe,6,22,58,335,5,12322,340.0
rw,6,23,385,8,759,11568,767.0
goni,6,23,327,66,172,12155,238.0
chan,6,23,142,251,24,12303,275.0
kenett,6,23,230,163,244,12083,407.0
fe,6,23,59,334,6,12321,340.0
rw,6,24,387,6,785,11542,791.0
goni,6,24,331,62,178,12149,240.0
chan,6,24,144,249,21,12306,270.0
kenett,6,24,236,157,238,12089,395.0
fe,6,24,62,331,6,12321,337.0
rw,6,25,388,5,802,11525,807.0
goni,6,25,338,55,178,12149,233.0
chan,6,25,146,247,16,12311,263.0
kenett,6,25,235,158,239,12088,397.0
fe,6,25,63,330,7,12320,337.0
rw,6,26,388,5,833,11494,838.0
goni,6,26,343,50,191,12136,241.0
chan,6,26,149,244,13,12314,257.0
kenett,6,26,243,150,231,12096,381.0
fe,6,26,64,329,7,12320,336.0
rw,6,27,388,5,865,11462,870.0
goni,6,27,347,46,195,12132,241.0
chan,6,27,149,244,11,12316,255.0
kenett,6,27,238,155,236,12091,391.0
fe,6,27,66,327,8,12319,335.0
rw,6,28,389,4,897,11430,901.0
goni,6,28,351,42,205,12122,247.0
chan,6,28,149,244,10,12317,254.0
kenett,6,28,241,152,233,12094,385.0
fe,6,28,68,325,9,12318,334.0
rw,6,29,389,4,924,11403,928.0
goni,6,29,353,40,214,12113,254.0
chan,6,29,149,244,12,12315,256.0
kenett,6,29,248,145,226,12101,371.0
fe,6,29,71,322,9,12318,331.0
rw,6,30,389,4,949,11378,953.0
goni,6,30,354,39,224,12103,263.0
chan,6,30,147,246,13,12314,259.0
kenett,6,30,251,142,223,12104,365.0
fe,6,30,74,319,9,12318,328.0
rw,6,31,390,3,977,11350,980.0
goni,6,31,356,37,224,12103,261.0
chan,6,31,149,244,10,12317,254.0
kenett,6,31,244,149,230,12097,379.0
fe,6,31,77,316,9,12318,325.0
rw,6,32,390,3,1004,11323,1007.0
goni,6,32,358,35,223,12104,258.0
chan,6,32,149,244,10,12317,254.0
kenett,6,32,255,138,219,12108,357.0
fe,6,32,78,315,10,12317,325.0
rw,6,33,390,3,1032,11295,1035.0
goni,6,33,361,32,226,12101,258.0
chan,6,33,150,243,10,12317,253.0
kenett,6,33,255,138,219,12108,357.0
fe,6,33,80,313,11,12316,324.0
rw,6,34,390,3,1062,11265,1065.0
goni,6,34,361,32,226,12101,258.0
chan,6,34,149,244,10,12317,254.0
kenett,6,34,251,142,223,12104,365.0
fe,6,34,81,312,12,12315,324.0
rw,6,35,390,3,1081,11246,1084.0
goni,6,35,365,28,223,12104,251.0
chan,6,35,148,245,12,12315,257.0
kenett,6,35,257,136,217,12110,353.0
fe,6,35,82,311,14,12313,325.0
rw,6,36,390,3,1103,11224,1106.0
goni,6,36,367,26,222,12105,248.0
chan,6,36,149,244,10,12317,254.0
kenett,6,36,258,135,216,12111,351.0
fe,6,36,84,309,14,12313,323.0
rw,6,37,390,3,1125,11202,1128.0
goni,6,37,369,24,231,12096,255.0
chan,6,37,149,244,10,12317,254.0
kenett,6,37,251,142,223,12104,365.0
fe,6,37,87,306,14,12313,320.0
rw,6,38,391,2,1146,11181,1148.0
goni,6,38,368,25,234,12093,259.0
chan,6,38,149,244,10,12317,254.0
kenett,6,38,250,143,224,12103,367.0
fe,6,38,89,304,14,12313,318.0
rw,6,39,391,2,1179,11148,1181.0
goni,6,39,373,20,235,12092,255.0
chan,6,39,150,243,9,12318,252.0
kenett,6,39,264,129,210,12117,339.0
fe,6,39,91,302,15,12312,317.0
rw,6,40,392,1,1210,11117,1211.0
goni,6,40,372,21,237,12090,258.0
chan,6,40,151,242,8,12319,250.0
kenett,6,40,263,130,211,12116,341.0
fe,6,40,94,299,15,12312,314.0
rw,6,41,392,1,1234,11093,1235.0
goni,6,41,374,19,240,12087,259.0
chan,6,41,153,240,6,12321,246.0
kenett,6,41,263,130,211,12116,341.0
fe,6,41,97,296,15,12312,311.0
rw,6,42,392,1,1252,11075,1253.0
goni,6,42,375,18,244,12083,262.0
chan,6,42,153,240,6,12321,246.0
kenett,6,42,261,132,213,12114,345.0
fe,6,42,100,293,15,12312,308.0
rw,6,43,393,0,1279,11048,1279.0
goni,6,43,375,18,246,12081,264.0
chan,6,43,151,242,8,12319,250.0
kenett,6,43,262,131,212,12115,343.0
fe,6,43,103,290,15,12312,305.0
rw,6,44,393,0,1302,11025,1302.0
goni,6,44,378,15,249,12078,264.0
chan,6,44,152,241,7,12320,248.0
kenett,6,44,262,131,212,12115,343.0
fe,6,44,104,289,15,12312,304.0
rw,6,45,393,0,1323,11004,1323.0
goni,6,45,378,15,253,12074,268.0
chan,6,45,152,241,7,12320,248.0
kenett,6,45,274,119,200,12127,319.0
fe,6,45,106,287,15,12312,302.0
rw,6,46,393,0,1339,10988,1339.0
goni,6,46,379,14,253,12074,267.0
chan,6,46,152,241,7,12320,248.0
kenett,6,46,272,121,202,12125,323.0
fe,6,46,107,286,15,12312,301.0
rw,6,47,393,0,1367,10960,1367.0
goni,6,47,381,12,259,12068,271.0
chan,6,47,152,241,7,12320,248.0
kenett,6,47,265,128,209,12118,337.0
fe,6,47,110,283,15,12312,298.0
rw,6,48,393,0,1396,10931,1396.0
goni,6,48,381,12,268,12059,280.0
chan,6,48,153,240,6,12321,246.0
kenett,6,48,264,129,210,12117,339.0
fe,6,48,113,280,15,12312,295.0
rw,6,49,393,0,1426,10901,1426.0
goni,6,49,382,11,274,12053,285.0
chan,6,49,154,239,6,12321,245.0
kenett,6,49,274,119,200,12127,319.0
fe,6,49,116,277,15,12312,292.0
rw,6,50,393,0,1443,10884,1443.0
goni,6,50,381,12,277,12050,289.0
chan,6,50,155,238,4,12323,242.0
kenett,6,50,278,115,196,12131,311.0
fe,6,50,119,274,15,12312,289.0
rw,7,1,66,327,34,12293,361.0
goni,7,1,4,389,1,12326,390.0
chan,7,1,54,339,30,12297,369.0
kenett,7,1,11,382,214,12113,596.0
fe,7,1,3,390,0,12327,390.0
rw,7,2,119,274,67,12260,341.0
goni,7,2,22,371,3,12324,374.0
chan,7,2,84,309,48,12279,357.0
kenett,7,2,16,377,302,12025,679.0
fe,7,2,6,387,0,12327,387.0
rw,7,3,165,228,101,12226,329.0
goni,7,3,46,347,12,12315,359.0
chan,7,3,104,289,74,12253,363.0
kenett,7,3,16,377,386,11941,763.0
fe,7,3,9,384,0,12327,384.0
rw,7,4,201,192,135,12192,327.0
goni,7,4,76,317,20,12307,337.0
chan,7,4,114,279,93,12234,372.0
kenett,7,4,18,375,420,11907,795.0
fe,7,4,12,381,0,12327,381.0
rw,7,5,225,168,171,12156,339.0
goni,7,5,106,287,35,12292,322.0
chan,7,5,112,281,109,12218,390.0
kenett,7,5,17,376,436,11891,812.0
fe,7,5,15,378,0,12327,378.0
rw,7,6,252,141,206,12121,347.0
goni,7,6,125,268,38,12289,306.0
chan,7,6,123,270,102,12225,372.0
kenett,7,6,22,371,431,11896,802.0
fe,7,6,18,375,0,12327,375.0
rw,7,7,266,127,243,12084,370.0
goni,7,7,151,242,45,12282,287.0
chan,7,7,130,263,101,12226,364.0
kenett,7,7,20,373,436,11891,809.0
fe,7,7,20,373,1,12326,374.0
rw,7,8,286,107,276,12051,383.0
goni,7,8,164,229,51,12276,280.0
chan,7,8,130,263,90,12237,353.0
kenett,7,8,31,362,437,11890,799.0
fe,7,8,22,371,2,12325,373.0
rw,7,9,303,90,310,12017,400.0
goni,7,9,182,211,64,12263,275.0
chan,7,9,137,256,74,12253,330.0
kenett,7,9,26,367,442,11885,809.0
fe,7,9,23,370,2,12325,372.0
rw,7,10,319,74,336,11991,410.0
goni,7,10,204,189,72,12255,261.0
chan,7,10,136,257,53,12274,310.0
kenett,7,10,29,364,442,11885,806.0
fe,7,10,25,368,2,12325,370.0
rw,7,11,329,64,369,11958,433.0
goni,7,11,219,174,87,12240,261.0
chan,7,11,128,265,59,12268,324.0
kenett,7,11,34,359,437,11890,796.0
fe,7,11,28,365,2,12325,367.0
rw,7,12,346,47,387,11940,434.0
goni,7,12,234,159,102,12225,261.0
chan,7,12,128,265,55,12272,320.0
kenett,7,12,185,208,289,12038,497.0
fe,7,12,31,362,2,12325,364.0
rw,7,13,351,42,416,11911,458.0
goni,7,13,247,146,111,12216,257.0
chan,7,13,129,264,54,12273,318.0
kenett,7,13,187,206,287,12040,493.0
fe,7,13,33,360,2,12325,362.0
rw,7,14,357,36,449,11878,485.0
goni,7,14,259,134,119,12208,253.0
chan,7,14,131,262,48,12279,310.0
kenett,7,14,196,197,278,12049,475.0
fe,7,14,36,357,2,12325,359.0
rw,7,15,361,32,479,11848,511.0
goni,7,15,272,121,123,12204,244.0
chan,7,15,133,260,41,12286,301.0
kenett,7,15,196,197,278,12049,475.0
fe,7,15,38,355,2,12325,357.0
rw,7,16,366,27,509,11818,536.0
goni,7,16,280,113,132,12195,245.0
chan,7,16,135,258,39,12288,297.0
kenett,7,16,204,189,270,12057,459.0
fe,7,16,40,353,3,12324,356.0
rw,7,17,372,21,540,11787,561.0
goni,7,17,295,98,134,12193,232.0
chan,7,17,138,255,35,12292,290.0
kenett,7,17,208,185,266,12061,451.0
fe,7,17,42,351,4,12323,355.0
rw,7,18,376,17,568,11759,585.0
goni,7,18,304,89,134,12193,223.0
chan,7,18,141,252,33,12294,285.0
kenett,7,18,209,184,265,12062,449.0
fe,7,18,44,349,4,12323,353.0
rw,7,19,381,12,596,11731,608.0
goni,7,19,312,81,150,12177,231.0
chan,7,19,144,249,27,12300,276.0
kenett,7,19,211,182,263,12064,445.0
fe,7,19,45,348,4,12323,352.0
rw,7,20,383,10,627,11700,637.0
goni,7,20,317,76,149,12178,225.0
chan,7,20,146,247,26,12301,273.0
kenett,7,20,221,172,253,12074,425.0
fe,7,20,48,345,4,12323,349.0
rw,7,21,383,10,655,11672,665.0
goni,7,21,330,63,145,12182,208.0
chan,7,21,145,248,23,12304,271.0
kenett,7,21,228,165,246,12081,411.0
fe,7,21,51,342,4,12323,346.0
rw,7,22,384,9,677,11650,686.0
goni,7,22,333,60,159,12168,219.0
chan,7,22,146,247,19,12308,266.0
kenett,7,22,230,163,244,12083,407.0
fe,7,22,53,340,5,12322,345.0
rw,7,23,387,6,708,11619,714.0
goni,7,23,341,52,163,12164,215.0
chan,7,23,147,246,17,12310,263.0
kenett,7,23,233,160,241,12086,401.0
fe,7,23,56,337,5,12322,342.0
rw,7,24,387,6,742,11585,748.0
goni,7,24,340,53,170,12157,223.0
chan,7,24,149,244,15,12312,259.0
kenett,7,24,233,160,241,12086,401.0
fe,7,24,59,334,5,12322,339.0
rw,7,25,388,5,765,11562,770.0
goni,7,25,343,50,178,12149,228.0
chan,7,25,148,245,17,12310,262.0
kenett,7,25,233,160,241,12086,401.0
fe,7,25,61,332,6,12321,338.0
rw,7,26,388,5,796,11531,801.0
goni,7,26,348,45,181,12146,226.0
chan,7,26,147,246,16,12311,262.0
kenett,7,26,242,151,232,12095,383.0
fe,7,26,62,331,8,12319,339.0
rw,7,27,388,5,818,11509,823.0
goni,7,27,347,46,186,12141,232.0
chan,7,27,147,246,16,12311,262.0
kenett,7,27,241,152,233,12094,385.0
fe,7,27,65,328,8,12319,336.0
rw,7,28,388,5,855,11472,860.0
goni,7,28,346,47,198,12129,245.0
chan,7,28,149,244,12,12315,256.0
kenett,7,28,248,145,226,12101,371.0
fe,7,28,67,326,8,12319,334.0
rw,7,29,388,5,885,11442,890.0
goni,7,29,353,40,201,12126,241.0
chan,7,29,149,244,11,12316,255.0
kenett,7,29,244,149,230,12097,379.0
fe,7,29,68,325,8,12319,333.0
rw,7,30,388,5,915,11412,920.0
goni,7,30,355,38,208,12119,246.0
chan,7,30,149,244,11,12316,255.0
kenett,7,30,246,147,228,12099,375.0
fe,7,30,69,324,9,12318,333.0
rw,7,31,389,4,936,11391,940.0
goni,7,31,356,37,212,12115,249.0
chan,7,31,149,244,11,12316,255.0
kenett,7,31,254,139,220,12107,359.0
fe,7,31,71,322,9,12318,331.0
rw,7,32,389,4,959,11368,963.0
goni,7,32,357,36,215,12112,251.0
chan,7,32,149,244,13,12314,257.0
kenett,7,32,264,129,210,12117,339.0
fe,7,32,73,320,9,12318,329.0
rw,7,33,391,2,985,11342,987.0
goni,7,33,360,33,218,12109,251.0
chan,7,33,149,244,11,12316,255.0
kenett,7,33,271,122,203,12124,325.0
fe,7,33,76,317,9,12318,326.0
rw,7,34,391,2,1016,11311,1018.0
goni,7,34,364,29,222,12105,251.0
chan,7,34,148,245,12,12315,257.0
kenett,7,34,272,121,202,12125,323.0
fe,7,34,77,316,10,12317,326.0
rw,7,35,392,1,1044,11283,1045.0
goni,7,35,366,27,226,12101,253.0
chan,7,35,149,244,10,12317,254.0
kenett,7,35,270,123,204,12123,327.0
fe,7,35,78,315,11,12316,326.0
rw,7,36,392,1,1066,11261,1067.0
goni,7,36,364,29,230,12097,259.0
chan,7,36,149,244,10,12317,254.0
kenett,7,36,270,123,204,12123,327.0
fe,7,36,81,312,11,12316,323.0
rw,7,37,392,1,1092,11235,1093.0
goni,7,37,366,27,230,12097,257.0
chan,7,37,150,243,9,12318,252.0
kenett,7,37,271,122,203,12124,325.0
fe,7,37,84,309,11,12316,320.0
rw,7,38,392,1,1113,11214,1114.0
goni,7,38,368,25,239,12088,264.0
chan,7,38,150,243,9,12318,252.0
kenett,7,38,272,121,202,12125,323.0
fe,7,38,86,307,11,12316,318.0
rw,7,39,392,1,1140,11187,1141.0
goni,7,39,370,23,243,12084,266.0
chan,7,39,151,242,8,12319,250.0
kenett,7,39,277,116,197,12130,313.0
fe,7,39,88,305,11,12316,316.0
rw,7,40,393,0,1158,11169,1158.0
goni,7,40,372,21,245,12082,266.0
chan,7,40,152,241,7,12320,248.0
kenett,7,40,275,118,199,12128,317.0
fe,7,40,90,303,11,12316,314.0
rw,7,41,393,0,1188,11139,1188.0
goni,7,41,372,21,252,12075,273.0
chan,7,41,153,240,6,12321,246.0
kenett,7,41,272,121,202,12125,323.0
fe,7,41,92,301,11,12316,312.0
rw,7,42,393,0,1215,11112,1215.0
goni,7,42,373,20,263,12064,283.0
chan,7,42,154,239,5,12322,244.0
kenett,7,42,276,117,198,12129,315.0
fe,7,42,95,298,11,12316,309.0
rw,7,43,393,0,1245,11082,1245.0
goni,7,43,374,19,257,12070,276.0
chan,7,43,154,239,5,12322,244.0
kenett,7,43,279,114,195,12132,309.0
fe,7,43,97,296,11,12316,307.0
rw,7,44,393,0,1272,11055,1272.0
goni,7,44,375,18,259,12068,277.0
chan,7,44,154,239,5,12322,244.0
kenett,7,44,278,115,196,12131,311.0
fe,7,44,100,293,11,12316,304.0
rw,7,45,393,0,1297,11030,1297.0
goni,7,45,376,17,284,12043,301.0
chan,7,45,154,239,5,12322,244.0
kenett,7,45,279,114,195,12132,309.0
fe,7,45,102,291,12,12315,303.0
rw,7,46,393,0,1324,11003,1324.0
goni,7,46,378,15,285,12042,300.0
chan,7,46,154,239,5,12322,244.0
kenett,7,46,281,112,193,12134,305.0
fe,7,46,103,290,13,12314,303.0
rw,7,47,393,0,1342,10985,1342.0
goni,7,47,377,16,285,12042,301.0
chan,7,47,155,238,4,12323,242.0
kenett,7,47,274,119,200,12127,319.0
fe,7,47,106,287,13,12314,300.0
rw,7,48,393,0,1360,10967,1360.0
goni,7,48,377,16,284,12043,300.0
chan,7,48,155,238,5,12322,243.0
kenett,7,48,281,112,193,12134,305.0
fe,7,48,107,286,14,12313,300.0
rw,7,49,393,0,1382,10945,1382.0
goni,7,49,378,15,285,12042,300.0
chan,7,49,155,238,5,12322,243.0
kenett,7,49,281,112,193,12134,305.0
fe,7,49,108,285,16,12311,301.0
rw,7,50,393,0,1408,10919,1408.0
goni,7,50,378,15,291,12036,306.0
chan,7,50,155,238,4,12323,242.0
kenett,7,50,280,113,194,12133,307.0
fe,7,50,111,282,16,12311,298.0
rw,8,1,61,332,32,12295,364.0
goni,8,1,10,383,6,12321,389.0
chan,8,1,59,334,32,12295,366.0
kenett,8,1,14,379,223,12104,602.0
fe,8,1,3,390,0,12327,390.0
rw,8,2,113,280,69,12258,349.0
goni,8,2,29,364,8,12319,372.0
chan,8,2,75,318,56,12271,374.0
kenett,8,2,14,379,319,12008,698.0
fe,8,2,5,388,1,12326,389.0
rw,8,3,161,232,105,12222,337.0
goni,8,3,49,344,18,12309,362.0
chan,8,3,99,294,79,12248,373.0
kenett,8,3,18,375,381,11946,756.0
fe,8,3,8,385,1,12326,386.0
rw,8,4,196,197,144,12183,341.0
goni,8,4,76,317,25,12302,342.0
chan,8,4,117,276,83,12244,359.0
kenett,8,4,19,374,404,11923,778.0
fe,8,4,11,382,1,12326,383.0
rw,8,5,227,166,179,12148,345.0
goni,8,5,97,296,36,12291,332.0
chan,8,5,126,267,89,12238,356.0
kenett,8,5,19,374,428,11899,802.0
fe,8,5,13,380,2,12325,382.0
rw,8,6,250,143,212,12115,355.0
goni,8,6,127,266,48,12279,314.0
chan,8,6,131,262,89,12238,351.0
kenett,8,6,20,373,442,11885,815.0
fe,8,6,15,378,2,12325,380.0
rw,8,7,272,121,244,12083,365.0
goni,8,7,152,241,54,12273,295.0
chan,8,7,132,261,79,12248,340.0
kenett,8,7,22,371,440,11887,811.0
fe,8,7,18,375,2,12325,377.0
rw,8,8,291,102,276,12051,378.0
goni,8,8,175,218,59,12268,277.0
chan,8,8,133,260,74,12253,334.0
kenett,8,8,29,364,439,11888,803.0
fe,8,8,20,373,3,12324,376.0
rw,8,9,304,89,311,12016,400.0
goni,8,9,198,195,70,12257,265.0
chan,8,9,127,266,75,12252,341.0
kenett,8,9,26,367,442,11885,809.0
fe,8,9,23,370,3,12324,373.0
rw,8,10,320,73,341,11986,414.0
goni,8,10,220,173,78,12249,251.0
chan,8,10,127,266,66,12261,332.0
kenett,8,10,25,368,446,11881,814.0
fe,8,10,26,367,3,12324,370.0
rw,8,11,331,62,374,11953,436.0
goni,8,11,239,154,82,12245,236.0
chan,8,11,127,266,57,12270,323.0
kenett,8,11,28,365,443,11884,808.0
fe,8,11,29,364,3,12324,367.0
rw,8,12,344,49,406,11921,455.0
goni,8,12,248,145,84,12243,229.0
chan,8,12,130,263,59,12268,322.0
kenett,8,12,163,230,311,12016,541.0
fe,8,12,32,361,3,12324,364.0
rw,8,13,352,41,443,11884,484.0
goni,8,13,255,138,92,12235,230.0
chan,8,13,130,263,53,12274,316.0
kenett,8,13,166,227,308,12019,535.0
fe,8,13,34,359,4,12323,363.0
rw,8,14,354,39,478,11849,517.0
goni,8,14,270,123,104,12223,227.0
chan,8,14,130,263,52,12275,315.0
kenett,8,14,174,219,300,12027,519.0
fe,8,14,36,357,5,12322,362.0
rw,8,15,360,33,501,11826,534.0
goni,8,15,282,111,108,12219,219.0
chan,8,15,129,264,51,12276,315.0
kenett,8,15,183,210,291,12036,501.0
fe,8,15,39,354,5,12322,359.0
rw,8,16,363,30,542,11785,572.0
goni,8,16,288,105,121,12206,226.0
chan,8,16,134,259,40,12287,299.0
kenett,8,16,189,204,285,12042,489.0
fe,8,16,41,352,6,12321,358.0
rw,8,17,368,25,582,11745,607.0
goni,8,17,294,99,123,12204,222.0
chan,8,17,137,256,36,12291,292.0
kenett,8,17,205,188,269,12058,457.0
fe,8,17,44,349,6,12321,355.0
rw,8,18,372,21,626,11701,647.0
goni,8,18,301,92,128,12199,220.0
chan,8,18,139,254,30,12297,284.0
kenett,8,18,198,195,276,12051,471.0
fe,8,18,45,348,7,12320,355.0
rw,8,19,376,17,660,11667,677.0
goni,8,19,308,85,133,12194,218.0
chan,8,19,139,254,30,12297,284.0
kenett,8,19,196,197,278,12049,475.0
fe,8,19,47,346,7,12320,353.0
rw,8,20,377,16,692,11635,708.0
goni,8,20,311,82,141,12186,223.0
chan,8,20,139,254,32,12295,286.0
kenett,8,20,219,174,255,12072,429.0
fe,8,20,50,343,7,12320,350.0
rw,8,21,377,16,717,11610,733.0
goni,8,21,320,73,155,12172,228.0
chan,8,21,140,253,30,12297,283.0
kenett,8,21,226,167,248,12079,415.0
fe,8,21,53,340,7,12320,347.0
rw,8,22,383,10,748,11579,758.0
goni,8,22,328,65,156,12171,221.0
chan,8,22,139,254,21,12306,275.0
kenett,8,22,225,168,249,12078,417.0
fe,8,22,56,337,7,12320,344.0
rw,8,23,385,8,782,11545,790.0
goni,8,23,331,62,162,12165,224.0
chan,8,23,143,250,17,12310,267.0
kenett,8,23,238,155,236,12091,391.0
fe,8,23,58,335,8,12319,343.0
rw,8,24,385,8,810,11517,818.0
goni,8,24,334,59,169,12158,228.0
chan,8,24,144,249,16,12311,265.0
kenett,8,24,239,154,235,12092,389.0
fe,8,24,60,333,8,12319,341.0
rw,8,25,386,7,842,11485,849.0
goni,8,25,337,56,171,12156,227.0
chan,8,25,144,249,16,12311,265.0
kenett,8,25,237,156,237,12090,393.0
fe,8,25,63,330,8,12319,338.0
rw,8,26,387,6,875,11452,881.0
goni,8,26,343,50,167,12160,217.0
chan,8,26,144,249,16,12311,265.0
kenett,8,26,239,154,235,12092,389.0
fe,8,26,65,328,9,12318,337.0
rw,8,27,389,4,901,11426,905.0
goni,8,27,344,49,174,12153,223.0
chan,8,27,147,246,12,12315,258.0
kenett,8,27,244,149,230,12097,379.0
fe,8,27,67,326,9,12318,335.0
rw,8,28,390,3,926,11401,929.0
goni,8,28,348,45,180,12147,225.0
chan,8,28,146,247,13,12314,260.0
kenett,8,28,250,143,224,12103,367.0
fe,8,28,69,324,10,12317,334.0
rw,8,29,390,3,961,11366,964.0
goni,8,29,353,40,181,12146,221.0
chan,8,29,146,247,14,12313,261.0
kenett,8,29,247,146,227,12100,373.0
fe,8,29,70,323,11,12316,334.0
rw,8,30,391,2,989,11338,991.0
goni,8,30,358,35,185,12142,220.0
chan,8,30,148,245,12,12315,257.0
kenett,8,30,252,141,222,12105,363.0
fe,8,30,72,321,12,12315,333.0
rw,8,31,391,2,1018,11309,1020.0
goni,8,31,357,36,193,12134,229.0
chan,8,31,147,246,13,12314,259.0
kenett,8,31,244,149,230,12097,379.0
fe,8,31,74,319,12,12315,331.0
rw,8,32,392,1,1047,11280,1048.0
goni,8,32,359,34,194,12133,228.0
chan,8,32,146,247,15,12312,262.0
kenett,8,32,257,136,217,12110,353.0
fe,8,32,76,317,12,12315,329.0
rw,8,33,392,1,1082,11245,1083.0
goni,8,33,361,32,201,12126,233.0
chan,8,33,144,249,19,12308,268.0
kenett,8,33,254,139,220,12107,359.0
fe,8,33,77,316,13,12314,329.0
rw,8,34,392,1,1098,11229,1099.0
goni,8,34,364,29,205,12122,234.0
chan,8,34,145,248,17,12310,265.0
kenett,8,34,253,140,221,12106,361.0
fe,8,34,78,315,13,12314,328.0
rw,8,35,392,1,1129,11198,1130.0
goni,8,35,365,28,211,12116,239.0
chan,8,35,146,247,15,12312,262.0
kenett,8,35,259,134,215,12112,349.0
fe,8,35,81,312,13,12314,325.0
rw,8,36,392,1,1152,11175,1153.0
goni,8,36,368,25,214,12113,239.0
chan,8,36,147,246,14,12313,260.0
kenett,8,36,245,148,229,12098,377.0
fe,8,36,83,310,14,12313,324.0
rw,8,37,392,1,1179,11148,1180.0
goni,8,37,367,26,222,12105,248.0
chan,8,37,149,244,13,12314,257.0
kenett,8,37,259,134,215,12112,349.0
fe,8,37,85,308,14,12313,322.0
rw,8,38,392,1,1200,11127,1201.0
goni,8,38,369,24,224,12103,248.0
chan,8,38,149,244,11,12316,255.0
kenett,8,38,258,135,216,12111,351.0
fe,8,38,86,307,15,12312,322.0
rw,8,39,392,1,1222,11105,1223.0
goni,8,39,370,23,238,12089,261.0
chan,8,39,151,242,8,12319,250.0
kenett,8,39,261,132,213,12114,345.0
fe,8,39,88,305,15,12312,320.0
rw,8,40,392,1,1249,11078,1250.0
goni,8,40,373,20,238,12089,258.0
chan,8,40,151,242,8,12319,250.0
kenett,8,40,265,128,209,12118,337.0
fe,8,40,90,303,15,12312,318.0
rw,8,41,392,1,1273,11054,1274.0
goni,8,41,372,21,246,12081,267.0
chan,8,41,153,240,6,12321,246.0
kenett,8,41,265,128,209,12118,337.0
fe,8,41,92,301,15,12312,316.0
rw,8,42,392,1,1302,11025,1303.0
goni,8,42,372,21,252,12075,273.0
chan,8,42,153,240,6,12321,246.0
kenett,8,42,260,133,214,12113,347.0
fe,8,42,94,299,16,12311,315.0
rw,8,43,392,1,1320,11007,1321.0
goni,8,43,374,19,258,12069,277.0
chan,8,43,152,241,7,12320,248.0
kenett,8,43,265,128,209,12118,337.0
fe,8,43,95,298,17,12310,315.0
rw,8,44,392,1,1346,10981,1347.0
goni,8,44,377,16,267,12060,283.0
chan,8,44,150,243,9,12318,252.0
kenett,8,44,268,125,206,12121,331.0
fe,8,44,98,295,17,12310,312.0
rw,8,45,392,1,1373,10954,1374.0
goni,8,45,378,15,269,12058,284.0
chan,8,45,151,242,8,12319,250.0
kenett,8,45,272,121,202,12125,323.0
fe,8,45,99,294,18,12309,312.0
rw,8,46,393,0,1403,10924,1403.0
goni,8,46,378,15,270,12057,285.0
chan,8,46,153,240,6,12321,246.0
kenett,8,46,272,121,202,12125,323.0
fe,8,46,100,293,18,12309,311.0
rw,8,47,393,0,1439,10888,1439.0
goni,8,47,379,14,279,12048,293.0
chan,8,47,154,239,5,12322,244.0
kenett,8,47,274,119,200,12127,319.0
fe,8,47,102,291,19,12308,310.0
rw,8,48,393,0,1456,10871,1456.0
goni,8,48,381,12,284,12043,296.0
chan,8,48,155,238,4,12323,242.0
kenett,8,48,273,120,201,12126,321.0
fe,8,48,105,288,19,12308,307.0
rw,8,49,393,0,1480,10847,1480.0
goni,8,49,381,12,286,12041,298.0
chan,8,49,155,238,4,12323,242.0
kenett,8,49,278,115,196,12131,311.0
fe,8,49,108,285,19,12308,304.0
rw,8,50,393,0,1503,10824,1503.0
goni,8,50,382,11,287,12040,298.0
chan,8,50,155,238,4,12323,242.0
kenett,8,50,277,116,197,12130,313.0
fe,8,50,109,284,19,12308,303.0
rw,9,1,67,326,33,12294,359.0
goni,9,1,3,390,3,12324,393.0
chan,9,1,58,335,22,12305,357.0
kenett,9,1,11,382,184,12143,566.0
fe,9,1,3,390,0,12327,390.0
rw,9,2,112,281,73,12254,354.0
goni,9,2,21,372,8,12319,380.0
chan,9,2,86,307,47,12280,354.0
kenett,9,2,16,377,302,12025,679.0
fe,9,2,6,387,0,12327,387.0
rw,9,3,155,238,105,12222,343.0
goni,9,3,49,344,12,12315,356.0
chan,9,3,111,282,67,12260,349.0
kenett,9,3,17,376,385,11942,761.0
fe,9,3,9,384,0,12327,384.0
rw,9,4,200,193,134,12193,327.0
goni,9,4,71,322,16,12311,338.0
chan,9,4,125,268,74,12253,342.0
kenett,9,4,20,373,421,11906,794.0
fe,9,4,12,381,0,12327,381.0
rw,9,5,222,171,172,12155,343.0
goni,9,5,105,288,25,12302,313.0
chan,9,5,128,265,87,12240,352.0
kenett,9,5,21,372,435,11892,807.0
fe,9,5,15,378,0,12327,378.0
rw,9,6,245,148,208,12119,356.0
goni,9,6,132,261,33,12294,294.0
chan,9,6,125,268,85,12242,353.0
kenett,9,6,20,373,442,11885,815.0
fe,9,6,18,375,0,12327,375.0
rw,9,7,265,128,242,12085,370.0
goni,9,7,165,228,39,12288,267.0
chan,9,7,129,264,74,12253,338.0
kenett,9,7,22,371,443,11884,814.0
fe,9,7,21,372,0,12327,372.0
rw,9,8,289,104,274,12053,378.0
goni,9,8,184,209,50,12277,259.0
chan,9,8,126,267,69,12258,336.0
kenett,9,8,24,369,441,11886,810.0
fe,9,8,23,370,0,12327,370.0
rw,9,9,309,84,310,12017,394.0
goni,9,9,204,189,60,12267,249.0
chan,9,9,126,267,58,12269,325.0
kenett,9,9,24,369,441,11886,810.0
fe,9,9,25,368,0,12327,368.0
rw,9,10,322,71,341,11986,412.0
goni,9,10,216,177,67,12260,244.0
chan,9,10,128,265,58,12269,323.0
kenett,9,10,29,364,439,11888,803.0
fe,9,10,27,366,1,12326,367.0
rw,9,11,329,64,371,11956,435.0
goni,9,11,235,158,76,12251,234.0
chan,9,11,131,262,54,12273,316.0
kenett,9,11,23,370,445,11882,815.0
fe,9,11,28,365,2,12325,367.0
rw,9,12,340,53,395,11932,448.0
goni,9,12,250,143,88,12239,231.0
chan,9,12,136,257,43,12284,300.0
kenett,9,12,23,370,445,11882,815.0
fe,9,12,31,362,2,12325,364.0
rw,9,13,345,48,422,11905,470.0
goni,9,13,269,124,109,12218,233.0
chan,9,13,137,256,39,12288,295.0
kenett,9,13,38,355,430,11897,785.0
fe,9,13,34,359,2,12325,361.0
rw,9,14,357,36,459,11868,495.0
goni,9,14,280,113,118,12209,231.0
chan,9,14,141,252,34,12293,286.0
kenett,9,14,33,360,438,11889,798.0
fe,9,14,36,357,3,12324,360.0
rw,9,15,361,32,491,11836,523.0
goni,9,15,289,104,111,12216,215.0
chan,9,15,144,249,32,12295,281.0
kenett,9,15,34,359,437,11890,796.0
fe,9,15,39,354,3,12324,357.0
rw,9,16,366,27,519,11808,546.0
goni,9,16,302,91,117,12210,208.0
chan,9,16,147,246,28,12299,274.0
kenett,9,16,33,360,438,11889,798.0
fe,9,16,41,352,3,12324,355.0
rw,9,17,372,21,550,11777,571.0
goni,9,17,309,84,115,12212,199.0
chan,9,17,143,250,25,12302,275.0
kenett,9,17,37,356,434,11893,790.0
fe,9,17,44,349,3,12324,352.0
rw,9,18,376,17,578,11749,595.0
goni,9,18,318,75,135,12192,210.0
chan,9,18,146,247,22,12305,269.0
kenett,9,18,32,361,439,11888,800.0
fe,9,18,47,346,3,12324,349.0
rw,9,19,378,15,607,11720,622.0
goni,9,19,319,74,139,12188,213.0
chan,9,19,146,247,21,12306,268.0
kenett,9,19,32,361,439,11888,800.0
fe,9,19,50,343,3,12324,346.0
rw,9,20,381,12,634,11693,646.0
goni,9,20,323,70,146,12181,216.0
chan,9,20,149,244,16,12311,260.0
kenett,9,20,37,356,434,11893,790.0
fe,9,20,53,340,3,12324,343.0
rw,9,21,386,7,659,11668,666.0
goni,9,21,326,67,159,12168,226.0
chan,9,21,146,247,20,12307,267.0
kenett,9,21,35,358,436,11891,794.0
fe,9,21,56,337,3,12324,340.0
rw,9,22,387,6,684,11643,690.0
goni,9,22,329,64,154,12173,218.0
chan,9,22,146,247,19,12308,266.0
kenett,9,22,38,355,433,11894,788.0
fe,9,22,57,336,3,12324,339.0
rw,9,23,387,6,709,11618,715.0
goni,9,23,336,57,168,12159,225.0
chan,9,23,147,246,18,12309,264.0
kenett,9,23,36,357,435,11892,792.0
fe,9,23,60,333,3,12324,336.0
rw,9,24,387,6,742,11585,748.0
goni,9,24,339,54,167,12160,221.0
chan,9,24,150,243,13,12314,256.0
kenett,9,24,230,163,244,12083,407.0
fe,9,24,63,330,3,12324,333.0
rw,9,25,388,5,772,11555,777.0
goni,9,25,346,47,176,12151,223.0
chan,9,25,152,241,11,12316,252.0
kenett,9,25,235,158,239,12088,397.0
fe,9,25,65,328,4,12323,332.0
rw,9,26,389,4,803,11524,807.0
goni,9,26,349,44,179,12148,223.0
chan,9,26,151,242,11,12316,253.0
kenett,9,26,239,154,235,12092,389.0
fe,9,26,66,327,4,12323,331.0
rw,9,27,389,4,830,11497,834.0
goni,9,27,346,47,192,12135,239.0
chan,9,27,151,242,11,12316,253.0
kenett,9,27,241,152,233,12094,385.0
fe,9,27,67,326,4,12323,330.0
rw,9,28,389,4,857,11470,861.0
goni,9,28,351,42,191,12136,233.0
chan,9,28,150,243,12,12315,255.0
kenett,9,28,237,156,237,12090,393.0
fe,9,28,69,324,5,12322,329.0
rw,9,29,389,4,890,11437,894.0
goni,9,29,355,38,190,12137,228.0
chan,9,29,150,243,12,12315,255.0
kenett,9,29,240,153,234,12093,387.0
fe,9,29,71,322,5,12322,327.0
rw,9,30,389,4,913,11414,917.0
goni,9,30,357,36,196,12131,232.0
chan,9,30,151,242,11,12316,253.0
kenett,9,30,250,143,224,12103,367.0
fe,9,30,71,322,5,12322,327.0
rw,9,31,389,4,941,11386,945.0
goni,9,31,364,29,204,12123,233.0
chan,9,31,151,242,8,12319,250.0
kenett,9,31,261,132,213,12114,345.0
fe,9,31,74,319,5,12322,324.0
rw,9,32,389,4,967,11360,971.0
goni,9,32,364,29,213,12114,242.0
chan,9,32,155,238,5,12322,243.0
kenett,9,32,258,135,216,12111,351.0
fe,9,32,77,316,5,12322,321.0
rw,9,33,390,3,994,11333,997.0
goni,9,33,365,28,216,12111,244.0
chan,9,33,156,237,3,12324,240.0
kenett,9,33,257,136,217,12110,353.0
fe,9,33,80,313,5,12322,318.0
rw,9,34,390,3,1014,11313,1017.0
goni,9,34,365,28,218,12109,246.0
chan,9,34,155,238,4,12323,242.0
kenett,9,34,255,138,219,12108,357.0
fe,9,34,83,310,5,12322,315.0
rw,9,35,390,3,1043,11284,1046.0
goni,9,35,366,27,220,12107,247.0
chan,9,35,156,237,3,12324,240.0
kenett,9,35,263,130,211,12116,341.0
fe,9,35,85,308,5,12322,313.0
rw,9,36,390,3,1070,11257,1073.0
goni,9,36,367,26,220,12107,246.0
chan,9,36,156,237,3,12324,240.0
kenett,9,36,266,127,208,12119,335.0
fe,9,36,87,306,5,12322,311.0
rw,9,37,390,3,1089,11238,1092.0
goni,9,37,371,22,225,12102,247.0
chan,9,37,156,237,3,12324,240.0
kenett,9,37,273,120,201,12126,321.0
fe,9,37,88,305,5,12322,310.0
rw,9,38,390,3,1116,11211,1119.0
goni,9,38,371,22,230,12097,252.0
chan,9,38,158,235,2,12325,237.0
kenett,9,38,271,122,203,12124,325.0
fe,9,38,91,302,5,12322,307.0
rw,9,39,390,3,1139,11188,1142.0
goni,9,39,372,21,231,12096,252.0
chan,9,39,158,235,2,12325,237.0
kenett,9,39,272,121,202,12125,323.0
fe,9,39,92,301,5,12322,306.0
rw,9,40,390,3,1153,11174,1156.0
goni,9,40,375,18,230,12097,248.0
chan,9,40,158,235,2,12325,237.0
kenett,9,40,280,113,194,12133,307.0
fe,9,40,94,299,5,12322,304.0
rw,9,41,390,3,1183,11144,1186.0
goni,9,41,374,19,226,12101,245.0
chan,9,41,160,233,1,12326,234.0
kenett,9,41,278,115,196,12131,311.0
fe,9,41,96,297,6,12321,303.0
rw,9,42,390,3,1203,11124,1206.0
goni,9,42,376,17,239,12088,256.0
chan,9,42,159,234,1,12326,235.0
kenett,9,42,278,115,196,12131,311.0
fe,9,42,98,295,6,12321,301.0
rw,9,43,390,3,1231,11096,1234.0
goni,9,43,377,16,248,12079,264.0
chan,9,43,158,235,2,12325,237.0
kenett,9,43,278,115,196,12131,311.0
fe,9,43,99,294,6,12321,300.0
rw,9,44,390,3,1256,11071,1259.0
goni,9,44,377,16,258,12069,274.0
chan,9,44,158,235,1,12326,236.0
kenett,9,44,278,115,196,12131,311.0
fe,9,44,100,293,7,12320,300.0
rw,9,45,390,3,1277,11050,1280.0
goni,9,45,378,15,260,12067,275.0
chan,9,45,157,236,2,12325,238.0
kenett,9,45,279,114,195,12132,309.0
fe,9,45,101,292,9,12318,301.0
rw,9,46,390,3,1299,11028,1302.0
goni,9,46,379,14,266,12061,280.0
chan,9,46,157,236,4,12323,240.0
kenett,9,46,276,117,198,12129,315.0
fe,9,46,102,291,10,12317,301.0
rw,9,47,390,3,1329,10998,1332.0
goni,9,47,379,14,273,12054,287.0
chan,9,47,156,237,3,12324,240.0
kenett,9,47,281,112,193,12134,305.0
fe,9,47,105,288,10,12317,298.0
rw,9,48,390,3,1347,10980,1350.0
goni,9,48,379,14,274,12053,288.0
chan,9,48,156,237,5,12322,242.0
kenett,9,48,279,114,195,12132,309.0
fe,9,48,107,286,11,12316,297.0
rw,9,49,391,2,1370,10957,1372.0
goni,9,49,380,13,280,12047,293.0
chan,9,49,156,237,4,12323,241.0
kenett,9,49,287,106,187,12140,293.0
fe,9,49,108,285,13,12314,298.0
rw,9,50,391,2,1388,10939,1390.0
goni,9,50,380,13,289,12038,302.0
chan,9,50,157,236,2,12325,238.0
kenett,9,50,286,107,188,12139,295.0
fe,9,50,109,284,14,12313,298.0
