jeff,beta,numnodes,numlinks,probRewire,numedges,graph_seed,numx,trim,x_seed,cost_rw,cost_irts,cost_noirts,time_irts,time_noirts,bestgraph_irts,bestgraph_noirts,alter_graph,hit_irts,miss_irts,fa_irts,cr_irts,hit_noirts,miss_noirts,fa_noirts,cr_noirts,hit_rw,miss_rw,fa_rw,cr_rw,bestval_irts,bestval_noirts,bestval_rw
0.5,1.1,15,4,0.3,30,0,2,0.7,0,18,18,19,02:04.0,00:13.9,15gauiyqyvcas0i7wukl1i8ganr75zmg7j1kzaio4,15gauiyqyuxkw001dnnexjdoidc0xqkos4j155tz8,1,15,15,3,72,14,16,3,72,15,15,3,72,-16.42743497,-15.10131573,-15.34522288
0.5,1.1,15,4,0.3,30,0,3,0.7,0,15,14,15,02:40.6,00:28.8,t3s1tiidj4chudt1327j50ca7g1r1imhea03e04kcg6,t3s1tiidj1e5rdvi0xa6kzkqc0i9eihsdb9vqh80gli,0,20,10,4,71,17,13,2,73,19,11,4,71,-26.039818,-27.21061568,-28.74419876
0.5,1.1,15,4,0.3,30,0,4,0.7,0,14,11,12,03:17.8,00:31.4,t3s1tiihnvxi0pogomsrymv98bzy2h2k16lk24fajgm,t3s1tiidj1e66c692z4k1ir9pjq7zyu3z3b3wjj82yu,0,22,8,3,72,20,10,2,73,21,9,5,70,-35.04184134,-39.01635113,-41.68903643
0.5,1.1,15,4,0.3,30,0,5,0.7,0,12,8,9,03:24.0,00:41.3,t3smjf4i5mpwtemjkdi156cpi5hns4xbi2d60wkfime,t3smjf4i4xxxa4aky2484jkdoj74jahbjti8y3d7l6u,0,26,4,4,71,23,7,2,73,24,6,6,69,-44.30246855,-55.73482433,-57.99839792
0.5,1.1,15,4,0.3,30,0,6,0.7,0,12,10,6,03:55.0,00:44.2,t41u1wyi31rhlu27s2mdmcbbtavhqlkeds5jh40hk3q,t41u1wyi2czi2jq6hyg3je7fo91fzf8uv1eb0kcrrie,0,26,4,6,69,25,5,1,74,25,5,7,68,-53.26901499,-66.64607781,-71.03772171
0.5,1.1,15,4,0.3,30,0,7,0.7,0,12,9,8,03:55.1,00:42.7,t41u1wyi2ybfzs5ovu7w2jvdltosdzodzu4v7cl2io6,t41u1w4zz46t7ysr97bdshjozkfklgusf7qwyw0bl6u,0,26,4,5,70,24,6,2,73,26,4,8,67,-64.76213269,-81.14233612,-86.57951224
0.5,1.1,15,4,0.3,30,0,8,0.7,0,12,6,4,05:27.9,00:49.6,t41u1wyi2yn9agc7p7d225ja9zbmraj8trr84m3kkjq,t41u1wyi2czi2bbem6qogw5dx1ttcv9we70d9uujmrq,0,27,3,3,72,26,4,0,75,27,3,9,66,-73.15208847,-89.73651077,-101.9630945
0.5,1.1,15,4,0.3,30,0,9,0.7,0,15,5,7,06:33.3,00:56.9,2fbo8j836gjvguk4u7o8xtewhz69isqq3mtri9zeyj9i,t41u1wyi2y5ixhrn37fn6p8q072jcz73erz8x51e0p2,0,28,2,3,72,25,5,2,73,28,2,13,62,-87.05385842,-110.8744913,-126.6045893
0.5,1.1,15,4,0.3,30,0,10,0.7,0,18,11,5,07:07.9,01:06.4,t41u1wyi2z4z8gm2l1va3vcpivirso4rlz1la02ca2u,t41u1wyi2d5epneo0vc7kbcnmzf31je9htadis4s5qe,0,26,4,7,68,26,4,1,74,28,2,16,59,-99.949193,-126.6018845,-147.1283
0.5,1.1,15,4,0.3,30,0,11,0.7,0,18,4,6,06:49.9,01:07.3,2fbo8j86v7qbxfx1rmqei3ejvgmc7khhaeloi8g3kpae,t41u1wyi2y5ixhrn37fn6p8q072jcz91hmjb7v344qu,0,29,1,3,72,26,4,2,73,28,2,16,59,-109.5691676,-137.8134518,-161.2869735
0.5,1.1,15,4,0.3,30,0,12,0.7,0,20,8,5,07:45.6,01:31.2,t41u1wyi36op1wrzcudld7o59f23wlj52bizczbwcue,t41u1wyi2y5ixhrn37ep32vemp4fi7806eoawrhadja,0,28,2,6,69,26,4,1,74,29,1,19,56,-120.2169844,-153.6283009,-183.8541714
0.5,1.1,15,4,0.3,30,0,13,0.7,0,21,6,5,09:31.3,01:41.1,t41u1wyi3426ojbstx7b7zcqctcb24hln3njemskfly,t41u1wyi2y5ixhrn37ep32vemp4fi7806eoawrhadja,0,28,2,4,71,26,4,1,74,29,1,20,55,-130.3841132,-164.135264,-202.26782
0.5,1.1,15,4,0.3,30,0,14,0.7,0,23,4,4,10:05.3,01:33.3,t41u1wyi31fob5vmawoqkfbutym3m8y2vh9t5of7qbq,t41u1wyi30s1av7tm4k14oti5k93wekgxyw7mhn1yiu,0,29,1,3,72,27,3,1,74,29,1,22,53,-140.8061225,-179.7507652,-222.8471361
0.5,1.1,15,4,0.3,30,0,15,0.7,0,23,5,4,11:05.7,01:38.7,t41u1wyi36op1wrzcucn9latvogzgbu2envg4cyc0li,t41u1wyi2grcz1eezvw3h3x5uyqcjyelq0k9e3a4yyu,0,29,1,4,71,28,2,2,73,30,0,23,52,-153.2537954,-198.5166494,-244.6505401
0.5,1.1,15,4,0.3,30,0,16,0.7,0,25,5,1,10:02.9,02:03.9,t41u1wyi36op1wrzcucn9latvogzgbu2envg4cyc0li,t41u1wyi2frx30uujsgliaxfsclqbeit4xahuxmrrwm,0,29,1,4,71,29,1,0,75,30,0,25,50,-164.2471092,-210.3899257,-265.5445399
0.5,1.1,15,4,0.3,30,0,17,0.7,0,26,4,1,10:31.0,01:44.1,2fbo8j836h76ak2281m6wyc9ah19y98m1juoyrapsvly,t41u1wyi2frx30uujsgliaxfsclqbeit4xahuxmrrwm,0,30,0,4,71,29,1,0,75,30,0,26,49,-173.7447017,-222.362698,-283.4970247
0.5,1.1,15,4,0.3,30,0,18,0.7,0,27,4,1,11:01.7,01:56.4,2fbo8j86v7syftahy5nju50hz0g19aeil07lca0px1qe,t41u1wyi2frx30uujsgliaxfsclqbeit4xahuxmrrwm,0,30,0,4,71,29,1,0,75,30,0,27,48,-184.8612718,-235.3362097,-301.0144604
0.5,1.1,15,4,0.3,30,0,19,0.7,0,29,4,1,12:14.7,01:58.1,2fbo8j836h76ak2281m6wyc9ah19y98m1juoyrapsvly,t41u1wyi2frx30uujsgliaxfsclqbeit4xahuxmrrwm,0,30,0,4,71,29,1,0,75,30,0,29,46,-196.8915615,-251.0181081,-325.6045778
0.5,1.1,15,4,0.3,30,0,20,0.7,0,31,4,1,13:07.3,02:36.6,2fbo8j836h76ak2281m6wyc9ah19y98m1juoyrapsvly,t41u1wyi2frx30uujsgliaxfsclqbeit4xahuxmrrwm,0,30,0,4,71,29,1,0,75,30,0,31,44,-205.7466338,-262.8950328,-348.9221753
0.5,1.1,15,4,0.3,30,0,21,0.7,0,32,3,1,12:43.1,02:10.4,2fbo8j836h76ak2281m6wyc9ag2pkxix7pt01fg9845i,t41u1wyi2frx30uujsgliaxfsclqbeit4xahuxmrrwm,0,30,0,3,72,29,1,0,75,30,0,32,43,-218.2336462,-276.5811968,-369.5453188
0.5,1.1,15,4,0.3,30,0,22,0.7,0,34,3,1,15:19.1,02:23.9,2fbo8j836h76ak2281m6wyc9ag2pkxix7pt01fg9845i,t41u1wyi2frx30uujsgliaxfsclqbeit4xahuxmrrwm,0,30,0,3,72,29,1,0,75,30,0,34,41,-228.6764067,-290.6629228,-392.2202275
0.5,1.1,15,4,0.3,30,0,23,0.7,0,36,4,0,13:48.9,02:24.4,2fbo8j836h76ak2281m6wyc9ag2plm4t2639bqunt8na,2fbo8j836gg9il6538kav71vwdpep4basa440hve8mx2,0,30,0,4,71,30,0,0,75,30,0,36,39,-243.1087402,-308.4208424,-415.7058341
0.5,1.1,15,4,0.3,30,0,24,0.7,0,37,4,0,15:02.9,02:31.5,2fbo8j836h76ak2281m6wyc9ag2plm4t2639bqunt8na,2fbo8j836gg9il6538kav71vwdpep4basa440hve8mx2,0,30,0,4,71,30,0,0,75,30,0,37,38,-253.627192,-320.3229368,-437.0492342
0.5,1.1,15,4,0.3,30,0,25,0.7,0,38,3,0,17:25.1,02:46.9,2fbo8j836h76ak2281m6wyc9ag2pkxix7pt01fg9845i,2fbo8j836gg9il6538kav71vwdpep4basa440hve8mx2,0,30,0,3,72,30,0,0,75,30,0,38,37,-264.323402,-333.7929444,-458.5814133
0.5,1.1,15,4,0.3,30,0,26,0.7,0,41,3,1,14:19.1,02:35.6,2fbo8j836h76ak2281m6wyc9ag2pkxix7pt01fg9845i,t41u1wyi2frx30uujsgliaxfsclqbeit4xahuxmrrwm,0,30,0,3,72,29,1,0,75,30,0,41,34,-275.2089636,-350.0688246,-486.0607264
0.5,1.1,15,4,0.3,30,0,27,0.7,0,45,3,1,16:13.9,03:54.2,2fbo8j836h76ak2281m6wyc9ag2pkxix7pt01fg9845i,t41u1wyi2frx30uujsgliaxfsclqbeit4xahuxmrrwm,0,30,0,3,72,29,1,0,75,30,0,45,30,-285.9800358,-364.5474338,-514.2935943
0.5,1.1,15,4,0.3,30,0,28,0.7,0,45,2,1,19:14.5,03:06.9,2fbo8j836h1x9tb5uzoj096abecup3g186meegrq3tvq,t41u1wyi2frx30uujsgliaxfsclqbeit4xahuxmrrwm,0,30,0,2,73,29,1,0,75,30,0,45,30,-295.7241906,-375.7333234,-533.2327111
0.5,1.1,15,4,0.3,30,0,29,0.7,0,46,2,0,18:28.1,03:13.0,2fbo8j836h1x9tb5uzoj096abecup3g186meegrq3tvq,2fbo8j836gg9il6538kav71vwdpep4basa440hve8mx2,0,30,0,2,73,30,0,0,75,30,0,46,29,-309.1994627,-392.0044244,-556.8468699
0.5,1.1,15,4,0.3,30,0,30,0.7,0,46,2,0,23:32.5,03:42.3,2fbo8j836h1x9tb5uzoj096abecup3g186meegrq3tvq,2fbo8j836gg9il6538kav71vwdpep4basa440hve8mx2,0,30,0,2,73,30,0,0,75,30,0,46,29,-320.4407419,-405.5005664,-576.1879852
0.5,1.1,15,4,0.3,30,0,31,0.7,0,47,2,0,20:47.4,02:55.0,2fbo8j836h1x9tb5uzoj096abecup3g186meegrq3tvq,2fbo8j836gg9il6538kav71vwdpep4basa440hve8mx2,0,30,0,2,73,30,0,0,75,30,0,47,28,-331.5450678,-418.2535503,-599.2495647
0.5,1.1,15,4,0.3,30,0,32,0.7,0,48,2,0,16:23.5,03:53.2,2fbo8j836h1x9tb5uzoj096abecup3g186meegrq3tvq,2fbo8j836gg9il6538kav71vwdpep4basa440hve8mx2,0,30,0,2,73,30,0,0,75,30,0,48,27,-342.4302406,-431.2382141,-623.0530329
0.5,1.1,15,4,0.3,30,0,33,0.7,0,48,2,0,27:17.6,03:44.9,2fbo8j836h1x9tb5uzoj096abecup3g186meegrq3tvq,2fbo8j836gg9il6538kav71vwdpep4basa440hve8mx2,0,30,0,2,73,30,0,0,75,30,0,48,27,-356.8473205,-447.3327542,-642.6020463
0.5,1.1,15,4,0.3,30,0,34,0.7,0,49,2,0,36:28.8,05:10.8,2fbo8j836h1x9tb5uzoj096abecup3g186meegrq3tvq,2fbo8j836gg9il6538kav71vwdpep4basa440hve8mx2,0,30,0,2,73,30,0,0,75,30,0,49,26,-365.8245182,-458.4491834,-664.878408
0.5,1.1,15,4,0.3,30,0,35,0.7,0,49,1,0,36:52.5,05:05.3,2fbo8j836ggx56ii4val7697prg92f4sx65vm0cox53a,2fbo8j836gg9il6538kav71vwdpep4basa440hve8mx2,0,30,0,1,74,30,0,0,75,30,0,49,26,-376.474059,-472.7312359,-684.8375895
0.5,1.1,15,4,0.3,30,0,36,0.7,0,49,1,0,29:36.6,05:31.2,2fbo8j836ggx56ii4val7697prg92f4sx65vm0cox53a,2fbo8j836gg9il6538kav71vwdpep4basa440hve8mx2,0,30,0,1,74,30,0,0,75,30,0,49,26,-385.8863311,-488.4793102,-704.6218672
0.5,1.1,15,4,0.3,30,0,37,0.7,0,49,1,0,30:30.1,05:53.6,2fbo8j836ggx56ii4val7697prg92f4sx65vm0cox53a,2fbo8j836gg9il6538kav71vwdpep4basa440hve8mx2,0,30,0,1,74,30,0,0,75,30,0,49,26,-396.8221826,-500.8682272,-724.0102819
0.5,1.1,15,4,0.3,30,0,38,0.7,0,51,1,0,34:58.8,05:28.2,2fbo8j836ggx56ii4val7697prg92f4sx65vm0cox53a,2fbo8j836gg9il6538kav71vwdpep4basa440hve8mx2,0,30,0,1,74,30,0,0,75,30,0,51,24,-410.58877,-516.6922015,-749.7986798
0.5,1.1,15,4,0.3,30,0,39,0.7,0,51,1,0,33:43.9,05:33.2,2fbo8j836ggx56ii4val7697prg92f4sx65vm0cox53a,2fbo8j836gg9il6538kav71vwdpep4basa440hve8mx2,0,30,0,1,74,30,0,0,75,30,0,51,24,-423.8886366,-529.0687368,-768.9176304
0.5,1.1,15,4,0.3,30,0,40,0.7,0,53,1,0,32:03.9,06:48.8,2fbo8j836ggx56ii4val7697prg92f4sx65vm0cox53a,2fbo8j836gg9il6538kav71vwdpep4basa440hve8mx2,0,30,0,1,74,30,0,0,75,30,0,53,22,-437.513752,-547.1208074,-798.6825886
0.5,1.1,15,4,0.3,30,0,41,0.7,0,53,1,0,39:48.6,06:39.4,2fbo8j836ggx56ii4val7697prg92f4sx65vm0cox53a,2fbo8j836gg9il6538kav71vwdpep4basa440hve8mx2,0,30,0,1,74,30,0,0,75,30,0,53,22,-448.0911282,-559.2618076,-818.0925754
0.5,1.1,15,4,0.3,30,0,42,0.7,0,54,1,0,35:29.1,06:17.4,2fbo8j836ggx56ii4val7697prg92f4sx65vm0cox53a,2fbo8j836gg9il6538kav71vwdpep4basa440hve8mx2,0,30,0,1,74,30,0,0,75,30,0,54,21,-460.2723458,-575.6616019,-842.5099974
0.5,1.1,15,4,0.3,30,0,43,0.7,0,54,1,0,37:44.1,06:38.0,2fbo8j836ggx56ii4val7697prg92f4sx65vm0cox53a,2fbo8j836gg9il6538kav71vwdpep4basa440hve8mx2,0,30,0,1,74,30,0,0,75,30,0,54,21,-469.0917882,-585.8570276,-862.6045152
0.5,1.1,15,4,0.3,30,0,44,0.7,0,56,1,0,34:05.6,06:31.9,2fbo8j836ggx56ii4val7697prg92f4sx65vm0cox53a,2fbo8j836gg9il6538kav71vwdpep4basa440hve8mx2,0,30,0,1,74,30,0,0,75,30,0,56,19,-480.3853895,-598.9423286,-892.7276373
0.5,1.1,15,4,0.3,30,0,45,0.7,0,57,0,0,49:59.4,09:06.4,2fbo8j836gg9il6538kav71vwdpep4basa440hve8mx2,2fbo8j836gg9il6538kav71vwdpep4basa440hve8mx2,0,30,0,0,75,30,0,0,75,30,0,57,18,-492.528671,-613.7208303,-917.245569
0.5,1.1,15,4,0.3,30,0,46,0.7,0,57,0,0,41:05.3,07:44.3,2fbo8j836gg9il6538kav71vwdpep4basa440hve8mx2,2fbo8j836gg9il6538kav71vwdpep4basa440hve8mx2,0,30,0,0,75,30,0,0,75,30,0,57,18,-500.0525624,-624.3117815,-937.6059716
0.5,1.1,15,4,0.3,30,0,47,0.7,0,57,0,0,40:58.2,07:44.4,2fbo8j836gg9il6538kav71vwdpep4basa440hve8mx2,2fbo8j836gg9il6538kav71vwdpep4basa440hve8mx2,0,30,0,0,75,30,0,0,75,30,0,57,18,-508.8512331,-636.120414,-958.2239566
0.5,1.1,15,4,0.3,30,0,48,0.7,0,58,0,0,40:05.5,07:36.4,2fbo8j836gg9il6538kav71vwdpep4basa440hve8mx2,2fbo8j836gg9il6538kav71vwdpep4basa440hve8mx2,0,30,0,0,75,30,0,0,75,30,0,58,17,-519.7331488,-649.5825216,-985.2344095
0.5,1.1,15,4,0.3,30,0,49,0.7,0,58,0,0,38:07.1,07:20.0,2fbo8j836gg9il6538kav71vwdpep4basa440hve8mx2,2fbo8j836gg9il6538kav71vwdpep4basa440hve8mx2,0,30,0,0,75,30,0,0,75,30,0,58,17,-531.0727997,-664.336985,-1005.637131
0.5,1.1,15,4,0.3,30,0,50,0.7,0,58,0,0,40:19.4,07:12.0,2fbo8j836gg9il6538kav71vwdpep4basa440hve8mx2,2fbo8j836gg9il6538kav71vwdpep4basa440hve8mx2,0,30,0,0,75,30,0,0,75,30,0,58,17,-543.2188576,-675.9618724,-1026.567573
0.5,1.1,15,4,0.3,30,0,51,0.7,0,58,0,0,46:54.0,07:59.2,2fbo8j836gg9il6538kav71vwdpep4basa440hve8mx2,2fbo8j836gg9il6538kav71vwdpep4basa440hve8mx2,0,30,0,0,75,30,0,0,75,30,0,58,17,-553.6496701,-690.3400267,-1046.733593
0.5,1.1,15,4,0.3,30,0,52,0.7,0,58,0,0,40:07.9,07:11.9,2fbo8j836gg9il6538kav71vwdpep4basa440hve8mx2,2fbo8j836gg9il6538kav71vwdpep4basa440hve8mx2,0,30,0,0,75,30,0,0,75,30,0,58,17,-567.1116948,-704.2760746,-1067.374337
0.5,1.1,15,4,0.3,30,0,53,0.7,0,59,0,0,43:18.9,07:04.5,2fbo8j836gg9il6538kav71vwdpep4basa440hve8mx2,2fbo8j836gg9il6538kav71vwdpep4basa440hve8mx2,0,30,0,0,75,30,0,0,75,30,0,59,16,-576.3631419,-716.2631242,-1093.306907
0.5,1.1,15,4,0.3,30,0,54,0.7,0,59,0,0,40:39.7,07:20.3,2fbo8j836gg9il6538kav71vwdpep4basa440hve8mx2,2fbo8j836gg9il6538kav71vwdpep4basa440hve8mx2,0,30,0,0,75,30,0,0,75,30,0,59,16,-587.7689189,-731.0407217,-1113.705707
0.5,1.1,15,4,0.3,30,0,55,0.7,0,59,0,0,44:56.6,08:17.6,2fbo8j836gg9il6538kav71vwdpep4basa440hve8mx2,2fbo8j836gg9il6538kav71vwdpep4basa440hve8mx2,0,30,0,0,75,30,0,0,75,30,0,59,16,-597.4812875,-743.049136,-1134.715356
0.5,1.1,15,4,0.3,30,0,56,0.7,0,60,0,0,55:02.8,07:56.8,2fbo8j836gg9il6538kav71vwdpep4basa440hve8mx2,2fbo8j836gg9il6538kav71vwdpep4basa440hve8mx2,0,30,0,0,75,30,0,0,75,30,0,60,15,-608.6000955,-756.9195847,-1159.699767
0.5,1.1,15,4,0.3,30,0,57,0.7,0,60,0,0,52:10.6,09:12.5,2fbo8j836gg9il6538kav71vwdpep4basa440hve8mx2,2fbo8j836gg9il6538kav71vwdpep4basa440hve8mx2,0,30,0,0,75,30,0,0,75,30,0,60,15,-617.4627421,-769.108242,-1180.666593
0.5,1.1,15,4,0.3,30,0,58,0.7,0,60,0,0,47:16.6,08:23.2,2fbo8j836gg9il6538kav71vwdpep4basa440hve8mx2,2fbo8j836gg9il6538kav71vwdpep4basa440hve8mx2,0,30,0,0,75,30,0,0,75,30,0,60,15,-629.5562925,-782.8412776,-1201.255069
0.5,1.1,15,4,0.3,30,0,59,0.7,0,60,0,0,51:05.3,09:26.5,2fbo8j836gg9il6538kav71vwdpep4basa440hve8mx2,2fbo8j836gg9il6538kav71vwdpep4basa440hve8mx2,0,30,0,0,75,30,0,0,75,30,0,60,15,-638.4045236,-795.1997786,-1222.411049
0.5,1.1,15,4,0.3,30,0,60,0.7,0,61,0,0,49:43.6,08:13.8,2fbo8j836gg9il6538kav71vwdpep4basa440hve8mx2,2fbo8j836gg9il6538kav71vwdpep4basa440hve8mx2,0,30,0,0,75,30,0,0,75,30,0,61,14,-648.0202523,-806.9717651,-1246.950191
0.5,1.1,15,4,0.3,30,0,61,0.7,0,62,0,0,46:16.0,09:00.2,2fbo8j836gg9il6538kav71vwdpep4basa440hve8mx2,2fbo8j836gg9il6538kav71vwdpep4basa440hve8mx2,0,30,0,0,75,30,0,0,75,30,0,62,13,-661.6862479,-821.2348086,-1271.991372
0.5,1.1,15,4,0.3,30,0,62,0.7,0,62,0,0,50:47.7,08:30.8,2fbo8j836gg9il6538kav71vwdpep4basa440hve8mx2,2fbo8j836gg9il6538kav71vwdpep4basa440hve8mx2,0,30,0,0,75,30,0,0,75,30,0,62,13,-674.7619332,-837.2052328,-1292.84415
0.5,1.1,15,4,0.3,30,0,63,0.7,0,63,0,0,52:15.0,09:07.5,2fbo8j836gg9il6538kav71vwdpep4basa440hve8mx2,2fbo8j836gg9il6538kav71vwdpep4basa440hve8mx2,0,30,0,0,75,30,0,0,75,30,0,63,12,-687.7670911,-855.4560886,-1319.988358
0.5,1.1,15,4,0.3,30,0,64,0.7,0,63,0,0,01:03.0,09:04.5,2fbo8j836gg9il6538kav71vwdpep4basa440hve8mx2,2fbo8j836gg9il6538kav71vwdpep4basa440hve8mx2,0,30,0,0,75,30,0,0,75,30,0,63,12,-701.342423,-871.5616487,-1341.225401
0.5,1.1,15,4,0.3,30,0,65,0.7,0,63,0,0,54:51.5,09:49.6,2fbo8j836gg9il6538kav71vwdpep4basa440hve8mx2,2fbo8j836gg9il6538kav71vwdpep4basa440hve8mx2,0,30,0,0,75,30,0,0,75,30,0,63,12,-710.9218189,-884.1325529,-1362.088771
0.5,1.1,15,4,0.3,30,0,66,0.7,0,63,0,0,55:12.8,10:23.6,2fbo8j836gg9il6538kav71vwdpep4basa440hve8mx2,2fbo8j836gg9il6538kav71vwdpep4basa440hve8mx2,0,30,0,0,75,30,0,0,75,30,0,63,12,-721.9495329,-896.4462048,-1383.014454
0.5,1.1,15,4,0.3,30,0,67,0.7,0,63,0,0,52:58.6,10:26.6,2fbo8j836gg9il6538kav71vwdpep4basa440hve8mx2,2fbo8j836gg9il6538kav71vwdpep4basa440hve8mx2,0,30,0,0,75,30,0,0,75,30,0,63,12,-730.8515234,-907.931006,-1404.12296
0.5,1.1,15,4,0.3,30,0,68,0.7,0,63,0,0,54:12.4,10:14.5,2fbo8j836gg9il6538kav71vwdpep4basa440hve8mx2,2fbo8j836gg9il6538kav71vwdpep4basa440hve8mx2,0,30,0,0,75,30,0,0,75,30,0,63,12,-741.8104664,-921.7775479,-1424.884192
0.5,1.1,15,4,0.3,30,0,69,0.7,0,63,0,0,01:55.6,11:56.6,2fbo8j836gg9il6538kav71vwdpep4basa440hve8mx2,2fbo8j836gg9il6538kav71vwdpep4basa440hve8mx2,0,30,0,0,75,30,0,0,75,30,0,63,12,-753.5825929,-932.8030739,-1445.672675
0.5,1.1,15,4,0.3,30,0,70,0.7,0,63,0,0,55:28.8,10:36.2,2fbo8j836gg9il6538kav71vwdpep4basa440hve8mx2,2fbo8j836gg9il6538kav71vwdpep4basa440hve8mx2,0,30,0,0,75,30,0,0,75,30,0,63,12,-765.2463593,-944.9349659,-1466.801894
0.5,1.1,15,4,0.3,30,0,71,0.7,0,63,0,0,57:45.4,10:56.3,2fbo8j836gg9il6538kav71vwdpep4basa440hve8mx2,2fbo8j836gg9il6538kav71vwdpep4basa440hve8mx2,0,30,0,0,75,30,0,0,75,30,0,63,12,-775.4652591,-958.2951489,-1488.096592
0.5,1.1,15,4,0.3,30,0,72,0.7,0,63,0,0,02:54.1,11:07.3,2fbo8j836gg9il6538kav71vwdpep4basa440hve8mx2,2fbo8j836gg9il6538kav71vwdpep4basa440hve8mx2,0,30,0,0,75,30,0,0,75,30,0,63,12,-786.8354283,-971.7996894,-1509.262262
0.5,1.1,15,4,0.3,30,0,73,0.7,0,63,0,0,03:20.1,11:39.6,2fbo8j836gg9il6538kav71vwdpep4basa440hve8mx2,2fbo8j836gg9il6538kav71vwdpep4basa440hve8mx2,0,30,0,0,75,30,0,0,75,30,0,63,12,-795.7857377,-983.5089135,-1530.180912
0.5,1.1,15,4,0.3,30,0,74,0.7,0,63,0,0,04:53.4,10:39.2,2fbo8j836gg9il6538kav71vwdpep4basa440hve8mx2,2fbo8j836gg9il6538kav71vwdpep4basa440hve8mx2,0,30,0,0,75,30,0,0,75,30,0,63,12,-805.2872761,-997.5511297,-1551.694615
0.5,1.1,15,4,0.3,30,0,75,0.7,0,63,0,0,57:20.6,10:40.5,2fbo8j836gg9il6538kav71vwdpep4basa440hve8mx2,2fbo8j836gg9il6538kav71vwdpep4basa440hve8mx2,0,30,0,0,75,30,0,0,75,30,0,63,12,-813.8492058,-1008.557156,-1572.475556
0.5,1.1,15,4,0.3,30,0,76,0.7,0,63,0,0,56:55.4,10:43.4,2fbo8j836gg9il6538kav71vwdpep4basa440hve8mx2,2fbo8j836gg9il6538kav71vwdpep4basa440hve8mx2,0,30,0,0,75,30,0,0,75,30,0,63,12,-826.8856081,-1025.386891,-1593.370393
0.5,1.1,15,4,0.3,30,0,77,0.7,0,63,0,0,07:47.6,11:11.9,2fbo8j836gg9il6538kav71vwdpep4basa440hve8mx2,2fbo8j836gg9il6538kav71vwdpep4basa440hve8mx2,0,30,0,0,75,30,0,0,75,30,0,63,12,-836.7561365,-1038.910343,-1614.372046
0.5,1.1,15,4,0.3,30,0,78,0.7,0,63,0,0,23:21.2,16:27.3,2fbo8j836gg9il6538kav71vwdpep4basa440hve8mx2,2fbo8j836gg9il6538kav71vwdpep4basa440hve8mx2,0,30,0,0,75,30,0,0,75,30,0,63,12,-849.0128017,-1053.565669,-1635.447201
0.5,1.1,15,4,0.3,30,0,79,0.7,0,63,0,0,23:41.9,15:52.6,2fbo8j836gg9il6538kav71vwdpep4basa440hve8mx2,2fbo8j836gg9il6538kav71vwdpep4basa440hve8mx2,0,30,0,0,75,30,0,0,75,30,0,63,12,-857.2762368,-1064.45183,-1656.448131
0.5,1.1,15,4,0.3,30,0,80,0.7,0,63,0,0,35:12.2,17:59.6,2fbo8j836gg9il6538kav71vwdpep4basa440hve8mx2,2fbo8j836gg9il6538kav71vwdpep4basa440hve8mx2,0,30,0,0,75,30,0,0,75,30,0,63,12,-868.6596066,-1077.09547,-1677.444846
0.5,1.1,15,4,0.3,30,0,81,0.7,0,63,0,0,24:48.5,16:28.5,2fbo8j836gg9il6538kav71vwdpep4basa440hve8mx2,2fbo8j836gg9il6538kav71vwdpep4basa440hve8mx2,0,30,0,0,75,30,0,0,75,30,0,63,12,-877.1624338,-1088.556535,-1698.706935
0.5,1.1,15,4,0.3,30,0,82,0.7,0,63,0,0,21:20.7,16:11.6,2fbo8j836gg9il6538kav71vwdpep4basa440hve8mx2,2fbo8j836gg9il6538kav71vwdpep4basa440hve8mx2,0,30,0,0,75,30,0,0,75,30,0,63,12,-885.3309866,-1099.89416,-1720.149424
0.5,1.1,15,4,0.3,30,0,83,0.7,0,64,0,0,21:01.5,15:55.3,2fbo8j836gg9il6538kav71vwdpep4basa440hve8mx2,2fbo8j836gg9il6538kav71vwdpep4basa440hve8mx2,0,30,0,0,75,30,0,0,75,30,0,64,11,-895.549012,-1113.295856,-1748.345565
0.5,1.1,15,4,0.3,30,0,84,0.7,0,64,0,0,24:52.5,17:03.7,2fbo8j836gg9il6538kav71vwdpep4basa440hve8mx2,2fbo8j836gg9il6538kav71vwdpep4basa440hve8mx2,0,30,0,0,75,30,0,0,75,30,0,64,11,-905.6926188,-1125.437615,-1769.527954
0.5,1.1,15,4,0.3,30,0,85,0.7,0,65,0,0,24:54.0,16:52.5,2fbo8j836gg9il6538kav71vwdpep4basa440hve8mx2,2fbo8j836gg9il6538kav71vwdpep4basa440hve8mx2,0,30,0,0,75,30,0,0,75,30,0,65,10,-918.4888796,-1141.744472,-1798.574018
0.5,1.1,15,4,0.3,30,0,86,0.7,0,65,0,0,25:22.3,17:13.3,2fbo8j836gg9il6538kav71vwdpep4basa440hve8mx2,2fbo8j836gg9il6538kav71vwdpep4basa440hve8mx2,0,30,0,0,75,30,0,0,75,30,0,65,10,-928.6793696,-1152.322237,-1819.712868
0.5,1.1,15,4,0.3,30,0,87,0.7,0,65,0,0,49:01.0,16:50.5,2fbo8j836gg9il6538kav71vwdpep4basa440hve8mx2,2fbo8j836gg9il6538kav71vwdpep4basa440hve8mx2,0,30,0,0,75,30,0,0,75,30,0,65,10,-939.2702111,-1165.278336,-1840.751598
0.5,1.1,15,4,0.3,30,0,88,0.7,0,65,0,0,34:30.5,18:33.3,2fbo8j836gg9il6538kav71vwdpep4basa440hve8mx2,2fbo8j836gg9il6538kav71vwdpep4basa440hve8mx2,0,30,0,0,75,30,0,0,75,30,0,65,10,-949.9616974,-1179.597009,-1862.106121
0.5,1.1,15,4,0.3,30,0,89,0.7,0,65,0,0,22:37.5,15:36.0,2fbo8j836gg9il6538kav71vwdpep4basa440hve8mx2,2fbo8j836gg9il6538kav71vwdpep4basa440hve8mx2,0,30,0,0,75,30,0,0,75,30,0,65,10,-961.5819211,-1195.513485,-1883.200048
0.5,1.1,15,4,0.3,30,0,90,0.7,0,65,0,0,28:58.9,17:01.9,2fbo8j836gg9il6538kav71vwdpep4basa440hve8mx2,2fbo8j836gg9il6538kav71vwdpep4basa440hve8mx2,0,30,0,0,75,30,0,0,75,30,0,65,10,-969.463234,-1206.260596,-1904.351605
0.5,1.1,15,4,0.3,30,0,91,0.7,0,65,0,0,32:04.3,16:57.0,2fbo8j836gg9il6538kav71vwdpep4basa440hve8mx2,2fbo8j836gg9il6538kav71vwdpep4basa440hve8mx2,0,30,0,0,75,30,0,0,75,30,0,65,10,-981.1981158,-1221.238388,-1925.292418
0.5,1.1,15,4,0.3,30,0,92,0.7,0,65,0,0,30:31.3,16:50.4,2fbo8j836gg9il6538kav71vwdpep4basa440hve8mx2,2fbo8j836gg9il6538kav71vwdpep4basa440hve8mx2,0,30,0,0,75,30,0,0,75,30,0,65,10,-991.7558373,-1233.779007,-1946.401571
0.5,1.1,15,4,0.3,30,0,93,0.7,0,65,0,0,24:44.6,16:59.3,2fbo8j836gg9il6538kav71vwdpep4basa440hve8mx2,2fbo8j836gg9il6538kav71vwdpep4basa440hve8mx2,0,30,0,0,75,30,0,0,75,30,0,65,10,-1005.297616,-1247.012481,-1967.789804
0.5,1.1,15,4,0.3,30,0,94,0.7,0,65,0,0,22:57.6,16:10.7,2fbo8j836gg9il6538kav71vwdpep4basa440hve8mx2,2fbo8j836gg9il6538kav71vwdpep4basa440hve8mx2,0,30,0,0,75,30,0,0,75,30,0,65,10,-1015.485672,-1258.393153,-1988.704586
0.5,1.1,15,4,0.3,30,0,95,0.7,0,65,0,0,28:51.6,17:22.5,2fbo8j836gg9il6538kav71vwdpep4basa440hve8mx2,2fbo8j836gg9il6538kav71vwdpep4basa440hve8mx2,0,30,0,0,75,30,0,0,75,30,0,65,10,-1024.877356,-1268.987365,-2009.971053
0.5,1.1,15,4,0.3,30,0,96,0.7,0,65,0,0,33:00.4,18:05.6,2fbo8j836gg9il6538kav71vwdpep4basa440hve8mx2,2fbo8j836gg9il6538kav71vwdpep4basa440hve8mx2,0,30,0,0,75,30,0,0,75,30,0,65,10,-1037.853761,-1283.841428,-2031.534908
0.5,1.1,15,4,0.3,30,0,97,0.7,0,65,0,0,38:02.5,19:26.0,2fbo8j836gg9il6538kav71vwdpep4basa440hve8mx2,2fbo8j836gg9il6538kav71vwdpep4basa440hve8mx2,0,30,0,0,75,30,0,0,75,30,0,65,10,-1053.042504,-1297.393994,-2052.530162
0.5,1.1,15,4,0.3,30,0,98,0.7,0,65,0,0,52:38.7,09:53.5,2fbo8j836gg9il6538kav71vwdpep4basa440hve8mx2,2fbo8j836gg9il6538kav71vwdpep4basa440hve8mx2,0,30,0,0,75,30,0,0,75,30,0,65,10,-1065.038646,-1310.346255,-2073.679198
0.5,1.1,15,4,0.3,30,0,99,0.7,0,65,0,0,50:18.9,09:16.4,2fbo8j836gg9il6538kav71vwdpep4basa440hve8mx2,2fbo8j836gg9il6538kav71vwdpep4basa440hve8mx2,0,30,0,0,75,30,0,0,75,30,0,65,10,-1076.897102,-1324.41325,-2094.620334