probRewire,numNodesInput,numlinks,theta,numX,propX,startNode,numsamples,numgraphs,xlen,spearman,rank,numnodesPost,clusterSpearman,time
0.2,20,4,0.5,1,0.3,random,100,100,6,-0.61273686654466175,38,6,-0.54076632272499725,2.746124029159546
0.2,20,4,0.5,1,0.3,fixed,100,100,6,-0.13835537268856155,67,6,-0.58208045361097716,2.8255698680877686
0.2,20,4,0.5,1,0.4,random,100,100,8,-0.437228554879312,86,8,-0.25958046014493913,4.445513010025024
0.2,20,4,0.5,1,0.4,fixed,100,100,8,-0.51214963282867854,61,8,-0.33448023333875704,4.317990064620972
0.2,20,4,0.5,1,0.5,random,100,100,10,-0.39665757663656093,27,10,-0.20404579879450388,5.996644973754883
0.2,20,4,0.5,1,0.5,fixed,100,100,10,-0.30581769076593107,68,10,-0.21933036964900299,5.988953113555908
0.2,20,4,0.5,1,0.6,random,100,100,12,-0.5781483200614701,45,12,-0.25251150389658505,7.7014641761779785
0.2,20,4,0.5,1,0.6,fixed,100,100,12,-0.40231266854861242,57,12,-0.31854876520074638,7.648927927017212
0.2,20,4,0.5,1,0.7,random,100,100,14,-0.23870130551774316,62,14,-0.15962001837981349,9.370383977890015
0.2,20,4,0.5,1,0.7,fixed,100,100,14,-0.38649560626198765,33,14,-0.27942173791950192,9.297666072845459
0.2,20,4,0.5,1,0.8,random,100,100,16,-0.43637408724508819,34,16,0.049770320848891395,11.152929067611694
0.2,20,4,0.5,1,0.8,fixed,100,100,16,-0.33192234628345607,51,16,-0.14582348421317901,11.272797107696533
0.2,20,4,0.5,1,0.9,random,100,100,18,-0.29459495951932035,53,18,-0.084220443359235037,12.853410005569458
0.2,20,4,0.5,1,0.9,fixed,100,100,18,-0.43750621940795636,63,18,-0.23563121833894424,12.97521710395813
0.2,20,4,0.5,1,1.0,random,100,100,20,-0.34373578034144259,76,20,-0.31003165367505525,14.344974994659424
0.2,20,4,0.5,1,1.0,fixed,100,100,20,-0.19695768869364602,72,20,-0.11010633191710327,14.966109991073608
0.2,20,4,0.5,2,0.3,random,100,100,6,-0.26413939166383488,84,9,-0.67455151189972395,7.49514102935791
0.2,20,4,0.5,2,0.3,fixed,100,100,6,-0.69639899928542992,4,9,-0.64599469030013268,5.798142910003662
0.2,20,4,0.5,2,0.4,random,100,100,8,-0.2200435819605838,94,14,-0.48109887310928878,11.094949007034302
0.2,20,4,0.5,2,0.4,fixed,100,100,8,-0.55143239046975456,41,13,-0.30751319663339843,12.054284811019897
0.2,20,4,0.5,2,0.5,random,100,100,10,-0.30112517229474933,84,16,-0.18629045340871556,12.706460952758789
0.2,20,4,0.5,2,0.5,fixed,100,100,10,-0.16747192571796965,101,13,-0.36809812271028497,10.95384693145752
0.2,20,4,0.5,2,0.6,random,100,100,12,-0.20117357165972258,37,18,-0.25045605109575758,16.06564497947693
0.2,20,4,0.5,2,0.6,fixed,100,100,12,-0.37854721573243755,53,17,-0.30085389051781081,16.92735004425049
0.2,20,4,0.5,2,0.7,random,100,100,14,-0.52175489690982579,48,20,-0.22541854185418542,19.086189031600952
0.2,20,4,0.5,2,0.7,fixed,100,100,14,-0.55946865680446756,30,18,-0.36004800480048005,14.128466844558716
0.2,20,4,0.5,2,0.8,random,100,100,16,-0.53170588845390332,8,18,-0.30784370790329951,16.601578950881958
0.2,20,4,0.5,2,0.8,fixed,100,100,16,-0.42612390984793008,15,19,-0.24576057605760576,19.635910034179688
0.2,20,4,0.5,2,0.9,random,100,100,18,-0.33568920170866356,3,20,-0.085760576057605772,16.825525999069214
0.2,20,4,0.5,2,0.9,fixed,100,100,18,-0.32949418963873162,4,20,-0.31619561956195619,18.595867156982422
0.2,20,4,0.5,2,1.0,random,100,100,20,-0.41817430480238088,1,20,-0.15055505550555057,20.155414819717407
0.2,20,4,0.5,2,1.0,fixed,100,100,20,-0.37439758109775279,11,20,-0.46036603660366038,23.810043811798096
0.2,20,4,0.5,3,0.3,random,100,100,6,-0.44716418711502376,62,14,-0.36127731569364097,9.582149028778076
0.2,20,4,0.5,3,0.3,fixed,100,100,6,-0.42354174364845293,49,10,-0.18620755893326499,8.956487894058228
0.2,20,4,0.5,3,0.4,random,100,100,8,-0.46135169796723291,51,17,-0.38383529262671862,12.800715923309326
0.2,20,4,0.5,3,0.4,fixed,100,100,8,-0.47497198505547444,8,11,-0.26957500115546357,10.998193979263306
0.2,20,4,0.5,3,0.5,random,100,100,10,-0.51753825021159139,20,18,-0.28312116148090677,19.06724786758423
0.2,20,4,0.5,3,0.5,fixed,100,100,10,-0.48840744936100589,6,17,-0.25779332609720707,20.993088960647583
0.2,20,4,0.5,3,0.6,random,100,100,12,-0.24593740730195265,7,16,-0.37491861661919912,22.347981929779053
0.2,20,4,0.5,3,0.6,fixed,100,100,12,-0.55614247098278669,3,18,-0.17833783378337834,19.454578161239624
0.2,20,4,0.5,3,0.7,random,100,100,14,-0.50941832419049471,2,20,-0.21722172217221722,21.07157802581787
0.2,20,4,0.5,3,0.7,fixed,100,100,14,-0.38055513651438089,24,19,-0.38148329278087334,21.348335027694702
0.2,20,4,0.5,3,0.8,random,100,100,16,-0.54259252579318851,1,20,-0.31828382838283831,23.847336053848267
0.2,20,4,0.5,3,0.8,fixed,100,100,16,-0.58309262851186305,1,20,-0.22557455745574559,28.063313007354736
0.2,20,4,0.5,3,0.9,random,100,100,18,-0.46368279878417101,1,20,-0.39109510951095111,27.350881099700928
0.2,20,4,0.5,3,0.9,fixed,100,100,18,-0.46368365891580482,1,20,-0.42479447944794479,28.46697998046875
0.2,20,4,0.5,3,1.0,random,100,100,20,-0.29092818296203909,1,20,-0.33552955295529557,28.3675479888916
0.2,20,4,0.5,3,1.0,fixed,100,100,20,-0.45874577735301952,1,20,-0.42885088508850888,29.399763822555542
0.2,20,4,0.5,4,0.3,random,100,100,6,-0.44346820039532753,41,14,-0.57360866217694384,10.063817977905273
0.2,20,4,0.5,4,0.3,fixed,100,100,6,-0.60259110467803745,33,13,-0.64100763900525815,14.753228902816772
0.2,20,4,0.5,4,0.4,random,100,100,8,-0.61820162061965722,6,15,-0.38858919046118423,17.199347972869873
0.2,20,4,0.5,4,0.4,fixed,100,100,8,-0.67921019734986343,2,16,-0.51898745571027383,23.710460901260376
0.2,20,4,0.5,4,0.5,random,100,100,10,-0.61338381270559417,7,19,-0.42767476747674771,21.067511081695557
0.2,20,4,0.5,4,0.5,fixed,100,100,10,-0.49584859433472256,15,19,-0.33515751575157515,21.985077142715454
0.2,20,4,0.5,4,0.6,random,100,100,12,-0.44469698254899287,1,20,-0.24836483648364838,26.060765981674194
0.2,20,4,0.5,4,0.6,fixed,100,100,12,-0.47035023468410342,1,18,-0.39728772877287732,31.880847930908203
0.2,20,4,0.5,4,0.7,random,100,100,14,-0.38000884729136714,1,19,-0.38310231023102315,28.76158881187439
0.2,20,4,0.5,4,0.7,fixed,100,100,14,-0.54079640117705763,1,20,-0.33604560456045607,29.44060206413269
0.2,20,4,0.5,4,0.8,random,100,100,16,-0.20801907056983993,1,20,0.0045964596459645967,31.707154035568237
0.2,20,4,0.5,4,0.8,fixed,100,100,16,-0.52894441836818862,1,20,-0.50009000900090017,30.270673990249634
0.2,20,4,0.5,4,0.9,random,100,100,18,-0.42615463006950394,1,20,-0.50949894989498956,35.98495316505432
0.2,20,4,0.5,4,0.9,fixed,100,100,18,-0.46143304372606297,1,20,-0.48631263126312629,34.89420008659363
0.2,20,4,0.5,4,1.0,random,100,100,20,-0.54870947743010712,1,20,-0.46983498349834985,36.93429708480835
0.2,20,4,0.5,4,1.0,fixed,100,100,20,-0.51032449434292904,1,20,-0.42618661866186625,35.91148900985718
0.2,25,4,0.5,1,0.3,random,100,100,8,-0.278518559071811,29,8,-0.45878893106326896,4.621639013290405
0.2,25,4,0.5,1,0.3,fixed,100,100,8,-0.5906456437744908,12,8,-0.34905443960173704,4.546809911727905
0.2,25,4,0.5,1,0.4,random,100,100,10,-0.08801072870670501,56,10,-0.41555685516370472,6.3665971755981445
0.2,25,4,0.5,1,0.4,fixed,100,100,10,-0.52219459595237061,44,10,-0.40241888715925389,6.157441139221191
0.2,25,4,0.5,1,0.5,random,100,100,13,-0.43997841180599706,6,13,-0.19017381679864695,8.966948986053467
0.2,25,4,0.5,1,0.5,fixed,100,100,13,-0.40250703494820045,14,13,-0.17769602328970335,8.852285146713257
0.2,25,4,0.5,1,0.6,random,100,100,15,-0.45388593050058007,29,15,-0.32382101568602312,10.747107982635498
0.2,25,4,0.5,1,0.6,fixed,100,100,15,-0.1329226774043698,56,15,-0.22892806305500751,10.735461950302124
0.2,25,4,0.5,1,0.7,random,100,100,18,-0.42834100746391474,45,18,-0.19993579300953632,13.75295901298523
0.2,25,4,0.5,1,0.7,fixed,100,100,18,-0.31087049026487068,76,18,-0.15344223391248371,13.787951946258545
0.2,25,4,0.5,1,0.8,random,100,100,20,-0.22414544653526902,83,20,-0.12158399457128204,15.91009783744812
0.2,25,4,0.5,1,0.8,fixed,100,100,20,-0.41126607305867935,47,20,-0.072452853234391296,15.827241897583008
0.2,25,4,0.5,1,0.9,random,100,100,23,-0.33588575902669682,67,23,-0.14974587306524062,18.626286029815674
0.2,25,4,0.5,1,0.9,fixed,100,100,23,-0.53685870928855561,29,23,-0.1598204615082546,18.536422967910767
0.2,25,4,0.5,1,1.0,random,100,100,25,-0.13077606884741083,74,25,-0.2047764776477648,20.4293851852417
0.2,25,4,0.5,1,1.0,fixed,100,100,25,-0.47223613218138183,38,25,-0.18736986120866114,20.36158800125122
0.2,25,4,0.5,2,0.3,random,100,100,8,-0.53642974320027292,53,15,-0.4126820312153906,14.565344095230103
0.2,25,4,0.5,2,0.3,fixed,100,100,8,-0.29722799288955037,92,14,-0.32962350853639683,14.25593090057373
0.2,25,4,0.5,2,0.4,random,100,100,10,-0.20300421566694257,36,16,-0.27008181842851364,15.15510892868042
0.2,25,4,0.5,2,0.4,fixed,100,100,10,-0.2627334494540442,20,16,-0.29020789141412173,14.830848932266235
0.2,25,4,0.5,2,0.5,random,100,100,13,-0.54551944155992438,47,22,-0.27284210273780996,15.065076112747192
0.2,25,4,0.5,2,0.5,fixed,100,100,13,-0.37352783154519359,31,20,-0.28305855176530076,20.626503944396973
0.2,25,4,0.5,2,0.6,random,100,100,15,-0.44090604678877438,7,19,-0.26585738331167763,19.2001690864563
0.2,25,4,0.5,2,0.6,fixed,100,100,15,-0.51059378458458837,14,20,-0.12288028802880288,17.180749893188477
0.2,25,4,0.5,2,0.7,random,100,100,18,-0.52011872642837476,9,22,-0.3311611161116112,25.39462184906006
0.2,25,4,0.5,2,0.7,fixed,100,100,18,-0.38759595814742531,15,23,-0.26555214853252485,26.69187903404236
0.2,25,4,0.5,2,0.8,random,100,100,20,-0.30070918320823353,49,25,-0.20973297329732973,25.050947904586792
0.2,25,4,0.5,2,0.8,fixed,100,100,20,-0.55941620239821055,16,25,-0.24165689066082566,23.88124990463257
0.2,25,4,0.5,2,0.9,random,100,100,23,-0.46420702897485,6,25,-0.33063306330633063,28.321858882904053
0.2,25,4,0.5,2,0.9,fixed,100,100,23,-0.42907237333422715,1,25,-0.20745274527452745,26.33130693435669
0.2,25,4,0.5,2,1.0,random,100,100,25,-0.38479561843479493,2,25,-0.36394839483948399,27.232656002044678
0.2,25,4,0.5,2,1.0,fixed,100,100,25,-0.43165375209437912,4,25,-0.39483948394839485,27.950194835662842
0.2,25,4,0.5,3,0.3,random,100,100,8,-0.35377648041908755,88,19,-0.41196308354101918,12.558879852294922
0.2,25,4,0.5,3,0.3,fixed,100,100,8,-0.5060739580326542,9,12,-0.37198012564272326,14.615530967712402
0.2,25,4,0.5,3,0.4,random,100,100,10,-0.50646537350858678,46,19,-0.24407513974049175,22.540167093276978
0.2,25,4,0.5,3,0.4,fixed,100,100,10,-0.22369527706056405,32,19,-0.28238823882388236,26.921153783798218
0.2,25,4,0.5,3,0.5,random,100,100,13,-0.42411233432955814,2,20,-0.41254125412541259,22.27282214164734
0.2,25,4,0.5,3,0.5,fixed,100,100,13,-0.3025309525688204,29,24,-0.24142886717440554,30.136590003967285
0.2,25,4,0.5,3,0.6,random,100,100,15,-0.42722969168114361,5,24,-0.042424242424242427,25.071144104003906
0.2,25,4,0.5,3,0.6,fixed,100,100,15,-0.4839204131414232,4,25,-0.2241104110411041,26.86318016052246
0.2,25,4,0.5,3,0.7,random,100,100,18,-0.57374673278245425,1,25,-0.26676267626762679,33.85670208930969
0.2,25,4,0.5,3,0.7,fixed,100,100,18,-0.49438657348979903,1,24,-0.30169816981698172,30.846765995025635
0.2,25,4,0.5,3,0.8,random,100,100,20,-0.38197720313698058,1,24,-0.22465046504650465,39.690393924713135
0.2,25,4,0.5,3,0.8,fixed,100,100,20,-0.54493937842423945,1,24,-0.18281428142814282,33.95834398269653
0.2,25,4,0.5,3,0.9,random,100,100,23,-0.43635821226117627,1,25,-0.20054005400540054,38.60935616493225
0.2,25,4,0.5,3,0.9,fixed,100,100,23,-0.61683028554367181,1,25,-0.40877287728772876,36.11484217643738
0.2,25,4,0.5,3,1.0,random,100,100,25,-0.33873399121592263,1,25,-0.34105010501050104,39.170347929000854
0.2,25,4,0.5,3,1.0,fixed,100,100,25,-0.47438418872632193,1,25,-0.37893789378937898,43.14004611968994
0.2,25,4,0.5,4,0.3,random,100,100,8,-0.55461769540413253,2,17,-0.3220171677697295,28.582334995269775
0.2,25,4,0.5,4,0.3,fixed,100,100,8,-0.43740520234552038,17,16,-0.31165916591659165,24.91676092147827
0.2,25,4,0.5,4,0.4,random,100,100,10,-0.39083415251644993,43,21,-0.19758775877587761,35.47698903083801
0.2,25,4,0.5,4,0.4,fixed,100,100,10,-0.52868957025737706,1,15,-0.22173417341734172,25.385462999343872
0.2,25,4,0.5,4,0.5,random,100,100,13,-0.477914468615461,2,23,-0.35074707470747074,33.27560305595398
0.2,25,4,0.5,4,0.5,fixed,100,100,13,-0.46704533723981551,1,23,-0.26399039903990401,45.91326713562012
0.2,25,4,0.5,4,0.6,random,100,100,15,-0.53507646072463888,1,23,-0.38259825982598261,38.963006019592285
0.2,25,4,0.5,4,0.6,fixed,100,100,15,-0.25301472389986351,1,25,-0.20820882088208822,48.212888956069946
0.2,25,4,0.5,4,0.7,random,100,100,18,-0.35509441807076275,1,25,-0.26000600060006002,42.94272494316101
0.2,25,4,0.5,4,0.7,fixed,100,100,18,-0.35408033272462774,1,25,-0.22754275427542753,44.025962114334106
0.2,25,4,0.5,4,0.8,random,100,100,20,-0.25685690033565067,1,25,-0.20310831083108311,43.38149094581604
0.2,25,4,0.5,4,0.8,fixed,100,100,20,-0.52447686331943832,1,25,-0.33362136213621363,44.52956509590149
0.2,25,4,0.5,4,0.9,random,100,100,23,-0.3324454410524999,1,25,-0.3551035103510351,47.1768319606781
0.2,25,4,0.5,4,0.9,fixed,100,100,23,-0.34627530103430731,1,25,-0.24412841284128414,50.11869406700134
0.2,25,4,0.5,4,1.0,random,100,100,25,-0.39905101995282505,1,25,-0.34917491749174923,50.8289520740509
0.2,25,4,0.5,4,1.0,fixed,100,100,25,-0.55607323558829935,1,25,-0.31371137113711373,58.44178605079651
0.2,30,4,0.5,1,0.3,random,100,100,9,-0.4445761765518626,59,9,-0.39144818027754247,5.712422847747803
0.2,30,4,0.5,1,0.3,fixed,100,100,9,-0.20476525354400349,43,9,-0.30279965866711894,5.7839319705963135
0.2,30,4,0.5,1,0.4,random,100,100,12,-0.57747901294641724,39,12,-0.2125962135701622,8.556979894638062
0.2,30,4,0.5,1,0.4,fixed,100,100,12,-0.58225509526752206,38,12,-0.43375639718988651,8.532973051071167
0.2,30,4,0.5,1,0.5,random,100,100,15,-0.47040117069497978,68,15,-0.32135548921394741,11.615373134613037
0.2,30,4,0.5,1,0.5,fixed,100,100,15,-0.34650327890379556,80,15,-0.39887893698603211,11.24244999885559
0.2,30,4,0.5,1,0.6,random,100,100,18,-0.47557152077375126,31,18,-0.16736276144402221,14.329103946685791
0.2,30,4,0.5,1,0.6,fixed,100,100,18,-0.54471274177881224,21,18,-0.24378110945537107,14.166570901870728
0.2,30,4,0.5,1,0.7,random,100,100,21,-0.23836909863116357,77,21,0.077624693971314385,17.15537691116333
0.2,30,4,0.5,1,0.7,fixed,100,100,21,-0.28585058266554858,59,21,-0.045832858283803166,17.789262056350708
0.2,30,4,0.5,1,0.8,random,100,100,24,-0.29775099664884852,1,24,-0.038127927176670795,20.72241497039795
0.2,30,4,0.5,1,0.8,fixed,100,100,24,-0.33067977421108774,69,24,-0.10806545494016903,20.572270154953003
0.2,30,4,0.5,1,0.9,random,100,100,27,-0.24039413980476873,60,27,0.0079388176982586496,23.04007315635681
0.2,30,4,0.5,1,0.9,fixed,100,100,27,-0.34271683889360577,43,27,-0.16642714199637462,23.794602870941162
0.2,30,4,0.5,1,1.0,random,100,100,30,-0.26521242294274139,52,30,-0.19075479228008493,26.671561002731323
0.2,30,4,0.5,1,1.0,fixed,100,100,30,-0.30038043259521241,51,30,-0.080156256094738504,26.52225613594055
0.2,30,4,0.5,2,0.3,random,100,100,9,-0.28268482936299599,35,14,-0.26513449049623816,14.923387050628662
0.2,30,4,0.5,2,0.3,fixed,100,100,9,-0.63068684101252426,14,13,-0.43206639146695658,12.290621995925903
0.2,30,4,0.5,2,0.4,random,100,100,12,-0.37787364521944117,53,18,-0.26090165558018824,21.934137105941772
0.2,30,4,0.5,2,0.4,fixed,100,100,12,-0.40870536076048264,40,15,-0.15936441453541439,22.215131044387817
0.2,30,4,0.5,2,0.5,random,100,100,15,-0.54986771156937952,24,22,-0.12535291135043325,28.135211944580078
0.2,30,4,0.5,2,0.5,fixed,100,100,15,-0.57341691498046754,17,21,-0.28083492599864179,18.676508903503418
0.2,30,4,0.5,2,0.6,random,100,100,18,-0.45031960329849419,9,24,-0.14185418541854186,30.964462995529175
0.2,30,4,0.5,2,0.6,fixed,100,100,18,-0.4961485840199189,50,28,-0.39583558355835585,32.73952317237854
0.2,30,4,0.5,2,0.7,random,100,100,21,-0.35730784073604049,12,27,-0.14939093909390941,37.233678102493286
0.2,30,4,0.5,2,0.7,fixed,100,100,21,-0.43090556916522316,9,27,-0.17066906690669068,29.170008897781372
0.2,30,4,0.5,2,0.8,random,100,100,24,-0.45897999442401866,16,28,-0.28690069006900693,29.595531940460205
0.2,30,4,0.5,2,0.8,fixed,100,100,24,-0.53279385108256638,48,29,-0.022640331954293189,29.82769203186035
0.2,30,4,0.5,2,0.9,random,100,100,27,-0.34697455842774294,5,30,-0.16986498649864987,41.4707190990448
0.2,30,4,0.5,2,0.9,fixed,100,100,27,-0.46049179018025072,1,30,-0.42132613261326135,32.6632080078125
0.2,30,4,0.5,2,1.0,random,100,100,30,-0.48775183195471383,12,30,-0.20891689168916891,36.83451509475708
0.2,30,4,0.5,2,1.0,fixed,100,100,30,-0.55560175401068423,1,30,-0.25304530453045304,38.07086110115051
0.2,30,4,0.5,3,0.3,random,100,100,9,-0.59810622240592271,1,17,-0.34891298478266808,16.97114086151123
0.2,30,4,0.5,3,0.3,fixed,100,100,9,-0.63341095372631828,7,15,-0.5624079280191171,18.329561948776245
0.2,30,4,0.5,3,0.4,random,100,100,12,-0.39123640059739773,34,24,-0.18646376516246391,31.024345874786377
0.2,30,4,0.5,3,0.4,fixed,100,100,12,-0.39979856842407596,3,24,-0.36283228322832284,42.5267870426178
0.2,30,4,0.5,3,0.5,random,100,100,15,-0.52285666796510777,4,27,-0.38097809780978098,32.58856511116028
0.2,30,4,0.5,3,0.5,fixed,100,100,15,-0.4391622407936841,2,24,-0.1908190819081908,30.029714107513428
0.2,30,4,0.5,3,0.6,random,100,100,18,-0.53620150230041874,1,28,-0.35847584758475848,38.42462205886841
0.2,30,4,0.5,3,0.6,fixed,100,100,18,-0.42394250702233194,17,24,-0.20870087008700869,50.845844984054565
0.2,30,4,0.5,3,0.7,random,100,100,21,-0.50271941370362649,1,30,-0.28288028802880288,39.89590287208557
0.2,30,4,0.5,3,0.7,fixed,100,100,21,-0.4111273704927878,6,30,-0.20010801080108012,38.60702705383301
0.2,30,4,0.5,3,0.8,random,100,100,24,-0.43540092081733978,1,30,-0.17478547854785478,43.84605813026428
0.2,30,4,0.5,3,0.8,fixed,100,100,24,-0.39320362784022139,1,30,-0.31164716471647169,43.3326849937439
0.2,30,4,0.5,3,0.9,random,100,100,27,-0.46673708806246123,1,30,-0.31104710471047103,47.000041007995605
0.2,30,4,0.5,3,0.9,fixed,100,100,27,-0.32606803300303672,1,30,-0.29794179417941796,48.65426802635193
0.2,30,4,0.5,3,1.0,random,100,100,30,-0.23831367675120749,1,30,-0.36798079807980799,54.96924185752869
0.2,30,4,0.5,3,1.0,fixed,100,100,30,-0.44990509096862291,1,30,-0.30041404140414041,62.348161935806274
0.2,30,4,0.5,4,0.3,random,100,100,9,-0.58458803100432966,70,21,-0.21525352535253528,29.392390966415405
0.2,30,4,0.5,4,0.3,fixed,100,100,9,-0.48930382670500666,46,25,-0.40000000000000002,32.481244802474976
0.2,30,4,0.5,4,0.4,random,100,100,12,-0.43793783051497037,11,28,-0.36650465046504649,31.84808897972107
0.2,30,4,0.5,4,0.4,fixed,100,100,12,-0.53179219658361288,2,22,-0.071419141914191422,38.134040117263794
0.2,30,4,0.5,4,0.5,random,100,100,15,-0.59259067659801046,1,25,-0.25669366936693672,37.76031708717346
0.2,30,4,0.5,4,0.5,fixed,100,100,15,-0.52004203055750131,4,28,-0.20496849684968496,49.52896809577942
0.2,30,4,0.5,4,0.6,random,100,100,18,-0.53833810256316672,1,30,-0.31855985598559861,48.05242300033569
0.2,30,4,0.5,4,0.6,fixed,100,100,18,-0.55596288244301117,1,29,-0.29705370537053705,50.822197914123535
0.2,30,4,0.5,4,0.7,random,100,100,21,-0.49276600652462232,1,30,-0.29786978697869787,51.54063391685486
0.2,30,4,0.5,4,0.7,fixed,100,100,21,-0.56888707644341463,1,30,-0.17680168016801681,59.09658598899841
0.2,30,4,0.5,4,0.8,random,100,100,24,-0.58283758170343858,1,30,-0.47932793279327934,56.103338956832886
0.2,30,4,0.5,4,0.8,fixed,100,100,24,-0.47938041223909045,1,30,-0.175997599759976,60.48666596412659
0.2,30,4,0.5,4,0.9,random,100,100,27,-0.57385085082244147,1,30,-0.33144914491449151,63.72275185585022
0.2,30,4,0.5,4,0.9,fixed,100,100,27,-0.51532497679798117,1,30,-0.29183318331833186,63.805107831954956
0.2,30,4,0.5,4,1.0,random,100,100,30,-0.44042457053271278,1,30,-0.45176117611761174,66.12682795524597
0.2,30,4,0.5,4,1.0,fixed,100,100,30,-0.30362066714705332,1,30,-0.35349534953495354,68.95315313339233
0.2,35,4,0.5,1,0.3,random,100,100,11,-0.42346588422330389,24,11,-0.31641826659943001,8.068224906921387
0.2,35,4,0.5,1,0.3,fixed,100,100,11,-0.40776417500360718,43,11,-0.20920266817434208,8.052376985549927
0.2,35,4,0.5,1,0.4,random,100,100,14,-0.54708698814583889,61,14,-0.31095759759190883,10.891043186187744
0.2,35,4,0.5,1,0.4,fixed,100,100,14,-0.5622647737045009,32,14,-0.25138334014197328,11.350419044494629
0.2,35,4,0.5,1,0.5,random,100,100,18,-0.29962998978372929,48,18,-0.2604135100921493,14.83536982536316
0.2,35,4,0.5,1,0.5,fixed,100,100,18,-0.45250105368885912,49,18,-0.34622469982441412,15.191072940826416
0.2,35,4,0.5,1,0.6,random,100,100,21,-0.37043306133250031,29,21,-0.12217295033493483,18.432116985321045
0.2,35,4,0.5,1,0.6,fixed,100,100,21,-0.30599278795496815,60,21,-0.14901934899361702,18.27930784225464
0.2,35,4,0.5,1,0.7,random,100,100,25,-0.39443758967291587,50,25,-0.15685568556855686,22.24882197380066
0.2,35,4,0.5,1,0.7,fixed,100,100,25,-0.3618204342262899,30,25,-0.12105119458511288,22.592063188552856
0.2,35,4,0.5,1,0.8,random,100,100,28,-0.26583161718680431,50,28,-0.081938439659653708,25.29088807106018
0.2,35,4,0.5,1,0.8,fixed,100,100,28,-0.54112434220236416,73,28,-0.28949294929492947,25.779743909835815
0.2,35,4,0.5,1,0.9,random,100,100,32,-0.33389135470923464,59,32,-0.082844284428442855,30.355980157852173
0.2,35,4,0.5,1,0.9,fixed,100,100,32,-0.38987054009214334,75,32,-0.078331833183318336,30.364580154418945
0.2,35,4,0.5,1,1.0,random,100,100,35,-0.35671033812178521,39,35,-0.038295944482454047,33.595184087753296
0.2,35,4,0.5,1,1.0,fixed,100,100,35,-0.39342355013826064,68,35,-0.1780858085808581,33.66632294654846
0.2,35,4,0.5,2,0.3,random,100,100,11,-0.51936706953884715,62,21,-0.3743189076140272,20.08824396133423
0.2,35,4,0.5,2,0.3,fixed,100,100,11,-0.55447068835537694,29,16,-0.20745399012668797,18.25670099258423
0.2,35,4,0.5,2,0.4,random,100,100,14,-0.29464100679845656,25,24,-0.2366756675667567,33.10877585411072
0.2,35,4,0.5,2,0.4,fixed,100,100,14,-0.32719620385463294,55,21,-0.32228022802280226,31.043709993362427
0.2,35,4,0.5,2,0.5,random,100,100,18,-0.54022557787179271,7,25,-0.2615901590159016,29.976161003112793
0.2,35,4,0.5,2,0.5,fixed,100,100,18,-0.48227733270053147,25,26,-0.40003120321573155,23.929112911224365
0.2,35,4,0.5,2,0.6,random,100,100,21,-0.37096288001118927,21,24,-0.25322532253225322,41.21358895301819
0.2,35,4,0.5,2,0.6,fixed,100,100,21,-0.4943197538281428,16,31,-0.18065406540654066,36.15520215034485
0.2,35,4,0.5,2,0.7,random,100,100,25,-0.45534195585513099,39,33,-0.40764476447644765,40.04363203048706
0.2,35,4,0.5,2,0.7,fixed,100,100,25,-0.58857272158101492,13,29,-0.33812282665266696,35.28261590003967
0.2,35,4,0.5,2,0.8,random,100,100,28,-0.54565524996593184,5,34,-0.21144914491449146,44.586792945861816
0.2,35,4,0.5,2,0.8,fixed,100,100,28,-0.48332722382992382,7,33,-0.29017701770177018,46.79732704162598
0.2,35,4,0.5,2,0.9,random,100,100,32,-0.43403534420503986,1,35,-0.2138973897389739,52.55704307556152
0.2,35,4,0.5,2,0.9,fixed,100,100,32,-0.45366495122828426,2,35,-0.26091809180918091,43.570382833480835
0.2,35,4,0.5,2,1.0,random,100,100,35,-0.46549759973513205,1,35,-0.094905490549054908,45.13921403884888
0.2,35,4,0.5,2,1.0,fixed,100,100,35,-0.38600166852609352,8,35,-0.32853285328532855,46.62840509414673
0.2,35,4,0.5,3,0.3,random,100,100,11,-0.52967170201803815,17,21,-0.28010285059487189,26.996957063674927
0.2,35,4,0.5,3,0.3,fixed,100,100,11,-0.41240020492401575,28,20,-0.078979897989798986,35.13802886009216
0.2,35,4,0.5,3,0.4,random,100,100,14,-0.42263997001240761,34,30,-0.10762740850723926,44.43495798110962
0.2,35,4,0.5,3,0.4,fixed,100,100,14,-0.49243366317719667,3,26,-0.28824482448244826,29.880747079849243
0.2,35,4,0.5,3,0.5,random,100,100,18,-0.49944767671490992,1,29,-0.25334609464888902,43.56324315071106
0.2,35,4,0.5,3,0.5,fixed,100,100,18,-0.4503913674870485,1,27,-0.32274827482748281,37.20337700843811
0.2,35,4,0.5,3,0.6,random,100,100,21,-0.61598873505615281,1,34,-0.0080768076807680774,40.58459806442261
0.2,35,4,0.5,3,0.6,fixed,100,100,21,-0.52557566565782321,1,33,-0.15213921392139215,51.85279297828674
0.2,35,4,0.5,3,0.7,random,100,100,25,-0.52165442083040903,1,33,-0.24786078607860787,54.41766285896301
0.2,35,4,0.5,3,0.7,fixed,100,100,25,-0.51056899429438063,2,34,-0.42922292229222925,51.48015117645264
0.2,35,4,0.5,3,0.8,random,100,100,28,-0.41039634516357282,1,35,-0.27266726672667269,71.3040120601654
0.2,35,4,0.5,3,0.8,fixed,100,100,28,-0.56248102208256079,1,35,-0.37917791779177917,56.195448875427246
0.2,35,4,0.5,3,0.9,random,100,100,32,-0.49207352182800784,1,35,-0.33702970297029705,62.97402596473694
0.2,35,4,0.5,3,0.9,fixed,100,100,32,-0.46479925596474531,1,35,-0.24632463246324635,63.630269050598145
0.2,35,4,0.5,3,1.0,random,100,100,35,-0.43724809530125408,1,35,-0.21196519651965198,67.51883006095886
0.2,35,4,0.5,3,1.0,fixed,100,100,35,-0.45212014113330246,1,35,-0.40314431443144316,67.82248902320862
0.2,35,4,0.5,4,0.3,random,100,100,11,-0.45297944655608058,9,26,-0.12032403240324033,44.290003061294556
0.2,35,4,0.5,4,0.3,fixed,100,100,11,-0.44724675501164129,8,28,-0.23665166516651667,48.76272988319397
0.2,35,4,0.5,4,0.4,random,100,100,14,-0.54095338557524664,2,29,-0.078955895589558955,48.235573053359985
0.2,35,4,0.5,4,0.4,fixed,100,100,14,-0.51806855957981923,11,31,-0.21545754575457549,56.53357982635498
0.2,35,4,0.5,4,0.5,random,100,100,18,-0.57388285922799087,1,32,-0.1819021902190219,66.5225739479065
0.2,35,4,0.5,4,0.5,fixed,100,100,18,-0.50090601637604881,1,31,-0.26084608460846082,51.0153648853302
0.2,35,4,0.5,4,0.6,random,100,100,21,-0.39561969183543011,1,34,-0.27787578757875786,68.47637915611267
0.2,35,4,0.5,4,0.6,fixed,100,100,21,-0.53456581544337378,1,33,-0.17774977497749775,60.876261949539185
0.2,35,4,0.5,4,0.7,random,100,100,25,-0.50600946882389708,1,35,-0.1623162316231623,72.89611792564392
0.2,35,4,0.5,4,0.7,fixed,100,100,25,-0.53799931717117866,1,35,-0.16608460846084608,74.53017902374268
0.2,35,4,0.5,4,0.8,random,100,100,28,-0.38092281002869943,1,35,-0.29533753375337535,92.46735692024231
0.2,35,4,0.5,4,0.8,fixed,100,100,28,-0.55948443678826376,1,35,-0.3724932493249325,76.49826097488403
0.2,35,4,0.5,4,0.9,random,100,100,32,-0.39865641183106793,1,35,-0.45360936093609366,86.50497603416443
0.2,35,4,0.5,4,0.9,fixed,100,100,32,-0.56266922395422558,1,35,-0.36750075007500749,82.55796504020691
0.2,35,4,0.5,4,1.0,random,100,100,35,-0.52360562626112417,1,35,-0.40555655565556559,87.95387601852417
0.2,35,4,0.5,4,1.0,fixed,100,100,35,-0.44104314942834205,1,35,-0.44608460846084608,90.95187783241272
0.2,40,4,0.5,1,0.3,random,100,100,12,-0.35806782049012009,30,12,-0.33730726652409931,9.624740839004517
0.2,40,4,0.5,1,0.3,fixed,100,100,12,-0.48500233234884843,17,12,-0.19936006164271275,9.793554067611694
0.2,40,4,0.5,1,0.4,random,100,100,16,-0.33055087591407134,66,16,-0.40539770487770288,14.007515907287598
0.2,40,4,0.5,1,0.4,fixed,100,100,16,-0.43792257543041707,40,16,-0.082438964427162809,13.820999145507812
0.2,40,4,0.5,1,0.5,random,100,100,20,-0.31430986527775556,52,20,-0.24363328694568148,18.420055866241455
0.2,40,4,0.5,1,0.5,fixed,100,100,20,-0.47533707307989287,46,20,-0.074594802198745244,18.355302095413208
0.2,40,4,0.5,1,0.6,random,100,100,24,-0.38281067626171461,8,24,-0.11932900686658181,22.146875858306885
0.2,40,4,0.5,1,0.6,fixed,100,100,24,-0.28920586782887914,40,24,-0.14460889471680666,23.048978090286255
0.2,40,4,0.5,1,0.7,random,100,100,28,-0.3108315043044359,76,28,-0.13507350735073509,27.421515941619873
0.2,40,4,0.5,1,0.7,fixed,100,100,28,-0.22448040136123987,32,28,-0.026366636663666367,28.101155996322632
0.2,40,4,0.5,1,0.8,random,100,100,32,-0.49260672929740129,32,32,-0.084915000991633738,31.58459210395813
0.2,40,4,0.5,1,0.8,fixed,100,100,32,-0.55730320625437213,5,32,0.013411421610932188,31.715835094451904
0.2,40,4,0.5,1,0.9,random,100,100,36,-0.28063366428445996,47,36,-0.13381338133813384,35.58540201187134
0.2,40,4,0.5,1,0.9,fixed,100,100,36,-0.38375068805595214,57,36,-0.15026702670267028,36.069957971572876
0.2,40,4,0.5,1,1.0,random,100,100,40,-0.3614484180603566,39,40,-0.049792979297929793,41.21087884902954
0.2,40,4,0.5,1,1.0,fixed,100,100,40,-0.37973464092686288,42,40,-0.11026702670267026,41.79573702812195
0.2,40,4,0.5,2,0.3,random,100,100,12,-0.56151130231600543,22,19,-0.3266496449148964,21.948171138763428
0.2,40,4,0.5,2,0.3,fixed,100,100,12,-0.45960560016468033,24,22,-0.33700084337355368,30.202653884887695
0.2,40,4,0.5,2,0.4,random,100,100,16,-0.49439031973638242,17,25,-0.27983882340006966,37.295023918151855
0.2,40,4,0.5,2,0.4,fixed,100,100,16,-0.55161063312838665,2,21,-0.31731173117311728,26.877000093460083
0.2,40,4,0.5,2,0.5,random,100,100,20,-0.47467605583635147,25,30,-0.23731173117311732,42.80820393562317
0.2,40,4,0.5,2,0.5,fixed,100,100,20,-0.35033927935706571,25,28,-0.21627362736273628,48.68166899681091
0.2,40,4,0.5,2,0.6,random,100,100,24,-0.25181187814645828,14,34,-0.075043504350435039,47.84723114967346
0.2,40,4,0.5,2,0.6,fixed,100,100,24,-0.16720255990924937,26,31,-0.14193819381938194,46.09009099006653
0.2,40,4,0.5,2,0.7,random,100,100,28,-0.40552667898877759,16,34,-0.29077707770777078,62.40694499015808
0.2,40,4,0.5,2,0.7,fixed,100,100,28,-0.58061471337660198,1,34,-0.16036003600360035,40.08451509475708
0.2,40,4,0.5,2,0.8,random,100,100,32,-0.26785645393376523,1,37,-0.20022802280228022,56.5127911567688
0.2,40,4,0.5,2,0.8,fixed,100,100,32,-0.4564880438070642,1,37,-0.28003600360036002,61.4790198802948
0.2,40,4,0.5,2,0.9,random,100,100,36,-0.41583666775365491,1,40,-0.29820582058205825,55.75979995727539
0.2,40,4,0.5,2,0.9,fixed,100,100,36,-0.51096810064190901,3,38,-0.32739273927392737,55.096688985824585
0.2,40,4,0.5,2,1.0,random,100,100,40,-0.42454775508526921,1,40,-0.21833783378337834,56.343273878097534
0.2,40,4,0.5,2,1.0,fixed,100,100,40,-0.4435091464419797,1,40,-0.16774077407740776,71.19402503967285
0.2,40,4,0.5,3,0.3,random,100,100,12,-0.48939263426138357,76,28,-0.23930393039303932,25.736196041107178
0.2,40,4,0.5,3,0.3,fixed,100,100,12,-0.3542725951162376,9,23,-0.085880588058805871,37.65546417236328
0.2,40,4,0.5,3,0.4,random,100,100,16,-0.5787927899672306,1,35,-0.17384938493849386,55.58708906173706
0.2,40,4,0.5,3,0.4,fixed,100,100,16,-0.57076734241104432,7,29,-0.22748274827482751,46.34321689605713
0.2,40,4,0.5,3,0.5,random,100,100,20,-0.48029246798819336,4,32,-0.17450945094509451,66.8839898109436
0.2,40,4,0.5,3,0.5,fixed,100,100,20,-0.55334640415719483,1,38,-0.16406840684068408,55.83705687522888
0.2,40,4,0.5,3,0.6,random,100,100,24,-0.47812691600204732,1,33,-0.31144314431443143,62.46361684799194
0.2,40,4,0.5,3,0.6,fixed,100,100,24,-0.54160601345422887,1,34,-0.23215121512151218,61.86364388465881
0.2,40,4,0.5,3,0.7,random,100,100,28,-0.61495704574489429,1,40,-0.095409540954095401,69.29684591293335
0.2,40,4,0.5,3,0.7,fixed,100,100,28,-0.45425625009839815,1,33,-0.21677767776777682,63.856956005096436
0.2,40,4,0.5,3,0.8,random,100,100,32,-0.4475553389545594,1,37,-0.25962196219621964,67.8315269947052
0.2,40,4,0.5,3,0.8,fixed,100,100,32,-0.50772226999929548,1,40,-0.2917851785178518,74.70947599411011
0.2,40,4,0.5,3,0.9,random,100,100,36,-0.31065763946649622,1,40,-0.20267626762676266,75.99426412582397
0.2,40,4,0.5,3,0.9,fixed,100,100,36,-0.38625589773057656,1,40,-0.24922892289228923,79.10713911056519
0.2,40,4,0.5,3,1.0,random,100,100,40,-0.473696751232424,1,40,-0.35553555355535554,84.54297614097595
0.2,40,4,0.5,3,1.0,fixed,100,100,40,-0.48057717973297454,1,40,-0.23475547554755474,82.4330461025238
0.2,40,4,0.5,4,0.3,random,100,100,12,-0.39337092699623971,1,26,-0.25584158415841585,45.968353033065796
0.2,40,4,0.5,4,0.3,fixed,100,100,12,-0.28037503127819025,8,24,-0.28526852685268528,62.5530481338501
0.2,40,4,0.5,4,0.4,random,100,100,16,-0.56269471596384546,51,40,-0.1590999099909991,56.09123182296753
0.2,40,4,0.5,4,0.4,fixed,100,100,16,-0.43223568075032076,1,35,-0.11752775277527754,64.6683931350708
0.2,40,4,0.5,4,0.5,random,100,100,20,-0.51677094602801643,1,37,-0.18057005700570058,86.30845594406128
0.2,40,4,0.5,4,0.5,fixed,100,100,20,-0.5406185606399655,1,37,-0.21000900090009,79.99562001228333
0.2,40,4,0.5,4,0.6,random,100,100,24,-0.4945045087988752,1,40,-0.15755175517551753,78.17992496490479
0.2,40,4,0.5,4,0.6,fixed,100,100,24,-0.29228097160006733,1,39,-0.22076207620762076,87.17867302894592
0.2,40,4,0.5,4,0.7,random,100,100,28,-0.57465125938946326,1,40,-0.17203720372037204,81.5823380947113
0.2,40,4,0.5,4,0.7,fixed,100,100,28,-0.4243281145225492,1,40,-0.093069306930693069,116.03902912139893
0.2,40,4,0.5,4,0.8,random,100,100,32,-0.50175319524742912,1,40,-0.38151815181518151,125.37262296676636
0.2,40,4,0.5,4,0.8,fixed,100,100,32,-0.60461345305082637,1,40,-0.2294749474947495,101.9118127822876
0.2,40,4,0.5,4,0.9,random,100,100,36,-0.37929757662503238,1,40,-0.4294629462946295,105.65122580528259
0.2,40,4,0.5,4,0.9,fixed,100,100,36,-0.51802161545570402,1,40,-0.25164116411641163,108.2397198677063
0.2,40,4,0.5,4,1.0,random,100,100,40,-0.34932954498837931,1,40,-0.27732373237323737,112.96569418907166
0.2,40,4,0.5,4,1.0,fixed,100,100,40,-0.40176021464391476,1,40,-0.39589558955895587,109.77923893928528
0.2,45,4,0.5,1,0.3,random,100,100,14,-0.39342067831991406,45,14,-0.27737349502677344,12.807950019836426
0.2,45,4,0.5,1,0.3,fixed,100,100,14,-0.56127146235702052,43,14,-0.33707885421712031,12.570299863815308
0.2,45,4,0.5,1,0.4,random,100,100,18,-0.43233602623573869,31,18,-0.27595249708695208,17.17759394645691
0.2,45,4,0.5,1,0.4,fixed,100,100,18,-0.45152954025455672,42,18,-0.14885822555261463,17.48699402809143
0.2,45,4,0.5,1,0.5,random,100,100,23,-0.47288106263808777,43,23,-0.11497356689952205,23.368952989578247
0.2,45,4,0.5,1,0.5,fixed,100,100,23,-0.53160733092279178,38,23,-0.12936732483504024,23.37693500518799
0.2,45,4,0.5,1,0.6,random,100,100,27,-0.45542941036512141,39,27,-0.18003054314675435,28.512478828430176
0.2,45,4,0.5,1,0.6,fixed,100,100,27,-0.29734292720450284,59,27,-0.15139141002918685,28.96279287338257
0.2,45,4,0.5,1,0.7,random,100,100,31,-0.54029359781098218,32,31,-0.04298829882988299,32.391489028930664
0.2,45,4,0.5,1,0.7,fixed,100,100,31,-0.38449065047871234,44,31,-0.035721679333132077,33.7833468914032
0.2,45,4,0.5,1,0.8,random,100,100,36,-0.42201550213208294,40,36,-0.22785478547854784,38.3799569606781
0.2,45,4,0.5,1,0.8,fixed,100,100,36,-0.49164689462308619,22,36,-0.13066345833679674,39.230321168899536
0.2,45,4,0.5,1,0.9,random,100,100,41,-0.26820386998426587,72,41,-0.0084128412841284125,44.23863911628723
0.2,45,4,0.5,1,0.9,fixed,100,100,41,-0.25739541201771998,84,41,-0.11051905190519053,45.34494090080261
0.2,45,4,0.5,1,1.0,random,100,100,45,-0.46543057919767311,30,45,-0.085664566456645677,49.03339099884033
0.2,45,4,0.5,1,1.0,fixed,100,100,45,-0.30468179528145528,40,45,-0.19318989856042118,48.6576030254364
0.2,45,4,0.5,2,0.3,random,100,100,14,-0.64273303264774007,18,25,-0.34455052236157285,25.973015069961548
0.2,45,4,0.5,2,0.3,fixed,100,100,14,-0.42404148381703655,3,20,-0.20546054605460548,31.290753841400146
0.2,45,4,0.5,2,0.4,random,100,100,18,-0.49001741213313427,30,28,-0.31734773477347739,49.15362000465393
0.2,45,4,0.5,2,0.4,fixed,100,100,18,-0.52499181596202615,40,30,-0.34511851185118514,46.51249694824219
0.2,45,4,0.5,2,0.5,random,100,100,23,-0.44028583940880212,6,33,-0.065118511851185126,61.009795904159546
0.2,45,4,0.5,2,0.5,fixed,100,100,23,-0.56500473233481141,25,36,-0.077239723972397242,50.15378403663635
0.2,45,4,0.5,2,0.6,random,100,100,27,-0.52145945704675734,9,36,0.041752175217521753,68.95715093612671
0.2,45,4,0.5,2,0.6,fixed,100,100,27,-0.55966036701902733,6,35,-0.26759075907590762,44.58725690841675
0.2,45,4,0.5,2,0.7,random,100,100,31,-0.39256332986580539,5,37,-0.20854485448544854,62.37945008277893
0.2,45,4,0.5,2,0.7,fixed,100,100,31,-0.55294684030049912,1,39,-0.21682568256825685,47.630277156829834
0.2,45,4,0.5,2,0.8,random,100,100,36,-0.39991250740258077,8,45,-0.046036603660366042,69.41746497154236
0.2,45,4,0.5,2,0.8,fixed,100,100,36,-0.51142245518694229,1,42,-0.14682268226822684,71.9189760684967
0.2,45,4,0.5,2,0.9,random,100,100,41,-0.4837202807303016,1,45,-0.14006600660066007,63.75286889076233
0.2,45,4,0.5,2,0.9,fixed,100,100,41,-0.34638540445763366,1,45,-0.39584758475847581,69.51807188987732
0.2,45,4,0.5,2,1.0,random,100,100,45,-0.54151578849846937,1,45,-0.22060606060606061,73.22524285316467
0.2,45,4,0.5,2,1.0,fixed,100,100,45,-0.44149498170469365,1,45,-0.28010801080108011,81.79292511940002
0.2,45,4,0.5,3,0.3,random,100,100,14,-0.52383483259597374,4,21,-0.28837683768376837,40.12239193916321
0.2,45,4,0.5,3,0.3,fixed,100,100,14,-0.61522208085091901,2,25,-0.26459045904590461,47.22640800476074
0.2,45,4,0.5,3,0.4,random,100,100,18,-0.66858236793136139,1,32,-0.12146414641464148,44.62630796432495
0.2,45,4,0.5,3,0.4,fixed,100,100,18,-0.38961736404974223,1,32,-0.23823582358235823,48.57429003715515
0.2,45,4,0.5,3,0.5,random,100,100,23,-0.54822446278326931,2,41,-0.34893489348934897,62.59376311302185
0.2,45,4,0.5,3,0.5,fixed,100,100,23,-0.50997270303885567,3,39,-0.11745574557455746,69.95889186859131
0.2,45,4,0.5,3,0.6,random,100,100,27,-0.43272595659758095,1,45,-0.15575157515751575,77.69695901870728
0.2,45,4,0.5,3,0.6,fixed,100,100,27,-0.41856972549127386,1,43,0.085040504050405044,69.64460587501526
0.2,45,4,0.5,3,0.7,random,100,100,31,-0.4441790068813396,1,45,-0.28356435643564354,80.3458788394928
0.2,45,4,0.5,3,0.7,fixed,100,100,31,-0.54382522111323794,1,39,-0.34257425742574255,77.70339107513428
0.2,45,4,0.5,3,0.8,random,100,100,36,-0.62620577998157534,1,45,-0.28498049804980496,98.57233214378357
0.2,45,4,0.5,3,0.8,fixed,100,100,36,-0.45865119688177669,1,44,-0.17712571257125714,94.06594395637512
0.2,45,4,0.5,3,0.9,random,100,100,41,-0.3347184879759208,1,45,-0.13750975097509752,100.0571038722992
0.2,45,4,0.5,3,0.9,fixed,100,100,41,-0.63035373142532902,1,45,-0.34071407140714077,100.25202417373657
0.2,45,4,0.5,3,1.0,random,100,100,45,-0.29355791989689189,1,45,-0.30029402940294031,107.75730800628662
0.2,45,4,0.5,3,1.0,fixed,100,100,45,-0.41132583008269152,1,45,-0.33436543654365442,105.63428711891174
0.2,45,4,0.5,4,0.3,random,100,100,14,-0.54324936046786365,1,32,-0.31012301230123013,76.02140808105469
0.2,45,4,0.5,4,0.3,fixed,100,100,14,-0.5845484874041873,3,29,-0.2765916591659166,71.61772894859314
0.2,45,4,0.5,4,0.4,random,100,100,18,-0.58526258686633215,1,33,-0.20684068406840686,71.24322199821472
0.2,45,4,0.5,4,0.4,fixed,100,100,18,-0.49951221534024698,1,31,-0.38786678667866786,67.76948499679565
0.2,45,4,0.5,4,0.5,random,100,100,23,-0.40695280266178496,1,43,-0.017521752175217523,79.96883296966553
0.2,45,4,0.5,4,0.5,fixed,100,100,23,-0.46952980415715417,1,42,-0.31996399639964002,93.20868587493896
0.2,45,4,0.5,4,0.6,random,100,100,27,-0.54723923523505791,1,42,-0.1741014101410141,97.07663702964783
0.2,45,4,0.5,4,0.6,fixed,100,100,27,-0.52956869031361986,1,41,-0.35711971197119713,90.51099801063538
0.2,45,4,0.5,4,0.7,random,100,100,31,-0.45776317315112247,1,45,-0.26073807380738079,108.4951479434967
0.2,45,4,0.5,4,0.7,fixed,100,100,31,-0.53515229582074419,1,45,-0.2103810381038104,117.432119846344
0.2,45,4,0.5,4,0.8,random,100,100,36,-0.38358530749206476,1,45,-0.31330333033303331,114.60822892189026
0.2,45,4,0.5,4,0.8,fixed,100,100,36,-0.44155551569142393,1,45,-0.32610861086108611,129.21252608299255
0.2,45,4,0.5,4,0.9,random,100,100,41,-0.51308376905015884,1,45,-0.48388838883888391,142.11360096931458
0.2,45,4,0.5,4,0.9,fixed,100,100,41,-0.30526775072608059,1,44,-0.41304530453045307,187.332937002182
0.2,45,4,0.5,4,1.0,random,100,100,45,-0.39787866185408727,1,45,-0.43901590159015907,144.02131390571594
0.2,45,4,0.5,4,1.0,fixed,100,100,45,-0.22937122808026303,1,45,-0.24514851485148517,140.79357385635376
0.2,50,4,0.5,1,0.3,random,100,100,15,-0.5236334681906023,48,15,-0.2099022144775787,14.682086944580078
0.2,50,4,0.5,1,0.3,fixed,100,100,15,-0.45730401370238649,69,15,-0.26969461748515428,14.53936219215393
0.2,50,4,0.5,1,0.4,random,100,100,20,-0.60147332473221127,48,20,-0.33210119535779403,20.453951120376587
0.2,50,4,0.5,1,0.4,fixed,100,100,20,-0.42835885442444355,31,20,-0.16015889877600437,21.03404712677002
0.2,50,4,0.5,1,0.5,random,100,100,25,-0.37890729448670629,61,25,-0.21477134305327736,26.810450077056885
0.2,50,4,0.5,1,0.5,fixed,100,100,25,-0.45650514870278214,73,25,-0.19224237769549646,27.36132001876831
0.2,50,4,0.5,1,0.6,random,100,100,30,-0.48877386559145664,47,30,-0.086025118664127001,33.63802409172058
0.2,50,4,0.5,1,0.6,fixed,100,100,30,-0.41624241245783483,42,30,-0.17684968496849685,33.39393901824951
0.2,50,4,0.5,1,0.7,random,100,100,35,-0.32304910768887923,65,35,-0.023750375037503751,39.86936402320862
0.2,50,4,0.5,1,0.7,fixed,100,100,35,-0.31122520288985445,38,35,-0.1338737890008696,40.30631113052368
0.2,50,4,0.5,1,0.8,random,100,100,40,-0.46974100422129345,21,40,-0.013369377045895896,45.70245909690857
0.2,50,4,0.5,1,0.8,fixed,100,100,40,-0.39294829634036754,41,40,-0.088088808880888103,45.29914212226868
0.2,50,4,0.5,1,0.9,random,100,100,45,-0.48067316281286471,61,45,-0.23471947194719472,53.78427696228027
0.2,50,4,0.5,1,0.9,fixed,100,100,45,-0.37059784583042099,42,45,-0.13989798979897991,51.60462284088135
0.2,50,4,0.5,1,1.0,random,100,100,50,-0.23524296660390714,48,50,-0.0055085508550855094,60.20732808113098
0.2,50,4,0.5,1,1.0,fixed,100,100,50,-0.38269288625763609,67,50,-0.14460246024602461,58.84352493286133
0.2,50,4,0.5,2,0.3,random,100,100,15,-0.47240470248567967,3,26,-0.33848286373648823,37.47320890426636
0.2,50,4,0.5,2,0.3,fixed,100,100,15,-0.60235295126938926,2,22,-0.16748874887488749,30.509999990463257
0.2,50,4,0.5,2,0.4,random,100,100,20,-0.50064545146451245,5,32,-0.16096009600960098,39.33312392234802
0.2,50,4,0.5,2,0.4,fixed,100,100,20,-0.36703858109549026,10,29,-0.24450045004500451,39.09230899810791
0.2,50,4,0.5,2,0.5,random,100,100,25,-0.36327887946061815,17,35,-0.088904890489048899,62.33353114128113
0.2,50,4,0.5,2,0.5,fixed,100,100,25,-0.5254931551841433,17,37,-0.10281428142814282,53.19757008552551
0.2,50,4,0.5,2,0.6,random,100,100,30,-0.3973735986615391,3,40,-0.047416741674167415,53.40387296676636
0.2,50,4,0.5,2,0.6,fixed,100,100,30,-0.45415989239049781,10,46,-0.30197419741974202,74.9991888999939
0.2,50,4,0.5,2,0.7,random,100,100,35,-0.46127528380312105,14,47,-0.06443444344434443,60.798754930496216
0.2,50,4,0.5,2,0.7,fixed,100,100,35,-0.59698022440194587,2,48,-0.2540894089408941,64.90247702598572
0.2,50,4,0.5,2,0.8,random,100,100,40,-0.48961062021658874,1,45,-0.20044404440444044,83.14392685890198
0.2,50,4,0.5,2,0.8,fixed,100,100,40,-0.51847771253505448,3,50,-0.32429642964296435,69.65311789512634
0.2,50,4,0.5,2,0.9,random,100,100,45,-0.44107694529069674,1,50,-0.020954095409540956,79.18686509132385
0.2,50,4,0.5,2,0.9,fixed,100,100,45,-0.39540692144664191,1,50,-0.065382538253825381,86.3042471408844
0.2,50,4,0.5,2,1.0,random,100,100,50,-0.41399807301722591,1,50,-0.08116411641164116,86.84433603286743
0.2,50,4,0.5,2,1.0,fixed,100,100,50,-0.33121104089058612,1,50,-0.20973297329732973,84.05151510238647
0.2,50,4,0.5,3,0.3,random,100,100,15,-0.5414584894447001,2,32,-0.23992799279927993,39.77434301376343
0.2,50,4,0.5,3,0.3,fixed,100,100,15,-0.33577594015065415,1,28,-0.17971797179717974,57.0600368976593
0.2,50,4,0.5,3,0.4,random,100,100,20,-0.487101360010671,9,41,-0.22094209420942096,81.55518889427185
0.2,50,4,0.5,3,0.4,fixed,100,100,20,-0.33869910879585657,2,34,0.008580858085808581,56.98838782310486
0.2,50,4,0.5,3,0.5,random,100,100,25,-0.41304984788432769,1,40,-0.24342034203420343,88.94204902648926
0.2,50,4,0.5,3,0.5,fixed,100,100,25,-0.43685308687210828,1,45,-0.34147014701470152,97.7199981212616
0.2,50,4,0.5,3,0.6,random,100,100,30,-0.55175570337270941,2,45,-0.17935793579357937,82.2381329536438
0.2,50,4,0.5,3,0.6,fixed,100,100,30,-0.32529799263013115,1,48,-0.076183618361836195,124.47237586975098
0.2,50,4,0.5,3,0.7,random,100,100,35,-0.42514901578147163,1,49,0.15954395439543956,100.7641019821167
0.2,50,4,0.5,3,0.7,fixed,100,100,35,-0.49633495205177974,1,46,-0.31585958595859592,95.07197618484497
0.2,50,4,0.5,3,0.8,random,100,100,40,-0.25301898309542925,1,48,-0.32847284728472853,147.8764889240265
0.2,50,4,0.5,3,0.8,fixed,100,100,40,-0.46148033335917504,1,49,-0.23596759675967596,110.24067997932434
0.2,50,4,0.5,3,0.9,random,100,100,45,-0.29118132266976371,1,50,-0.12541254125412543,113.25416493415833
0.2,50,4,0.5,3,0.9,fixed,100,100,45,-0.30405539800218068,1,50,-0.24350435043504351,117.07040095329285
0.2,50,4,0.5,3,1.0,random,100,100,50,-0.30497275006933272,1,50,-0.36598859885988599,131.69546103477478
0.2,50,4,0.5,3,1.0,fixed,100,100,50,-0.35234256855988633,1,50,-0.24142814281428143,122.81369400024414
0.2,50,4,0.5,4,0.3,random,100,100,15,-0.53334192838355476,3,35,-0.34132613261326133,75.72705793380737
0.2,50,4,0.5,4,0.3,fixed,100,100,15,-0.35482871744871386,1,32,-0.13538553855385538,80.68147301673889
0.2,50,4,0.5,4,0.4,random,100,100,20,-0.33952566330887596,1,40,-0.14693113390745374,78.12340092658997
0.2,50,4,0.5,4,0.4,fixed,100,100,20,-0.62902406708428904,1,39,-0.32253225322532258,78.512855052948
0.2,50,4,0.5,4,0.5,random,100,100,25,-0.56119851707811241,1,44,-0.27891989198919892,110.6254391670227
0.2,50,4,0.5,4,0.5,fixed,100,100,25,-0.40365784490341372,2,47,-0.16901290129012903,106.00467896461487
0.2,50,4,0.5,4,0.6,random,100,100,30,-0.44734679575695768,1,50,-0.07295529552955296,113.35126399993896
0.2,50,4,0.5,4,0.6,fixed,100,100,30,-0.62840358745609626,1,50,-0.15002700270027003,115.44468307495117
0.2,50,4,0.5,4,0.7,random,100,100,35,-0.41164186696692839,1,49,-0.31307530753075313,128.60362315177917
0.2,50,4,0.5,4,0.7,fixed,100,100,35,-0.36898440091722956,1,47,-0.16525652565256527,163.8740530014038
0.2,50,4,0.5,4,0.8,random,100,100,40,-0.35165805845736714,1,50,-0.2803000300030003,151.56253790855408
0.2,50,4,0.5,4,0.8,fixed,100,100,40,-0.45167335431021149,1,50,-0.2528172817281728,145.61041498184204
0.2,50,4,0.5,4,0.9,random,100,100,45,-0.53978898122415675,1,50,-0.27842784278427846,163.00217509269714
0.2,50,4,0.5,4,0.9,fixed,100,100,45,-0.43132537663540055,1,50,-0.30107410741074109,158.20466995239258
0.2,50,4,0.5,4,1.0,random,100,100,50,-0.51007572946971402,1,50,-0.38959495949594963,174.07347893714905
0.2,50,4,0.5,4,1.0,fixed,100,100,50,-0.47509796345520494,1,50,-0.41297329732973304,178.93887186050415
0.2,55,4,0.5,1,0.3,random,100,100,17,-0.4151048201890884,50,17,-0.24433522974959673,18.339532136917114
0.2,55,4,0.5,1,0.3,fixed,100,100,17,-0.39016270806159092,37,17,0.006078735528339453,18.444731950759888
0.2,55,4,0.5,1,0.4,random,100,100,22,-0.35257228219619546,52,22,-0.12578272917147762,25.200100898742676
0.2,55,4,0.5,1,0.4,fixed,100,100,22,-0.37959864982081593,11,22,-0.15548894830166285,25.142903089523315
0.2,55,4,0.5,1,0.5,random,100,100,28,-0.45368933094856712,45,28,-0.2274114233776314,32.870934009552
0.2,55,4,0.5,1,0.5,fixed,100,100,28,-0.38157736684638655,33,28,-0.081128599633021561,32.00040912628174
0.2,55,4,0.5,1,0.6,random,100,100,33,-0.4010858554873491,58,33,-0.11720372037203722,39.00642704963684
0.2,55,4,0.5,1,0.6,fixed,100,100,33,-0.41834296587763764,24,33,-0.051701325236732071,39.173420906066895
0.2,55,4,0.5,1,0.7,random,100,100,39,-0.42524891353644373,10,39,0.0030003000300030001,47.51586103439331
0.2,55,4,0.5,1,0.7,fixed,100,100,39,-0.41374521656193908,40,39,0.11056705670567057,47.98263096809387
0.2,55,4,0.5,1,0.8,random,100,100,44,-0.39405608113439428,39,44,-0.081230366728138576,54.96984100341797
0.2,55,4,0.5,1,0.8,fixed,100,100,44,-0.41441227015226906,26,44,-0.11998799879987999,55.71866703033447
0.2,55,4,0.5,1,0.9,random,100,100,50,-0.28130884038142068,83,50,-0.18702670267026705,64.00977683067322
0.2,55,4,0.5,1,0.9,fixed,100,100,50,-0.35691476150293766,73,50,-0.2378877887788779,63.9108989238739
0.2,55,4,0.5,1,1.0,random,100,100,55,-0.1410966753825936,50,55,-0.049768976897689769,69.05586504936218
0.2,55,4,0.5,1,1.0,fixed,100,100,55,-0.46504599189210832,29,55,-0.091413141314131419,68.28603887557983
0.2,55,4,0.5,2,0.3,random,100,100,17,-0.40536849280524462,56,32,-0.12448844884488448,43.66065502166748
0.2,55,4,0.5,2,0.3,fixed,100,100,17,-0.45657055600194157,16,24,-0.15672367236723672,39.31522011756897
0.2,55,4,0.5,2,0.4,random,100,100,22,-0.40154244260562516,60,39,-0.33177317731773182,57.79758405685425
0.2,55,4,0.5,2,0.4,fixed,100,100,22,-0.60323895743350431,4,29,-0.3310180948652609,41.73924803733826
0.2,55,4,0.5,2,0.5,random,100,100,28,-0.49638764593406343,10,44,-0.11073507350735075,78.09097599983215
0.2,55,4,0.5,2,0.5,fixed,100,100,28,-0.34140068661696349,13,39,-0.13074107410741076,76.33490085601807
0.2,55,4,0.5,2,0.6,random,100,100,33,-0.50263723500208224,1,43,-0.20760876087608762,85.87082290649414
0.2,55,4,0.5,2,0.6,fixed,100,100,33,-0.60782200616164239,8,49,-0.12130813081308131,81.46474099159241
0.2,55,4,0.5,2,0.7,random,100,100,39,-0.38009423113077451,1,52,-0.024674467446744675,81.38064312934875
0.2,55,4,0.5,2,0.7,fixed,100,100,39,-0.31582842412962869,1,46,-0.13432943294329433,76.17560696601868
0.2,55,4,0.5,2,0.8,random,100,100,44,-0.41231195092923245,1,55,0.0086528652865286541,84.5110969543457
0.2,55,4,0.5,2,0.8,fixed,100,100,44,-0.50177407471956226,1,54,-0.0042004200420042012,87.52027893066406
0.2,55,4,0.5,2,0.9,random,100,100,50,-0.53202026182266737,1,55,-0.26552655265526554,89.84876012802124
0.2,55,4,0.5,2,0.9,fixed,100,100,50,-0.48693917710630319,1,55,0.040648064806480651,92.47519898414612
0.2,55,4,0.5,2,1.0,random,100,100,55,-0.47671144127664422,1,55,-0.24050405040504053,109.74172186851501
0.2,55,4,0.5,2,1.0,fixed,100,100,55,-0.51165238935981727,1,55,-0.29519351935193522,108.40679097175598
0.2,55,4,0.5,3,0.3,random,100,100,17,-0.48151588664861039,1,36,-0.27377137713771382,68.06991815567017
0.2,55,4,0.5,3,0.3,fixed,100,100,17,-0.41204482839016587,5,35,-0.30291029102910294,86.38212704658508
0.2,55,4,0.5,3,0.4,random,100,100,22,-0.47584946788693666,2,43,0.053633363336333631,84.2459499835968
0.2,55,4,0.5,3,0.4,fixed,100,100,22,-0.52918831409432898,2,38,-0.24494449444944497,78.1837170124054
0.2,55,4,0.5,3,0.5,random,100,100,28,-0.3565208394354763,1,43,-0.11029102910291029,116.67825508117676
0.2,55,4,0.5,3,0.5,fixed,100,100,28,-0.35364124326217328,1,43,-0.27707170717071711,91.86991214752197
0.2,55,4,0.5,3,0.6,random,100,100,33,-0.41538955168665531,1,53,-0.091689168916891703,146.95996809005737
0.2,55,4,0.5,3,0.6,fixed,100,100,33,-0.42582290948641588,2,54,-0.11259525952595259,107.28387403488159
0.2,55,4,0.5,3,0.7,random,100,100,39,-0.50424711945532774,1,55,-0.24018001800180019,122.89401698112488
0.2,55,4,0.5,3,0.7,fixed,100,100,39,-0.51008761175132256,1,54,-0.13813381338133812,119.3551230430603
0.2,55,4,0.5,3,0.8,random,100,100,44,-0.50967001869341477,1,54,-0.063486348634863493,124.87976884841919
0.2,55,4,0.5,3,0.8,fixed,100,100,44,-0.42649373618616832,1,55,-0.068298829882988299,126.52113604545593
0.2,55,4,0.5,3,0.9,random,100,100,50,-0.52723073793737718,1,55,-0.19414341434143417,143.9568588733673
0.2,55,4,0.5,3,0.9,fixed,100,100,50,-0.25909297527156433,1,55,-0.20384038403840382,150.4492290019989
0.2,55,4,0.5,3,1.0,random,100,100,55,-0.36707560665424177,1,55,-0.27308730873087311,165.15842390060425
0.2,55,4,0.5,3,1.0,fixed,100,100,55,-0.46831810600447998,1,55,-0.48124812481248125,157.60371088981628
0.2,55,4,0.5,4,0.3,random,100,100,17,-0.38358343537415668,3,45,-0.11543954395439546,88.24782586097717
0.2,55,4,0.5,4,0.3,fixed,100,100,17,-0.39753631581983007,1,41,-0.20566456645664569,93.19382691383362
0.2,55,4,0.5,4,0.4,random,100,100,22,-0.5125353676157226,1,47,-0.1401860186018602,102.88401412963867
0.2,55,4,0.5,4,0.4,fixed,100,100,22,-0.52146537916504521,1,44,-0.24236423642364238,93.46391201019287
0.2,55,4,0.5,4,0.5,random,100,100,28,-0.5008931551915955,1,49,-0.1503030303030303,112.11870408058167
0.2,55,4,0.5,4,0.5,fixed,100,100,28,-0.60471739599597452,1,51,-0.15275127512751274,128.4144721031189
0.2,55,4,0.5,4,0.6,random,100,100,33,-0.4672909005117199,1,55,-0.27727572757275731,143.6033000946045
0.2,55,4,0.5,4,0.6,fixed,100,100,33,-0.50764392002817249,1,54,-0.18504650465046504,155.88078212738037
0.2,55,4,0.5,4,0.7,random,100,100,39,-0.4638051578969431,1,55,-0.16561656165616565,172.52791213989258
0.2,55,4,0.5,4,0.7,fixed,100,100,39,-0.41115388312060092,1,55,-0.39797179717971798,157.28406405448914
0.2,55,4,0.5,4,0.8,random,100,100,44,-0.44248477123961516,1,55,-0.35950795079507952,180.00836896896362
0.2,55,4,0.5,4,0.8,fixed,100,100,44,-0.54335080603051167,1,55,-0.42385838583858393,178.67065596580505
0.2,55,4,0.5,4,0.9,random,100,100,50,-0.57246367855585989,1,55,-0.22105010501050107,188.19993996620178
0.2,55,4,0.5,4,0.9,fixed,100,100,50,-0.38243830213180968,1,55,-0.33444944494449447,195.82361817359924
0.2,55,4,0.5,4,1.0,random,100,100,55,-0.36774766960830296,1,55,-0.19905190519051905,214.41981291770935
0.2,55,4,0.5,4,1.0,fixed,100,100,55,-0.35608053679489027,1,55,-0.33906990699069911,219.3374960422516
0.2,60,4,0.5,1,0.3,random,100,100,18,-0.41421483879809801,34,18,-0.38667130721425147,21.108891010284424
0.2,60,4,0.5,1,0.3,fixed,100,100,18,-0.35225932768501894,23,18,-0.12474309394187616,21.124701976776123
0.2,60,4,0.5,1,0.4,random,100,100,24,-0.42174611531798922,35,24,-0.14865931190979575,29.713212966918945
0.2,60,4,0.5,1,0.4,fixed,100,100,24,-0.4883635505037438,39,24,-0.0194180583145309,29.282800912857056
0.2,60,4,0.5,1,0.5,random,100,100,30,-0.4941709528756037,18,30,-0.24372329702681705,37.954428911209106
0.2,60,4,0.5,1,0.5,fixed,100,100,30,-0.28264915957560716,29,30,-0.1061689354008241,37.94070482254028
0.2,60,4,0.5,1,0.6,random,100,100,36,-0.35737390988041084,68,36,-0.24816156064186298,46.1850790977478
0.2,60,4,0.5,1,0.6,fixed,100,100,36,-0.32993616387935615,28,36,-0.069678967896789679,45.41313600540161
0.2,60,4,0.5,1,0.7,random,100,100,42,-0.37952188726633129,27,42,-0.057137713771377142,54.61798310279846
0.2,60,4,0.5,1,0.7,fixed,100,100,42,-0.27940358463281773,16,42,0.14537697382895864,55.37055802345276
0.2,60,4,0.5,1,0.8,random,100,100,48,-0.23685948645046964,39,48,-0.18406240624062406,62.818448066711426
0.2,60,4,0.5,1,0.8,fixed,100,100,48,-0.40279296512144364,56,48,-0.031731173117311731,62.84849286079407
0.2,60,4,0.5,1,0.9,random,100,100,54,-0.3200593932814515,51,54,-0.0053165316531653172,73.5902419090271
0.2,60,4,0.5,1,0.9,fixed,100,100,54,-0.27328852657809233,32,54,-0.13213321332133215,71.2373628616333
0.2,60,4,0.5,1,1.0,random,100,100,60,-0.25210187184494581,65,60,-0.12577895523295507,81.0227530002594
0.2,60,4,0.5,1,1.0,fixed,100,100,60,-0.16467851750239504,48,60,-0.072439243924392438,78.61400508880615
0.2,60,4,0.5,2,0.3,random,100,100,18,-0.38321452055930177,35,34,-0.1680353076374429,50.38197898864746
0.2,60,4,0.5,2,0.3,fixed,100,100,18,-0.41154591927140771,29,34,-0.0069547163358138894,61.72562098503113
0.2,60,4,0.5,2,0.4,random,100,100,24,-0.36911268329347424,18,34,-0.29909390939093911,62.030526876449585
0.2,60,4,0.5,2,0.4,fixed,100,100,24,-0.49153682169381668,18,44,-0.096129612961296129,62.11529517173767
0.2,60,4,0.5,2,0.5,random,100,100,30,-0.38769896085944239,12,43,-0.11287128712871287,81.63747000694275
0.2,60,4,0.5,2,0.5,fixed,100,100,30,-0.42667644592571852,9,42,-0.13986198619861986,81.55322599411011
0.2,60,4,0.5,2,0.6,random,100,100,36,-0.52686224633777834,9,48,-0.060042004200420045,100.34190702438354
0.2,60,4,0.5,2,0.6,fixed,100,100,36,-0.36119244022225971,3,49,-0.10318631863186319,78.1838448047638
0.2,60,4,0.5,2,0.7,random,100,100,42,-0.45328441361549587,1,55,-0.12459645964596459,120.31130695343018
0.2,60,4,0.5,2,0.7,fixed,100,100,42,-0.37524669829097312,11,56,-0.19513951395139514,124.6792950630188
0.2,60,4,0.5,2,0.8,random,100,100,48,-0.25905728108505077,2,56,-0.16520852085208521,104.4658830165863
0.2,60,4,0.5,2,0.8,fixed,100,100,48,-0.66680084247751525,1,57,-0.1224842484248425,101.64826202392578
0.2,60,4,0.5,2,0.9,random,100,100,54,-0.38838982532275168,1,59,-0.14991899189918992,116.69540810585022
0.2,60,4,0.5,2,0.9,fixed,100,100,54,-0.46768394429954702,1,59,-0.10585058505850586,135.85679292678833
0.2,60,4,0.5,2,1.0,random,100,100,60,-0.40067952870168017,1,60,-0.41405340534053403,128.25211095809937
0.2,60,4,0.5,2,1.0,fixed,100,100,60,-0.35567909617206278,1,60,-0.38161416141614163,128.44020700454712
0.2,60,4,0.5,3,0.3,random,100,100,18,-0.5321246487863931,12,44,-0.28735673567356734,109.13275814056396
0.2,60,4,0.5,3,0.3,fixed,100,100,18,-0.66998992242283562,2,38,-0.29869786978697871,66.76957583427429
0.2,60,4,0.5,3,0.4,random,100,100,24,-0.47269204731124759,1,43,-0.036579657965796583,110.08255219459534
0.2,60,4,0.5,3,0.4,fixed,100,100,24,-0.447371984477832,8,50,-0.28247224722472247,108.22228717803955
0.2,60,4,0.5,3,0.5,random,100,100,30,-0.3538528808035048,3,51,-0.09134113411341134,136.2920699119568
0.2,60,4,0.5,3,0.5,fixed,100,100,30,-0.48107506286492308,1,54,-0.055433543354335431,117.97101616859436
0.2,60,4,0.5,3,0.6,random,100,100,36,-0.55126274512544726,1,57,-0.21312931293129314,146.70583701133728
0.2,60,4,0.5,3,0.6,fixed,100,100,36,-0.37014294448562435,1,52,-0.24043204320432046,117.85537004470825
0.2,60,4,0.5,3,0.7,random,100,100,42,-0.6064111876221161,1,60,-0.17230123012301232,136.03089690208435
0.2,60,4,0.5,3,0.7,fixed,100,100,42,-0.43239780302716252,1,57,-0.16615661566156617,152.6344439983368
0.2,60,4,0.5,3,0.8,random,100,100,48,-0.56137847742284464,1,58,-0.23561956195619563,158.61830615997314
0.2,60,4,0.5,3,0.8,fixed,100,100,48,-0.52831686317273474,1,59,-0.31884788478847886,161.69628310203552
0.2,60,4,0.5,3,0.9,random,100,100,54,-0.48634407348116365,1,60,-0.037659765976597662,196.67737889289856
0.2,60,4,0.5,3,0.9,fixed,100,100,54,-0.49630965617429984,1,60,-0.2698109810981098,165.8660328388214
0.2,60,4,0.5,3,1.0,random,100,100,60,-0.50171376424869407,1,60,-0.38609060906090609,178.1915009021759
0.2,60,4,0.5,3,1.0,fixed,100,100,60,-0.48336136630648857,1,60,-0.21296129612961298,181.28880190849304
0.2,60,4,0.5,4,0.3,random,100,100,18,-0.32496519006061614,1,44,-0.10893489348934894,128.16462206840515
0.2,60,4,0.5,4,0.3,fixed,100,100,18,-0.40993548349675485,2,47,-0.21612961296129612,120.70749306678772
0.2,60,4,0.5,4,0.4,random,100,100,24,-0.4536332442494479,1,52,-0.049696969696969705,138.15095615386963
0.2,60,4,0.5,4,0.4,fixed,100,100,24,-0.40358596710050926,1,55,-0.014941494149414942,157.29023504257202
0.2,60,4,0.5,4,0.5,random,100,100,30,-0.41444926026994866,1,51,-0.17849384938493851,173.32694602012634
0.2,60,4,0.5,4,0.5,fixed,100,100,30,-0.36674399781026767,1,57,-0.12441644164416443,176.74293303489685
0.2,60,4,0.5,4,0.6,random,100,100,36,-0.43653511381083066,1,55,-0.27206720672067208,164.3194079399109
0.2,60,4,0.5,4,0.6,fixed,100,100,36,-0.47751328026356266,1,56,-0.26583858385838582,157.6226668357849
0.2,60,4,0.5,4,0.7,random,100,100,42,-0.47161263381039048,1,60,-0.38439843984398442,200.6871337890625
0.2,60,4,0.5,4,0.7,fixed,100,100,42,-0.51227553047086272,1,60,-0.04405640564056406,195.28606986999512
0.2,60,4,0.5,4,0.8,random,100,100,48,-0.32190541922482774,1,60,-0.14376237623762378,218.5942940711975
0.2,60,4,0.5,4,0.8,fixed,100,100,48,-0.56127864684091044,1,60,-0.13230123012301231,217.78813195228577
0.2,60,4,0.5,4,0.9,random,100,100,54,-0.3821259996241575,1,60,-0.23105910591059109,234.41484594345093
0.2,60,4,0.5,4,0.9,fixed,100,100,54,-0.13688845869366181,1,60,-0.12964896489648967,238.7272880077362
0.2,60,4,0.5,4,1.0,random,100,100,60,-0.38798921315176227,1,60,-0.25220522052205224,247.37309908866882
0.2,60,4,0.5,4,1.0,fixed,100,100,60,-0.39757150203316394,1,60,-0.3186798679867987,244.26485109329224
